/**
 * @file anim_frames.h
 * @brief Image data converted for STM32
 * @note Resolution: 128x128, Frames: 21
 * @note Mode: Raw Bitmap, Format: MSB
 */

#ifndef IMAGE_DATA_H
#define IMAGE_DATA_H

#include <stdint.h>

#define ANIM_WIDTH       128
#define ANIM_HEIGHT      128
#define ANIM_NUM_FRAMES  21

/** Raw bitmap data arranged by [frame][byte] */
const uint8_t anim_frames[ANIM_NUM_FRAMES][2048] __attribute__((aligned(4))) = {
    { /* Frame 0 */
        0x00, 0x00, 0x00, 0x00, 0x03, 0xff, 0xfe, 0x00, 0x07, 0xff, 0xff, 0xff, 0xff, 0xef, 0xff, 0xf1,  // Line 0
        0x00, 0x00, 0x00, 0x00, 0x03, 0xff, 0xfe, 0x00, 0x0f, 0xff, 0xff, 0xff, 0xff, 0xdf, 0xff, 0xc1,  // Line 1
        0x01, 0xf8, 0x00, 0x00, 0x03, 0xff, 0xfe, 0x00, 0x1f, 0xff, 0xff, 0xff, 0xff, 0x3f, 0xff, 0x83,  // Line 2
        0x07, 0xff, 0x81, 0x00, 0x01, 0xff, 0xfe, 0x00, 0x3f, 0xff, 0xff, 0xff, 0xfe, 0x7f, 0xfe, 0x03,  // Line 3
        0x1f, 0xff, 0xf0, 0x00, 0x01, 0xff, 0xfe, 0x00, 0x7f, 0xff, 0xff, 0xff, 0xf8, 0xff, 0xfc, 0x03,  // Line 4
        0x3f, 0xff, 0xf8, 0x20, 0x01, 0xff, 0xfe, 0x00, 0xff, 0xff, 0xff, 0xff, 0xe1, 0xff, 0xf0, 0x03,  // Line 5
        0x7f, 0xff, 0xfe, 0x00, 0x01, 0xff, 0xfe, 0x01, 0xff, 0xff, 0xff, 0xff, 0x83, 0xff, 0xe0, 0x03,  // Line 6
        0x7f, 0xff, 0xff, 0x00, 0x01, 0xff, 0xfe, 0x03, 0xff, 0xff, 0xff, 0xfe, 0x07, 0xff, 0x80, 0x03,  // Line 7
        0xff, 0xff, 0xff, 0xc8, 0x01, 0xff, 0xfc, 0x03, 0xff, 0xff, 0xff, 0xf8, 0x0f, 0xff, 0x00, 0x03,  // Line 8
        0xff, 0xff, 0xff, 0xe0, 0x01, 0xff, 0xfc, 0x07, 0xff, 0xff, 0xff, 0xf0, 0x1f, 0xfe, 0x40, 0x07,  // Line 9
        0xff, 0xff, 0xff, 0xf4, 0x00, 0xff, 0xfc, 0x0f, 0xff, 0xff, 0xff, 0xc0, 0x3f, 0xf8, 0x00, 0x07,  // Line 10
        0xff, 0xfc, 0x07, 0xf8, 0x00, 0xff, 0xfc, 0x1f, 0xff, 0xff, 0xff, 0x00, 0x3f, 0xf0, 0x00, 0x07,  // Line 11
        0xff, 0xe0, 0x01, 0xfa, 0x00, 0xff, 0xfc, 0x3f, 0xff, 0xff, 0xfc, 0x02, 0x7f, 0xe0, 0x00, 0x07,  // Line 12
        0xff, 0xc0, 0x00, 0x7e, 0x00, 0xff, 0xfc, 0x7f, 0xff, 0xff, 0xf8, 0x04, 0xff, 0x80, 0x00, 0x07,  // Line 13
        0xff, 0x80, 0x00, 0x3d, 0x00, 0xff, 0xfe, 0x7f, 0xff, 0xff, 0xe0, 0x09, 0xff, 0x00, 0x00, 0x07,  // Line 14
        0xff, 0x0e, 0x00, 0x1f, 0x00, 0xff, 0xfc, 0xff, 0xff, 0xff, 0x80, 0x03, 0xfe, 0x40, 0x00, 0x07,  // Line 15
        0xfe, 0x1f, 0x00, 0x0e, 0x00, 0xff, 0xfd, 0xff, 0xff, 0xfe, 0x00, 0x07, 0xf8, 0x80, 0x00, 0x07,  // Line 16
        0xfc, 0x1f, 0x40, 0x0f, 0x80, 0xff, 0xfb, 0xff, 0xff, 0xf8, 0x00, 0x0f, 0xf0, 0x00, 0x00, 0x07,  // Line 17
        0xfc, 0x1f, 0x80, 0x07, 0x80, 0xff, 0xf7, 0xff, 0xff, 0xe0, 0x00, 0x1f, 0xe4, 0x00, 0x00, 0x07,  // Line 18
        0xf8, 0x1f, 0xc8, 0x07, 0x00, 0xff, 0xe7, 0xff, 0xff, 0xc0, 0x00, 0x3f, 0xc8, 0x00, 0x00, 0x07,  // Line 19
        0xf8, 0x3f, 0xd8, 0x07, 0x80, 0xff, 0xef, 0xff, 0xff, 0x00, 0x00, 0x7f, 0x90, 0x00, 0x00, 0x0f,  // Line 20
        0xf8, 0x50, 0xb0, 0x07, 0x80, 0xff, 0xdf, 0xff, 0xfc, 0x00, 0x00, 0x7e, 0x20, 0x00, 0x00, 0x0f,  // Line 21
        0xf0, 0x50, 0x54, 0x03, 0x80, 0xff, 0x9f, 0xff, 0xf8, 0x00, 0x04, 0xfc, 0x00, 0x00, 0x00, 0x0f,  // Line 22
        0xf0, 0x90, 0x2b, 0x03, 0x80, 0x7f, 0xbf, 0xff, 0xe0, 0x00, 0x01, 0xf9, 0x00, 0x00, 0x00, 0x0f,  // Line 23
        0xf0, 0x90, 0x11, 0x03, 0x80, 0x7f, 0x7f, 0xff, 0x80, 0x00, 0x03, 0xf2, 0x00, 0x00, 0x00, 0x0f,  // Line 24
        0xf1, 0x08, 0x0d, 0x03, 0x80, 0x7e, 0x7f, 0xff, 0x00, 0x00, 0x07, 0xe4, 0x00, 0x00, 0x00, 0x0f,  // Line 25
        0xf1, 0x04, 0x0d, 0x07, 0x90, 0x7e, 0xff, 0xfc, 0x00, 0x00, 0x0f, 0x88, 0x00, 0x00, 0x00, 0x0f,  // Line 26
        0xf1, 0x1a, 0x04, 0x07, 0x98, 0x7c, 0xff, 0xf8, 0x00, 0x00, 0x4f, 0x00, 0x00, 0x00, 0x00, 0x0f,  // Line 27
        0xf1, 0x65, 0x06, 0x07, 0x98, 0x7d, 0xff, 0xe0, 0x00, 0x00, 0x9e, 0x00, 0x00, 0x00, 0x00, 0x0f,  // Line 28
        0xf9, 0xe2, 0x8a, 0x07, 0x98, 0x7b, 0xff, 0xc0, 0x00, 0x00, 0x3c, 0x80, 0x00, 0x00, 0x00, 0x0f,  // Line 29
        0xf8, 0x90, 0xf4, 0x0f, 0x98, 0x73, 0xff, 0x80, 0x00, 0x00, 0x79, 0x00, 0x00, 0x00, 0x00, 0x0f,  // Line 30
        0xfc, 0x41, 0x08, 0x0f, 0x98, 0x37, 0xfe, 0x00, 0x00, 0x02, 0x72, 0x00, 0x00, 0x00, 0x00, 0x0f,  // Line 31
        0x7c, 0x32, 0x50, 0x1f, 0x10, 0x27, 0xfc, 0x00, 0x00, 0x00, 0xe4, 0x00, 0x00, 0x00, 0x00, 0x0f,  // Line 32
        0x7e, 0x18, 0x20, 0x3f, 0x10, 0x2f, 0xf8, 0x00, 0x00, 0x01, 0x88, 0x00, 0x00, 0x00, 0x00, 0x1f,  // Line 33
        0xbf, 0x07, 0x80, 0x7f, 0x30, 0x0f, 0xe0, 0x00, 0x00, 0x09, 0x00, 0x00, 0x00, 0x00, 0x00, 0x1f,  // Line 34
        0xff, 0x80, 0x00, 0xff, 0x20, 0x1f, 0xc0, 0x00, 0x00, 0x02, 0x00, 0x00, 0x00, 0x00, 0x00, 0x1f,  // Line 35
        0xff, 0xc0, 0x01, 0xff, 0x20, 0x1f, 0x00, 0x00, 0x00, 0x04, 0x00, 0x00, 0x00, 0x00, 0x00, 0x1f,  // Line 36
        0xff, 0xf0, 0x07, 0xff, 0x20, 0x3e, 0x00, 0x00, 0x00, 0x04, 0x00, 0x00, 0x00, 0x00, 0x00, 0x1f,  // Line 37
        0xff, 0xff, 0xff, 0xfe, 0x00, 0x7c, 0x00, 0x00, 0x00, 0x08, 0x00, 0x00, 0x00, 0x00, 0x00, 0x1f,  // Line 38
        0xff, 0xff, 0xff, 0xfe, 0x40, 0x71, 0x01, 0x00, 0x00, 0x00, 0x00, 0x00, 0x00, 0x00, 0x00, 0x1f,  // Line 39
        0xf7, 0xff, 0xff, 0xfe, 0x40, 0x60, 0x07, 0x80, 0x00, 0x00, 0x00, 0x00, 0x00, 0x00, 0x00, 0x1f,  // Line 40
        0xfb, 0xff, 0xff, 0xfc, 0x00, 0xc8, 0x1f, 0x00, 0x00, 0x00, 0x00, 0x00, 0x00, 0x00, 0x00, 0x1f,  // Line 41
        0xf9, 0xff, 0xff, 0xfc, 0x81, 0x10, 0x7f, 0x00, 0x00, 0x00, 0x00, 0x00, 0x00, 0x00, 0x00, 0x1f,  // Line 42
        0xfd, 0x7f, 0xff, 0xfc, 0x80, 0x01, 0xff, 0x00, 0x00, 0x00, 0x00, 0x00, 0x00, 0x00, 0x00, 0x1f,  // Line 43
        0xfe, 0xbf, 0xff, 0xf8, 0x00, 0x07, 0xff, 0x00, 0x00, 0x00, 0x00, 0x00, 0x00, 0x00, 0x00, 0x1f,  // Line 44
        0xfb, 0x5f, 0xff, 0xf4, 0x01, 0x0f, 0xff, 0x80, 0x00, 0x00, 0x00, 0x00, 0x00, 0x00, 0x00, 0x1f,  // Line 45
        0xfd, 0xbf, 0xff, 0xf4, 0x00, 0x0f, 0xff, 0x80, 0x00, 0x00, 0x00, 0x00, 0x00, 0x00, 0x00, 0x1f,  // Line 46
        0xfe, 0x9f, 0xff, 0xe8, 0x00, 0x0f, 0xff, 0x80, 0x00, 0x00, 0x00, 0x00, 0x00, 0x00, 0x00, 0x1f,  // Line 47
        0xff, 0x4b, 0xff, 0xc8, 0x00, 0x0f, 0xff, 0x80, 0x00, 0x00, 0x00, 0x00, 0x00, 0x00, 0x00, 0x1f,  // Line 48
        0xff, 0xa7, 0xff, 0xd8, 0x00, 0x0f, 0xff, 0x80, 0x00, 0x00, 0x00, 0x00, 0x00, 0x00, 0x00, 0x1f,  // Line 49
        0xff, 0xc3, 0xff, 0xf8, 0x00, 0x0f, 0xff, 0x80, 0x00, 0x00, 0x00, 0x00, 0x00, 0x00, 0x00, 0x1f,  // Line 50
        0xff, 0xe1, 0xff, 0xf8, 0x00, 0x0f, 0xff, 0xc0, 0x00, 0x00, 0x00, 0x00, 0x00, 0x00, 0x00, 0x3f,  // Line 51
        0xff, 0xe1, 0xbf, 0xf0, 0x00, 0x07, 0xff, 0xc0, 0x00, 0x00, 0x00, 0x00, 0x00, 0x00, 0x00, 0x3f,  // Line 52
        0xff, 0xe4, 0xff, 0xf0, 0x00, 0x07, 0xff, 0xe0, 0x00, 0x00, 0x00, 0x00, 0x00, 0x00, 0x00, 0x3f,  // Line 53
        0xff, 0xf3, 0xff, 0xe0, 0x00, 0x07, 0xff, 0xe0, 0x00, 0x00, 0x00, 0x00, 0x00, 0x00, 0x00, 0x3f,  // Line 54
        0xff, 0xff, 0xff, 0xc0, 0x00, 0x07, 0xff, 0xf0, 0x00, 0x00, 0x00, 0x00, 0x00, 0x00, 0x00, 0x3f,  // Line 55
        0xff, 0xff, 0xff, 0x80, 0x00, 0x07, 0xff, 0xf4, 0x00, 0x00, 0x00, 0x00, 0x00, 0x00, 0x00, 0x3f,  // Line 56
        0xff, 0xff, 0xff, 0x00, 0x00, 0x07, 0xff, 0xe4, 0x00, 0x00, 0x00, 0x00, 0x00, 0x00, 0x00, 0x3f,  // Line 57
        0xff, 0xff, 0xfe, 0x00, 0x00, 0x00, 0xff, 0xcc, 0x00, 0x00, 0x00, 0x00, 0x00, 0x00, 0x00, 0x3f,  // Line 58
        0xff, 0xff, 0x86, 0x00, 0x00, 0x1f, 0xff, 0x9c, 0x00, 0x00, 0x00, 0x00, 0x00, 0x00, 0x00, 0x3f,  // Line 59
        0xff, 0xff, 0xf0, 0x00, 0x00, 0x80, 0xff, 0x3e, 0x00, 0x00, 0x00, 0x00, 0x00, 0x00, 0x00, 0x3f,  // Line 60
        0xff, 0xff, 0xfe, 0x19, 0xf3, 0xf0, 0x06, 0x7f, 0x00, 0x00, 0x00, 0x00, 0x00, 0x00, 0x00, 0x3f,  // Line 61
        0xff, 0xff, 0xff, 0x87, 0xf8, 0xff, 0x00, 0xff, 0x80, 0x00, 0x00, 0x00, 0x00, 0x00, 0x00, 0x3f,  // Line 62
        0xff, 0xff, 0xff, 0xe1, 0xfe, 0x3f, 0xe1, 0xff, 0x80, 0x00, 0x00, 0x00, 0x00, 0x00, 0x00, 0x3f,  // Line 63
        0xff, 0xff, 0xff, 0xf8, 0x7f, 0x87, 0xff, 0xff, 0xc0, 0x00, 0x00, 0x00, 0x00, 0x00, 0x00, 0x3f,  // Line 64
        0xff, 0xff, 0xff, 0xfe, 0x1f, 0xe0, 0x7f, 0xff, 0xe0, 0x00, 0x00, 0x00, 0x00, 0x00, 0x00, 0x3f,  // Line 65
        0xff, 0xff, 0xff, 0xff, 0x0f, 0xf8, 0x0f, 0xff, 0xf0, 0x00, 0x00, 0x00, 0x00, 0x00, 0x00, 0x3f,  // Line 66
        0xff, 0xff, 0xff, 0xff, 0x8f, 0xfe, 0x07, 0xff, 0xf8, 0x18, 0x00, 0x00, 0x00, 0x00, 0x00, 0x3f,  // Line 67
        0xff, 0xff, 0xff, 0xff, 0xcf, 0xff, 0x83, 0xff, 0xfe, 0x20, 0x00, 0x00, 0x00, 0x00, 0x00, 0x3f,  // Line 68
        0xff, 0xff, 0xff, 0xff, 0xcf, 0xff, 0xc1, 0xff, 0xfc, 0xe0, 0x00, 0x00, 0x00, 0x00, 0x00, 0x7f,  // Line 69
        0xff, 0xff, 0xff, 0xff, 0xcf, 0xff, 0xe0, 0xff, 0xf3, 0xe0, 0x00, 0x00, 0x00, 0x00, 0x00, 0x7f,  // Line 70
        0xff, 0xff, 0xff, 0xff, 0xe7, 0xff, 0xf0, 0x7f, 0xe7, 0xe0, 0x00, 0x00, 0x00, 0x00, 0x00, 0x7f,  // Line 71
        0xff, 0xff, 0xff, 0xff, 0xe7, 0xff, 0xf8, 0x3f, 0xc7, 0xe0, 0x00, 0x00, 0x00, 0x00, 0x00, 0x7f,  // Line 72
        0xff, 0xff, 0xff, 0xff, 0xf7, 0xff, 0xfc, 0x1f, 0x8f, 0xe0, 0x00, 0x00, 0x00, 0x00, 0x00, 0x7f,  // Line 73
        0xff, 0xff, 0xff, 0xff, 0xf7, 0xff, 0xfe, 0x0f, 0x8f, 0xe0, 0x00, 0x00, 0x00, 0x00, 0x00, 0x7f,  // Line 74
        0xff, 0xff, 0xff, 0xff, 0xf3, 0xff, 0xff, 0x07, 0x8e, 0xe0, 0x00, 0x00, 0x00, 0x00, 0x00, 0x7f,  // Line 75
        0xff, 0xff, 0xff, 0xff, 0xff, 0xff, 0xff, 0x83, 0x8e, 0xf0, 0x00, 0x00, 0x00, 0x00, 0x00, 0x7f,  // Line 76
        0xff, 0xff, 0xff, 0xff, 0xff, 0xff, 0xff, 0xc3, 0xce, 0xf8, 0x00, 0x00, 0x00, 0x00, 0x00, 0x7f,  // Line 77
        0xff, 0xff, 0xff, 0xff, 0xff, 0xff, 0xff, 0xe1, 0xce, 0xff, 0xff, 0xe0, 0x00, 0x00, 0x00, 0x7f,  // Line 78
        0xff, 0xff, 0xff, 0xff, 0xff, 0xff, 0xff, 0xf1, 0xce, 0xff, 0xff, 0xff, 0xfe, 0x00, 0x00, 0x7f,  // Line 79
        0xff, 0xff, 0xff, 0xff, 0xff, 0xff, 0xff, 0xf9, 0xce, 0xff, 0xff, 0xff, 0xff, 0xff, 0xff, 0x7f,  // Line 80
        0xff, 0xff, 0xff, 0xff, 0xff, 0xff, 0xff, 0xfc, 0xce, 0x7f, 0xff, 0xff, 0xff, 0xff, 0xff, 0x7f,  // Line 81
        0xff, 0xff, 0xff, 0xff, 0xff, 0xff, 0xff, 0xfc, 0xce, 0x3f, 0xff, 0xff, 0xff, 0xff, 0xff, 0x7f,  // Line 82
        0xff, 0xff, 0xff, 0xff, 0xff, 0xff, 0xff, 0xfe, 0xef, 0x1f, 0xff, 0xff, 0xff, 0xff, 0xff, 0x7f,  // Line 83
        0xff, 0xff, 0xff, 0xff, 0xff, 0xff, 0xff, 0xfe, 0x67, 0x07, 0xff, 0xff, 0xff, 0xff, 0xff, 0x7f,  // Line 84
        0xff, 0xff, 0xff, 0xff, 0xff, 0xff, 0xff, 0xff, 0x67, 0x00, 0x3f, 0xff, 0xff, 0xff, 0xff, 0x7f,  // Line 85
        0xff, 0xff, 0xff, 0xff, 0xff, 0xff, 0xff, 0xff, 0x27, 0x80, 0x00, 0xff, 0xff, 0xff, 0xff, 0x7f,  // Line 86
        0xff, 0xff, 0xff, 0xff, 0xff, 0xff, 0xff, 0xe0, 0x00, 0x40, 0x00, 0x01, 0xff, 0xff, 0xff, 0x7f,  // Line 87
        0xff, 0xff, 0xff, 0xff, 0xff, 0xff, 0xfc, 0x00, 0x00, 0x00, 0x00, 0x00, 0x03, 0xff, 0xff, 0x3f,  // Line 88
        0xff, 0xff, 0xff, 0xff, 0xff, 0xff, 0xc0, 0x00, 0x00, 0x00, 0x00, 0x00, 0x00, 0x03, 0xff, 0x3f,  // Line 89
        0xff, 0xff, 0xff, 0xff, 0xff, 0xff, 0xc0, 0x00, 0x00, 0x00, 0x00, 0x00, 0x00, 0x00, 0x03, 0x3f,  // Line 90
        0xff, 0xff, 0xff, 0xff, 0xff, 0xff, 0x00, 0x00, 0x00, 0x00, 0x00, 0x00, 0x00, 0x00, 0x00, 0x3f,  // Line 91
        0xff, 0xff, 0xff, 0xff, 0xff, 0xfe, 0x00, 0x00, 0x00, 0x00, 0x00, 0x00, 0x00, 0x00, 0x00, 0x3f,  // Line 92
        0xff, 0xff, 0xff, 0xff, 0xff, 0xfc, 0x00, 0x00, 0x00, 0x00, 0x00, 0x00, 0x00, 0x00, 0x00, 0x3e,  // Line 93
        0xff, 0xff, 0xff, 0xff, 0xff, 0xf0, 0x00, 0x00, 0x00, 0x00, 0x00, 0x00, 0x04, 0x00, 0x00, 0x3e,  // Line 94
        0xff, 0xff, 0xff, 0xff, 0xff, 0xe0, 0x00, 0x00, 0x00, 0x00, 0x00, 0x01, 0xff, 0xf0, 0x00, 0x3c,  // Line 95
        0xff, 0xff, 0xff, 0xff, 0xff, 0xc0, 0x00, 0x00, 0x00, 0x00, 0x00, 0x1e, 0x00, 0x00, 0x00, 0x3c,  // Line 96
        0xff, 0xff, 0xff, 0xff, 0xff, 0x80, 0x00, 0x00, 0x00, 0x00, 0x03, 0xf0, 0x00, 0x00, 0x00, 0x3c,  // Line 97
        0xff, 0xff, 0xff, 0xff, 0xff, 0x00, 0x00, 0x00, 0x00, 0x00, 0x3f, 0x80, 0x7f, 0xff, 0x00, 0x38,  // Line 98
        0xff, 0xff, 0xff, 0xff, 0xfe, 0x00, 0x00, 0x00, 0x00, 0x03, 0xfc, 0x3d, 0xff, 0xff, 0x78, 0x3b,  // Line 99
        0xff, 0xff, 0xff, 0xff, 0xf8, 0x00, 0x00, 0x00, 0x00, 0x3f, 0xff, 0xe7, 0xff, 0xff, 0xc7, 0x30,  // Line 100
        0xff, 0xff, 0xff, 0xff, 0xf0, 0x00, 0x00, 0x00, 0x00, 0x7f, 0xff, 0x3f, 0xff, 0xff, 0xf9, 0x30,  // Line 101
        0xff, 0xff, 0xff, 0xff, 0xe0, 0x00, 0x00, 0x00, 0x00, 0x7f, 0xfc, 0x7f, 0xff, 0xff, 0xff, 0xb0,  // Line 102
        0xff, 0xff, 0xff, 0xff, 0xc0, 0x00, 0x00, 0x00, 0x00, 0x7f, 0xf9, 0xff, 0xff, 0xf0, 0x07, 0xa4,  // Line 103
        0xff, 0xff, 0xff, 0xff, 0x80, 0x00, 0x00, 0x00, 0x00, 0x7f, 0xff, 0xff, 0xff, 0xc0, 0x00, 0xab,  // Line 104
        0xff, 0xff, 0xff, 0xfe, 0x00, 0x00, 0x00, 0x00, 0x00, 0xff, 0xff, 0xff, 0xff, 0x00, 0x00, 0x28,  // Line 105
        0xff, 0xff, 0xff, 0xfc, 0x00, 0x00, 0x00, 0x00, 0x00, 0xff, 0xff, 0xff, 0xfe, 0x00, 0x00, 0x0a,  // Line 106
        0xff, 0xff, 0xff, 0xf8, 0x00, 0x00, 0x00, 0x00, 0x00, 0xff, 0xff, 0xff, 0xfc, 0x70, 0x00, 0x0c,  // Line 107
        0xff, 0xff, 0xff, 0xf0, 0x00, 0x00, 0x00, 0x00, 0x00, 0xff, 0xff, 0xff, 0xf8, 0xf8, 0x00, 0x06,  // Line 108
        0xff, 0xff, 0xff, 0xe0, 0x00, 0x00, 0x00, 0x00, 0x00, 0xff, 0xff, 0xff, 0xf1, 0xff, 0x00, 0x07,  // Line 109
        0xff, 0xff, 0xff, 0x80, 0x00, 0x00, 0x00, 0x00, 0x00, 0xff, 0xbf, 0xff, 0xe1, 0xff, 0x88, 0x03,  // Line 110
        0xff, 0xff, 0xff, 0x00, 0x00, 0x00, 0x00, 0x00, 0x01, 0xfc, 0x9f, 0xff, 0xe1, 0xfb, 0xe8, 0x03,  // Line 111
        0xff, 0xff, 0xfe, 0x00, 0x00, 0x00, 0x00, 0x00, 0x01, 0xfc, 0x5f, 0xff, 0xc0, 0xff, 0xe8, 0x03,  // Line 112
        0xff, 0xff, 0xfc, 0x00, 0x00, 0x00, 0x00, 0x00, 0x04, 0xfe, 0x7f, 0xff, 0xc1, 0x91, 0xe6, 0x01,  // Line 113
        0xff, 0xff, 0xf8, 0x00, 0x00, 0x00, 0x00, 0x00, 0x04, 0xff, 0x2f, 0xff, 0x82, 0xe0, 0xe2, 0x01,  // Line 114
        0xff, 0xff, 0xe0, 0x00, 0x00, 0x00, 0x00, 0x00, 0x02, 0xff, 0x17, 0xff, 0x85, 0x20, 0x4e, 0x81,  // Line 115
        0x7f, 0xff, 0xc0, 0x00, 0x00, 0x00, 0x00, 0x00, 0x06, 0x7e, 0x97, 0xff, 0x8b, 0xd0, 0x2a, 0x01,  // Line 116
        0x7f, 0xff, 0xc0, 0x00, 0x00, 0x00, 0x00, 0x00, 0x07, 0xff, 0x4b, 0xff, 0x8a, 0x50, 0x10, 0x41,  // Line 117
        0xff, 0xff, 0x80, 0x00, 0x00, 0x00, 0x00, 0x00, 0x07, 0xff, 0x83, 0xff, 0x88, 0x78, 0x09, 0xc1,  // Line 118
        0xff, 0xff, 0xc0, 0x00, 0x00, 0x00, 0x00, 0x00, 0x0f, 0xff, 0xc1, 0xff, 0x84, 0x04, 0x04, 0x41,  // Line 119
        0xff, 0xff, 0xc0, 0x00, 0x00, 0x00, 0x00, 0x00, 0x3b, 0xff, 0xc0, 0xff, 0x90, 0x32, 0x04, 0x81,  // Line 120
        0xff, 0xff, 0xc0, 0x00, 0x00, 0x00, 0x00, 0x03, 0xff, 0xff, 0xe0, 0xff, 0x98, 0x61, 0x04, 0x83,  // Line 121
        0xff, 0xff, 0xc0, 0x00, 0x00, 0x00, 0x00, 0x7f, 0xff, 0xff, 0xf0, 0x7f, 0x87, 0x84, 0x84, 0x83,  // Line 122
        0xff, 0xff, 0xc0, 0x00, 0x00, 0x00, 0x0f, 0xff, 0xff, 0xff, 0xf8, 0x3f, 0x88, 0x09, 0x79, 0x03,  // Line 123
        0xf8, 0xff, 0xc0, 0x00, 0x00, 0x0f, 0xff, 0xff, 0xff, 0xff, 0xf8, 0x1f, 0xc5, 0x9b, 0x01, 0x07,  // Line 124
        0xf0, 0x3f, 0xf0, 0x01, 0xff, 0xff, 0xff, 0xff, 0xff, 0xff, 0xfc, 0x4f, 0xc7, 0xf0, 0xfa, 0x07,  // Line 125
        0xf8, 0x3f, 0xff, 0xff, 0xff, 0xff, 0xff, 0xff, 0xff, 0xff, 0xfe, 0x67, 0xe3, 0x60, 0x48, 0x0f,  // Line 126
        0xfc, 0x3f, 0xff, 0xff, 0xff, 0xff, 0xff, 0xff, 0xff, 0xff, 0xff, 0x73, 0xe1, 0x18, 0x50, 0x1f,  // Line 127
    },
    { /* Frame 1 */
        0xff, 0xc7, 0xff, 0xff, 0xff, 0xef, 0x09, 0x01, 0x03, 0xc0, 0x1f, 0xf0, 0x00, 0x00, 0x0f, 0xff,  // Line 0
        0xff, 0xf8, 0xff, 0xff, 0xff, 0xf7, 0x84, 0x20, 0x07, 0xc0, 0x7f, 0xe0, 0x00, 0x00, 0x0f, 0xff,  // Line 1
        0xff, 0xff, 0x3f, 0xff, 0xff, 0xfb, 0xc3, 0x0c, 0x0f, 0xc0, 0x7f, 0xe0, 0x00, 0x00, 0x1f, 0xff,  // Line 2
        0xff, 0xff, 0xc7, 0xff, 0xff, 0xfd, 0xc0, 0xf0, 0x0f, 0xc0, 0x7f, 0xe0, 0x00, 0x00, 0x1f, 0xff,  // Line 3
        0xff, 0xff, 0xf1, 0xff, 0xff, 0xfe, 0xe0, 0x00, 0x1f, 0x80, 0x7f, 0xe0, 0x00, 0x00, 0x3f, 0xff,  // Line 4
        0xff, 0xff, 0xfc, 0xff, 0xff, 0xff, 0x78, 0x00, 0x7f, 0x80, 0x7f, 0xe0, 0x00, 0x00, 0x7f, 0xff,  // Line 5
        0xff, 0xff, 0xff, 0x1f, 0xff, 0xff, 0xbc, 0x00, 0xff, 0x00, 0x7f, 0xe0, 0x00, 0x00, 0x7f, 0xff,  // Line 6
        0xff, 0xff, 0xff, 0xcf, 0xff, 0xff, 0xdf, 0x8f, 0xff, 0x00, 0x3f, 0xf0, 0x00, 0x00, 0xff, 0xff,  // Line 7
        0xff, 0xff, 0xff, 0xf3, 0xff, 0xff, 0xef, 0xff, 0xff, 0x00, 0x3f, 0xf0, 0x00, 0x00, 0xff, 0xff,  // Line 8
        0xff, 0xff, 0xff, 0xf9, 0xff, 0xff, 0xe7, 0xff, 0xfe, 0x00, 0x3f, 0xf0, 0x00, 0x01, 0xff, 0xff,  // Line 9
        0xff, 0xff, 0xff, 0xfc, 0xff, 0xff, 0xf3, 0xff, 0xfe, 0x00, 0x3f, 0xf8, 0x00, 0x03, 0xff, 0xff,  // Line 10
        0xff, 0xff, 0xff, 0xff, 0x7f, 0xff, 0xf9, 0xff, 0xfc, 0x00, 0x3f, 0xfc, 0x00, 0x03, 0xff, 0xff,  // Line 11
        0xff, 0xff, 0xff, 0xff, 0xbf, 0xff, 0xfc, 0xff, 0xfc, 0x00, 0x3f, 0xfe, 0x00, 0x07, 0xff, 0xff,  // Line 12
        0xff, 0xff, 0xff, 0xff, 0xdf, 0xff, 0xfe, 0x7f, 0xfc, 0x00, 0x1f, 0xff, 0xc0, 0x07, 0xff, 0xff,  // Line 13
        0xff, 0xff, 0xff, 0xff, 0xef, 0xff, 0xfe, 0x3f, 0xfc, 0x00, 0x1f, 0xff, 0x80, 0x0f, 0xff, 0xff,  // Line 14
        0xff, 0xff, 0xff, 0xff, 0xf7, 0xff, 0xfe, 0x1f, 0xf8, 0x00, 0x0f, 0xff, 0x00, 0x0f, 0xff, 0xff,  // Line 15
        0xff, 0xff, 0xff, 0xff, 0xff, 0xff, 0xfe, 0x0f, 0xf8, 0x00, 0xc7, 0xfe, 0x60, 0x1f, 0xff, 0xff,  // Line 16
        0xff, 0xff, 0xff, 0xff, 0xff, 0xff, 0xff, 0x07, 0xf8, 0x03, 0xff, 0xfc, 0xf0, 0x1f, 0xff, 0xff,  // Line 17
        0xff, 0xff, 0xff, 0xff, 0xff, 0xff, 0xff, 0xc3, 0xf0, 0x0f, 0xff, 0xf9, 0xf8, 0x3f, 0xff, 0xff,  // Line 18
        0xff, 0xff, 0xff, 0xff, 0xff, 0xff, 0xff, 0xef, 0xf0, 0x7f, 0x07, 0xf3, 0xfe, 0x3f, 0xff, 0xff,  // Line 19
        0xff, 0xff, 0xff, 0xff, 0xff, 0xff, 0xff, 0xb7, 0xf7, 0xff, 0xe0, 0x07, 0xff, 0x7f, 0xff, 0xff,  // Line 20
        0xff, 0xff, 0xff, 0xff, 0xff, 0xff, 0xff, 0xc3, 0xff, 0xff, 0xfe, 0x1f, 0xff, 0x7f, 0xff, 0xff,  // Line 21
        0x00, 0x07, 0xff, 0xff, 0xff, 0xff, 0xff, 0xf0, 0xff, 0xf0, 0x07, 0xff, 0xfe, 0xff, 0xff, 0xff,  // Line 22
        0xff, 0xf0, 0x1f, 0xff, 0xff, 0xff, 0xff, 0xfe, 0x0f, 0xff, 0x03, 0xff, 0xfe, 0xff, 0xff, 0xff,  // Line 23
        0xff, 0xff, 0xc1, 0xff, 0xff, 0xff, 0xff, 0xff, 0x80, 0xff, 0xc0, 0xff, 0xfd, 0xff, 0xff, 0xff,  // Line 24
        0xff, 0xff, 0xfe, 0x7f, 0xff, 0xff, 0xff, 0xff, 0xf0, 0x3f, 0xf0, 0x7f, 0xfd, 0xff, 0xff, 0xff,  // Line 25
        0xff, 0xff, 0xff, 0xff, 0xff, 0xff, 0xff, 0xff, 0xfc, 0x3f, 0xf8, 0x1f, 0xfb, 0xff, 0xff, 0xff,  // Line 26
        0xff, 0xff, 0xff, 0xff, 0xff, 0xff, 0xff, 0xff, 0xff, 0x3f, 0xfc, 0x0f, 0xfb, 0xff, 0xff, 0xff,  // Line 27
        0xff, 0xff, 0xff, 0xff, 0xff, 0xff, 0xff, 0xff, 0xff, 0x9f, 0xff, 0x07, 0xf7, 0xff, 0xff, 0xff,  // Line 28
        0xff, 0xff, 0xff, 0xff, 0xff, 0xff, 0xff, 0xff, 0xff, 0x9f, 0xff, 0x83, 0xf7, 0xff, 0xff, 0xff,  // Line 29
        0xff, 0xff, 0xff, 0xff, 0xff, 0xff, 0xff, 0xff, 0xff, 0xdf, 0xff, 0xc1, 0xef, 0xff, 0xff, 0xfe,  // Line 30
        0xff, 0xff, 0xff, 0xff, 0xff, 0xff, 0xff, 0xff, 0xff, 0xcf, 0xff, 0xe0, 0xcf, 0xff, 0xff, 0xfc,  // Line 31
        0xff, 0xff, 0xff, 0xff, 0xff, 0xff, 0xff, 0xff, 0xff, 0xef, 0xff, 0xf0, 0x4f, 0xff, 0xff, 0xf9,  // Line 32
        0xff, 0xff, 0xff, 0xff, 0xff, 0xff, 0xff, 0xff, 0xff, 0xff, 0xff, 0xf8, 0x1f, 0xff, 0xff, 0xf2,  // Line 33
        0xff, 0xff, 0xff, 0xff, 0xff, 0xff, 0xff, 0xff, 0xff, 0xff, 0xff, 0xfc, 0x1f, 0xff, 0xff, 0xe7,  // Line 34
        0xff, 0xff, 0xff, 0xff, 0xff, 0xff, 0xff, 0xff, 0xff, 0xff, 0xff, 0xff, 0x3f, 0xff, 0xff, 0xcf,  // Line 35
        0xff, 0xff, 0xff, 0xff, 0xff, 0xff, 0xff, 0xff, 0xff, 0xff, 0xff, 0xff, 0x3f, 0xff, 0xff, 0xbf,  // Line 36
        0xff, 0xff, 0xff, 0xff, 0xff, 0xff, 0xff, 0xff, 0xff, 0xff, 0xff, 0xff, 0x7f, 0xff, 0xff, 0x7f,  // Line 37
        0xff, 0xff, 0xff, 0xff, 0xff, 0xff, 0xff, 0xff, 0xff, 0xff, 0xff, 0xff, 0x7f, 0xff, 0xfe, 0xff,  // Line 38
        0xff, 0xff, 0xff, 0xff, 0xff, 0xff, 0xff, 0xff, 0xff, 0xff, 0xff, 0xfe, 0x7f, 0xff, 0xfc, 0x7f,  // Line 39
        0x3f, 0xff, 0xff, 0xff, 0xff, 0xff, 0xff, 0xff, 0xff, 0xff, 0xff, 0xfe, 0xff, 0xff, 0xf8, 0x07,  // Line 40
        0xff, 0xff, 0xff, 0xff, 0xff, 0xff, 0xff, 0xff, 0xff, 0xff, 0xff, 0xfe, 0xff, 0xff, 0xe0, 0x00,  // Line 41
        0xff, 0xff, 0xff, 0xff, 0xff, 0xff, 0xff, 0xff, 0xff, 0xff, 0xfc, 0x7c, 0xff, 0xff, 0xe0, 0x00,  // Line 42
        0xff, 0xff, 0xff, 0xff, 0xff, 0xff, 0xff, 0xff, 0xff, 0xff, 0xfc, 0x05, 0xff, 0xff, 0xc0, 0x00,  // Line 43
        0xff, 0xff, 0xff, 0xff, 0xff, 0xff, 0xff, 0xff, 0xff, 0xff, 0xf0, 0x01, 0xff, 0xff, 0x80, 0x00,  // Line 44
        0xff, 0xff, 0xff, 0xff, 0xff, 0xff, 0xff, 0xff, 0xff, 0xff, 0xe0, 0x09, 0xff, 0xff, 0x00, 0x00,  // Line 45
        0xff, 0xff, 0xff, 0xff, 0xff, 0xff, 0xff, 0xff, 0xff, 0xff, 0xc0, 0x03, 0xff, 0xfe, 0x00, 0x00,  // Line 46
        0xff, 0xff, 0xff, 0xff, 0xff, 0xff, 0xff, 0xff, 0xff, 0xff, 0x00, 0x03, 0xff, 0xfc, 0x00, 0x00,  // Line 47
        0xff, 0xff, 0xff, 0xff, 0xff, 0xff, 0xff, 0xff, 0xff, 0xfe, 0x00, 0x03, 0xff, 0xf8, 0x00, 0x00,  // Line 48
        0xff, 0xff, 0xff, 0xff, 0xff, 0xff, 0xff, 0xff, 0xff, 0xf8, 0x00, 0x03, 0xff, 0xf0, 0x00, 0x00,  // Line 49
        0xff, 0xff, 0xff, 0xff, 0xff, 0xff, 0xff, 0xff, 0xff, 0xf0, 0x00, 0x07, 0xff, 0xe0, 0x00, 0x0f,  // Line 50
        0xff, 0xff, 0xff, 0xff, 0xff, 0xff, 0xff, 0xff, 0xff, 0xe0, 0x00, 0x07, 0xff, 0xc0, 0x00, 0x00,  // Line 51
        0xff, 0xff, 0xff, 0xff, 0xff, 0xff, 0xff, 0xff, 0xff, 0xc0, 0x00, 0x07, 0xff, 0x90, 0x00, 0x00,  // Line 52
        0xff, 0xff, 0xff, 0xff, 0xff, 0xff, 0xff, 0xff, 0xff, 0x00, 0x00, 0x07, 0xff, 0x00, 0x07, 0x3f,  // Line 53
        0xff, 0xff, 0xff, 0xff, 0xff, 0xff, 0xff, 0xff, 0xfe, 0x00, 0x00, 0x0f, 0xff, 0x00, 0x3e, 0xff,  // Line 54
        0xff, 0xff, 0xff, 0xff, 0xff, 0xff, 0xff, 0xff, 0xfc, 0x00, 0x00, 0x0f, 0xfe, 0x00, 0x79, 0xff,  // Line 55
        0xff, 0xff, 0xff, 0xff, 0xff, 0xff, 0xff, 0xff, 0xfc, 0x00, 0x00, 0x0f, 0xfd, 0x80, 0xf7, 0xff,  // Line 56
        0xff, 0xff, 0xff, 0xff, 0xff, 0xff, 0xff, 0xff, 0xf8, 0x00, 0x00, 0x0f, 0xf9, 0x80, 0xff, 0xff,  // Line 57
        0xff, 0xff, 0xff, 0xff, 0xff, 0xff, 0xff, 0xff, 0xf0, 0x00, 0x00, 0x1f, 0xfb, 0x81, 0xff, 0xff,  // Line 58
        0xff, 0xff, 0xff, 0xff, 0xff, 0xff, 0xff, 0xff, 0xc0, 0x00, 0x00, 0x1f, 0xf7, 0xc1, 0xff, 0xff,  // Line 59
        0xff, 0xff, 0xff, 0xff, 0xff, 0xcf, 0xff, 0xff, 0xc0, 0x00, 0x00, 0x1f, 0xe7, 0xe3, 0xff, 0xff,  // Line 60
        0xff, 0xff, 0xff, 0xff, 0xff, 0x8f, 0xff, 0xff, 0x00, 0x00, 0x00, 0x1f, 0xe3, 0xe3, 0xff, 0xff,  // Line 61
        0xfe, 0xff, 0xff, 0xff, 0xff, 0xcf, 0xff, 0xff, 0x00, 0x00, 0x00, 0x1f, 0xc3, 0xe4, 0xff, 0xfe,  // Line 62
        0xf8, 0x3f, 0xff, 0xff, 0xff, 0xcf, 0xff, 0xfc, 0x00, 0x00, 0x00, 0x3f, 0x83, 0xe4, 0xff, 0xfc,  // Line 63
        0xf3, 0x9f, 0xff, 0xff, 0xff, 0xcf, 0xff, 0xfc, 0x00, 0x00, 0x00, 0x3f, 0x83, 0xee, 0x7f, 0xf8,  // Line 64
        0xe7, 0xcf, 0xff, 0xff, 0xff, 0xcf, 0xff, 0xf8, 0x00, 0x00, 0x00, 0x3f, 0x03, 0xee, 0x7f, 0xf8,  // Line 65
        0xcf, 0xf3, 0xff, 0xff, 0xff, 0xff, 0xff, 0xf8, 0x00, 0x00, 0x00, 0x3e, 0x03, 0xfe, 0x7f, 0xf0,  // Line 66
        0x9f, 0xf9, 0xff, 0xff, 0xff, 0xff, 0xff, 0xf0, 0x00, 0x00, 0x00, 0x3e, 0x07, 0xfe, 0x3f, 0xf0,  // Line 67
        0x3f, 0xfc, 0xff, 0xff, 0xff, 0xff, 0xff, 0xf8, 0x00, 0x00, 0x00, 0x7c, 0x1f, 0xfe, 0x1f, 0xf1,  // Line 68
        0x7f, 0xfe, 0x7f, 0xff, 0xff, 0xff, 0xff, 0xf8, 0x00, 0x00, 0x00, 0x7c, 0x7f, 0xff, 0x0f, 0xe3,  // Line 69
        0xff, 0xff, 0x9f, 0xff, 0xff, 0xff, 0x83, 0xf8, 0x00, 0x00, 0x00, 0x79, 0xff, 0xff, 0x0f, 0xe3,  // Line 70
        0xff, 0xff, 0xcf, 0xff, 0xff, 0xff, 0x03, 0xf8, 0x00, 0x00, 0x00, 0x7b, 0xff, 0xff, 0x87, 0xe2,  // Line 71
        0xff, 0xff, 0xe7, 0xff, 0xff, 0xff, 0xc1, 0xfc, 0x00, 0x00, 0x00, 0x77, 0xff, 0xff, 0x87, 0xe2,  // Line 72
        0xff, 0xff, 0xfb, 0xff, 0xff, 0xff, 0xe1, 0xfc, 0x00, 0x00, 0x01, 0x77, 0xff, 0xff, 0xc3, 0xe2,  // Line 73
        0xff, 0xff, 0xfc, 0xff, 0xff, 0xff, 0xf1, 0xfc, 0x00, 0x00, 0x1f, 0xe7, 0xff, 0xff, 0xe3, 0xe2,  // Line 74
        0xff, 0xff, 0xfe, 0x7f, 0xff, 0xff, 0xfb, 0xfc, 0x00, 0x03, 0xff, 0xef, 0xff, 0xff, 0xf9, 0xe3,  // Line 75
        0xff, 0xff, 0xff, 0x3f, 0xff, 0xff, 0xfb, 0xfe, 0x01, 0xff, 0xff, 0x4f, 0xff, 0xff, 0xf8, 0xf1,  // Line 76
        0xff, 0xff, 0xff, 0x9f, 0xff, 0xff, 0xff, 0xff, 0xff, 0xff, 0xfe, 0xdf, 0xff, 0xff, 0xfe, 0x71,  // Line 77
        0xff, 0xff, 0xff, 0xef, 0xff, 0xff, 0xff, 0xff, 0xff, 0xff, 0xfe, 0xdf, 0xff, 0xff, 0xff, 0x71,  // Line 78
        0xff, 0xff, 0xff, 0xf3, 0xff, 0xff, 0xff, 0xff, 0xff, 0xff, 0xfe, 0x9f, 0xff, 0xff, 0xff, 0xb8,  // Line 79
        0xff, 0xff, 0xff, 0xf9, 0xff, 0xff, 0xff, 0xff, 0xff, 0xff, 0xfe, 0x3f, 0xff, 0xff, 0xff, 0xdc,  // Line 80
        0xff, 0xff, 0xff, 0xfc, 0xff, 0xff, 0xff, 0xff, 0xff, 0xff, 0xfe, 0x3f, 0xff, 0xff, 0xff, 0xdc,  // Line 81
        0xff, 0xff, 0xff, 0xfe, 0x7f, 0xff, 0xff, 0xff, 0xff, 0xff, 0xfe, 0x7f, 0xff, 0xff, 0xff, 0xee,  // Line 82
        0xff, 0xff, 0xff, 0xff, 0x3f, 0xff, 0xff, 0xff, 0xff, 0xff, 0xfe, 0x7f, 0xff, 0xff, 0xff, 0xf7,  // Line 83
        0xff, 0xff, 0xff, 0xff, 0xdf, 0xff, 0xff, 0xff, 0xff, 0xff, 0xfe, 0x7f, 0xff, 0xff, 0xff, 0xf3,  // Line 84
        0xf7, 0xff, 0xff, 0xff, 0xef, 0xff, 0xff, 0xff, 0xff, 0xff, 0xfe, 0x7f, 0xff, 0xff, 0xff, 0xfb,  // Line 85
        0xff, 0xff, 0xff, 0xff, 0xf3, 0xff, 0xff, 0xff, 0xff, 0xff, 0xff, 0xff, 0xff, 0xff, 0xff, 0xfd,  // Line 86
        0xff, 0xff, 0xff, 0xff, 0xf9, 0xff, 0xff, 0xff, 0xff, 0xff, 0xff, 0xff, 0xff, 0xff, 0xff, 0xfe,  // Line 87
        0xff, 0xff, 0xff, 0xff, 0xfc, 0xff, 0xff, 0xff, 0xff, 0xff, 0xff, 0xff, 0xff, 0xff, 0xff, 0xff,  // Line 88
        0xff, 0xff, 0xff, 0xff, 0xfe, 0x7f, 0xff, 0xff, 0xff, 0xff, 0xff, 0xff, 0xff, 0xff, 0xff, 0xff,  // Line 89
        0xff, 0xff, 0xff, 0xff, 0xff, 0x3f, 0xff, 0xff, 0xff, 0xff, 0xff, 0xff, 0xff, 0xff, 0xff, 0xff,  // Line 90
        0xff, 0xff, 0xff, 0xff, 0xff, 0x9f, 0xff, 0xff, 0xff, 0xff, 0xff, 0xff, 0xff, 0xff, 0xff, 0xff,  // Line 91
        0xff, 0xff, 0xff, 0xff, 0xff, 0xcf, 0xff, 0xff, 0xff, 0xff, 0xff, 0xff, 0xff, 0xff, 0xff, 0xff,  // Line 92
        0xff, 0xff, 0xff, 0xff, 0xff, 0xe7, 0xff, 0xff, 0xff, 0xff, 0xff, 0xff, 0xff, 0xff, 0xff, 0xff,  // Line 93
        0xff, 0xff, 0xff, 0xff, 0xff, 0xf3, 0xff, 0xff, 0xff, 0xff, 0xff, 0xff, 0xff, 0xff, 0xff, 0xff,  // Line 94
        0xff, 0xff, 0xff, 0xff, 0xff, 0xfd, 0xff, 0xff, 0xff, 0xff, 0xff, 0xff, 0xff, 0xff, 0xff, 0xff,  // Line 95
        0xff, 0xff, 0xff, 0xff, 0xff, 0xfe, 0xff, 0xff, 0xff, 0xff, 0xff, 0xff, 0xff, 0xff, 0xff, 0xff,  // Line 96
        0xff, 0xff, 0xff, 0xff, 0xff, 0xff, 0x7f, 0xff, 0xff, 0xff, 0xff, 0xff, 0xff, 0xff, 0xff, 0x7f,  // Line 97
        0xff, 0xff, 0xff, 0xff, 0xff, 0xff, 0xbf, 0xff, 0xff, 0xff, 0xff, 0xff, 0xff, 0xff, 0xff, 0x7f,  // Line 98
        0xff, 0xff, 0xff, 0xff, 0xff, 0xff, 0xdf, 0xff, 0xff, 0xff, 0xff, 0xff, 0xff, 0xff, 0xff, 0xbf,  // Line 99
        0xff, 0xff, 0xff, 0xff, 0xff, 0xff, 0xcf, 0xff, 0xff, 0xff, 0xff, 0xff, 0xff, 0xff, 0xff, 0xbf,  // Line 100
        0xff, 0xff, 0xff, 0xff, 0xff, 0xff, 0xe7, 0xff, 0xff, 0xff, 0xff, 0xff, 0xff, 0xff, 0xff, 0xdf,  // Line 101
        0xff, 0xff, 0xff, 0xff, 0xff, 0xff, 0xf3, 0xff, 0xff, 0xff, 0xff, 0xff, 0xff, 0xff, 0xff, 0xdf,  // Line 102
        0xff, 0xff, 0xff, 0xff, 0xff, 0xff, 0xf9, 0xff, 0xff, 0xff, 0xff, 0xff, 0xff, 0xff, 0xff, 0xdf,  // Line 103
        0xff, 0xff, 0xff, 0xff, 0xff, 0xff, 0xfc, 0xff, 0xff, 0xff, 0xff, 0xff, 0xff, 0xff, 0xff, 0xef,  // Line 104
        0xff, 0xff, 0xff, 0xff, 0xff, 0xff, 0xfe, 0x7f, 0xff, 0xff, 0xff, 0xff, 0xff, 0xff, 0xff, 0xef,  // Line 105
        0xff, 0xff, 0xff, 0xff, 0xff, 0xff, 0xff, 0x7f, 0xff, 0xff, 0xff, 0xff, 0xff, 0xff, 0xff, 0xef,  // Line 106
        0xff, 0xff, 0xff, 0xff, 0xff, 0xff, 0xff, 0xbf, 0xff, 0xff, 0xff, 0xff, 0xff, 0xff, 0xff, 0xe7,  // Line 107
        0xff, 0xff, 0xff, 0xff, 0xff, 0xff, 0xff, 0xdf, 0xff, 0xff, 0xff, 0xff, 0xff, 0xff, 0xff, 0xf7,  // Line 108
        0xff, 0xff, 0xff, 0xff, 0xff, 0xff, 0xff, 0xcf, 0xff, 0xff, 0xff, 0xff, 0xff, 0x7f, 0xff, 0xf7,  // Line 109
        0xff, 0xff, 0xff, 0xff, 0xff, 0xff, 0xff, 0xe7, 0xff, 0xff, 0xff, 0xff, 0xff, 0x7f, 0xff, 0xf3,  // Line 110
        0xff, 0xff, 0xff, 0xff, 0xff, 0xff, 0xff, 0xf7, 0xff, 0xff, 0xff, 0xff, 0xff, 0x3f, 0xff, 0xfb,  // Line 111
        0xff, 0xff, 0xff, 0xff, 0xff, 0xff, 0xff, 0xf3, 0xff, 0xff, 0xff, 0xff, 0xff, 0xbf, 0xff, 0xfb,  // Line 112
        0xff, 0xff, 0xff, 0xff, 0xff, 0xff, 0xff, 0xfb, 0xff, 0xff, 0xff, 0xff, 0xff, 0xbf, 0xff, 0xf9,  // Line 113
        0xff, 0xff, 0xff, 0xff, 0xff, 0xff, 0xff, 0xfb, 0xff, 0xff, 0xff, 0xff, 0xff, 0xbf, 0xff, 0xfd,  // Line 114
        0xff, 0xff, 0xff, 0xff, 0xff, 0xff, 0xff, 0xfb, 0xff, 0xff, 0xff, 0xff, 0xff, 0xbf, 0xff, 0xfd,  // Line 115
        0x7f, 0xff, 0xff, 0xff, 0xff, 0xff, 0xff, 0xff, 0xff, 0xff, 0xff, 0xff, 0xff, 0x9f, 0xff, 0xfc,  // Line 116
        0xbf, 0xff, 0xff, 0xff, 0xff, 0xff, 0xff, 0xff, 0xff, 0xff, 0xff, 0xff, 0xff, 0x9f, 0xff, 0xfc,  // Line 117
        0x9f, 0xff, 0xff, 0xff, 0xff, 0xff, 0xff, 0xf9, 0xff, 0xff, 0xff, 0xff, 0xff, 0xdf, 0xff, 0xfe,  // Line 118
        0xdf, 0xff, 0xff, 0xff, 0xff, 0xff, 0xff, 0xf9, 0xff, 0xff, 0xff, 0xff, 0xff, 0xdf, 0xff, 0xfe,  // Line 119
        0xef, 0xff, 0xff, 0xff, 0xfe, 0xff, 0xff, 0xf9, 0xff, 0xff, 0xff, 0xff, 0xff, 0xdf, 0xff, 0xfe,  // Line 120
        0xf7, 0xff, 0xff, 0xff, 0xff, 0x7f, 0xff, 0xf9, 0xff, 0xff, 0xff, 0xff, 0xff, 0xdf, 0xff, 0xff,  // Line 121
        0xfb, 0xff, 0xff, 0xff, 0xff, 0xbf, 0xff, 0xf9, 0xff, 0xff, 0xff, 0xff, 0xff, 0xdf, 0xff, 0xff,  // Line 122
        0xf9, 0xff, 0xff, 0xff, 0xff, 0xdf, 0xff, 0xf9, 0xf7, 0xff, 0xff, 0xff, 0xff, 0xdf, 0xff, 0xff,  // Line 123
        0xfc, 0xff, 0xff, 0xff, 0xff, 0xef, 0xff, 0xf9, 0xf7, 0xff, 0xff, 0xff, 0xff, 0xdf, 0xff, 0xff,  // Line 124
        0xfe, 0xff, 0xff, 0xff, 0xff, 0xe7, 0xff, 0xeb, 0xef, 0xff, 0xff, 0xff, 0xff, 0xdf, 0xff, 0xff,  // Line 125
        0xff, 0x7f, 0xff, 0xff, 0xff, 0xf3, 0xff, 0xeb, 0xef, 0xff, 0xff, 0xff, 0xff, 0xdf, 0xff, 0xff,  // Line 126
        0xff, 0xbf, 0xff, 0xff, 0xff, 0xf3, 0xff, 0xc2, 0xef, 0xff, 0xff, 0xff, 0xff, 0xdf, 0xff, 0xff,  // Line 127
    },
    { /* Frame 2 */
        0xff, 0xff, 0xff, 0xff, 0xff, 0xff, 0xff, 0xe7, 0xff, 0xff, 0x0f, 0xff, 0x81, 0xff, 0xe7, 0xf8,  // Line 0
        0xff, 0xff, 0xff, 0xff, 0xff, 0xff, 0xff, 0xf3, 0xff, 0xff, 0x0f, 0xff, 0xc1, 0xff, 0xcf, 0xfc,  // Line 1
        0xff, 0xff, 0xff, 0xff, 0xff, 0xff, 0xff, 0xff, 0xff, 0xff, 0x8f, 0xff, 0xf8, 0x00, 0x9f, 0xfe,  // Line 2
        0xff, 0xfa, 0x00, 0x01, 0xff, 0xff, 0xff, 0xff, 0xff, 0xff, 0xdf, 0xff, 0xff, 0xc0, 0x3f, 0xff,  // Line 3
        0xf8, 0x0f, 0xff, 0xf0, 0x07, 0xff, 0xff, 0xff, 0xff, 0xff, 0xff, 0xff, 0xff, 0xff, 0xff, 0xfc,  // Line 4
        0xc3, 0xff, 0xff, 0xff, 0xf0, 0x7f, 0xff, 0xff, 0xff, 0xff, 0xff, 0xff, 0xe0, 0x07, 0xff, 0xf1,  // Line 5
        0x3f, 0xff, 0xff, 0xff, 0xff, 0x87, 0xff, 0xff, 0xff, 0xff, 0xff, 0xff, 0xfe, 0x01, 0xff, 0xcf,  // Line 6
        0xff, 0xff, 0xff, 0xff, 0xff, 0xf1, 0xff, 0xff, 0xff, 0xff, 0x80, 0x7f, 0xff, 0x80, 0xff, 0xdf,  // Line 7
        0xff, 0xff, 0xff, 0xff, 0xff, 0xff, 0xff, 0xff, 0xff, 0xff, 0xfc, 0x00, 0x3f, 0xe0, 0x3f, 0x9f,  // Line 8
        0xff, 0xff, 0xff, 0xff, 0xff, 0xff, 0xff, 0xff, 0xff, 0xff, 0xff, 0xe0, 0x1f, 0xf0, 0x1f, 0x9f,  // Line 9
        0xff, 0xff, 0xff, 0xff, 0xff, 0xff, 0xff, 0xff, 0xff, 0xff, 0xff, 0xff, 0x1f, 0xfc, 0x0f, 0x9f,  // Line 10
        0xff, 0xff, 0xff, 0xff, 0xff, 0xff, 0xff, 0xff, 0xff, 0xff, 0xff, 0xff, 0x9f, 0xfe, 0x07, 0x9f,  // Line 11
        0xff, 0xff, 0xff, 0xff, 0xff, 0xff, 0xff, 0xff, 0xff, 0xff, 0xff, 0xff, 0x9f, 0xff, 0x83, 0x9f,  // Line 12
        0xff, 0xff, 0xff, 0xff, 0xff, 0xff, 0xff, 0xff, 0xff, 0xff, 0xff, 0xff, 0x9f, 0xff, 0xc3, 0x9f,  // Line 13
        0xff, 0xff, 0xff, 0xff, 0xff, 0xff, 0xff, 0xff, 0xff, 0xff, 0xff, 0xff, 0x9f, 0xff, 0xe3, 0x9f,  // Line 14
        0xff, 0xff, 0xff, 0xff, 0xff, 0xff, 0xff, 0xff, 0xff, 0xff, 0xff, 0xff, 0x9f, 0xff, 0xf1, 0x9f,  // Line 15
        0xff, 0xff, 0xff, 0xff, 0xff, 0xff, 0xff, 0xff, 0xff, 0xff, 0xff, 0xff, 0xff, 0xff, 0xf9, 0xdf,  // Line 16
        0xff, 0xff, 0xff, 0xff, 0xff, 0xff, 0xff, 0xff, 0xff, 0xff, 0xff, 0xff, 0xff, 0xff, 0xfd, 0xde,  // Line 17
        0xff, 0xff, 0xff, 0xff, 0xff, 0xff, 0xff, 0xff, 0xff, 0xff, 0xff, 0xff, 0xff, 0xff, 0xfc, 0xde,  // Line 18
        0xff, 0xff, 0xff, 0xff, 0xff, 0xff, 0xff, 0xff, 0xff, 0xff, 0xff, 0xff, 0xff, 0xff, 0xfe, 0xcf,  // Line 19
        0xff, 0xff, 0x8f, 0xff, 0xff, 0xff, 0xff, 0xff, 0xff, 0xff, 0xff, 0xff, 0xff, 0xf0, 0x7e, 0x6f,  // Line 20
        0xff, 0xf0, 0x7f, 0xff, 0xff, 0xff, 0xff, 0xff, 0xff, 0xff, 0xff, 0xff, 0xff, 0xf0, 0x0f, 0x6f,  // Line 21
        0xff, 0x0f, 0xff, 0xff, 0xff, 0xff, 0xff, 0xff, 0xff, 0xff, 0xff, 0xff, 0xff, 0xe0, 0x07, 0x6f,  // Line 22
        0xf8, 0xff, 0xff, 0xff, 0xff, 0xff, 0xff, 0xff, 0xff, 0xff, 0xff, 0xff, 0xff, 0x00, 0x07, 0xe7,  // Line 23
        0xe7, 0xff, 0xff, 0xff, 0xff, 0xff, 0xff, 0xff, 0xff, 0xff, 0xff, 0xff, 0xfe, 0x00, 0x03, 0xf7,  // Line 24
        0x3f, 0xff, 0xff, 0xff, 0xff, 0xff, 0xff, 0xff, 0xff, 0xff, 0xff, 0xff, 0xf8, 0x00, 0x03, 0xf6,  // Line 25
        0xff, 0xff, 0xff, 0xff, 0xff, 0xff, 0xff, 0xff, 0xff, 0xff, 0xff, 0xff, 0xe0, 0x00, 0x03, 0xfe,  // Line 26
        0xff, 0xff, 0xff, 0xff, 0xff, 0xff, 0xff, 0xff, 0xff, 0xff, 0xff, 0xff, 0x80, 0x00, 0x03, 0xfa,  // Line 27
        0xff, 0xff, 0xff, 0xff, 0xff, 0xff, 0xff, 0xff, 0xff, 0xff, 0xff, 0xff, 0x80, 0x00, 0x01, 0xfa,  // Line 28
        0xff, 0xff, 0xff, 0xff, 0xff, 0xff, 0xff, 0xff, 0xff, 0xff, 0xff, 0xff, 0x00, 0x00, 0x01, 0xfc,  // Line 29
        0xff, 0xff, 0xff, 0xff, 0xff, 0xff, 0xff, 0xff, 0xff, 0x1f, 0xff, 0xff, 0x00, 0x00, 0x01, 0xfc,  // Line 30
        0xff, 0xff, 0xff, 0xff, 0xff, 0xff, 0xff, 0xff, 0xfe, 0x1f, 0xff, 0xff, 0x00, 0x00, 0x01, 0xfc,  // Line 31
        0xff, 0xff, 0xff, 0xff, 0xff, 0xff, 0xff, 0xff, 0xfe, 0x1f, 0xff, 0xff, 0x00, 0x00, 0x01, 0xfc,  // Line 32
        0xff, 0xff, 0xff, 0xff, 0xff, 0xff, 0xff, 0xff, 0xff, 0x1f, 0xff, 0xfe, 0x00, 0x00, 0x00, 0xfc,  // Line 33
        0xff, 0xff, 0xff, 0xff, 0xff, 0xff, 0xff, 0xff, 0xff, 0x9f, 0xff, 0xfe, 0x00, 0x00, 0x00, 0xfc,  // Line 34
        0xff, 0xff, 0xff, 0xff, 0xff, 0xff, 0xff, 0xff, 0xff, 0xbf, 0xff, 0xfe, 0x00, 0x00, 0x00, 0xfe,  // Line 35
        0xff, 0xff, 0xff, 0xff, 0xff, 0xff, 0xff, 0xff, 0xff, 0xbf, 0xff, 0xfe, 0x00, 0x00, 0x00, 0xff,  // Line 36
        0xff, 0xff, 0xff, 0xff, 0xff, 0xff, 0xff, 0xff, 0xff, 0xff, 0xff, 0xfe, 0x00, 0x00, 0x00, 0xff,  // Line 37
        0xff, 0xff, 0xff, 0xff, 0x1f, 0xff, 0xff, 0xff, 0xff, 0xff, 0xff, 0xfe, 0x00, 0x00, 0x00, 0xff,  // Line 38
        0xff, 0xff, 0xff, 0xfe, 0x61, 0xff, 0xff, 0xff, 0xff, 0xff, 0xcf, 0xfe, 0x00, 0x00, 0x00, 0xff,  // Line 39
        0xff, 0xff, 0xff, 0xf9, 0xfc, 0x7f, 0xff, 0xff, 0xff, 0xfe, 0x07, 0xfe, 0x00, 0x00, 0x0f, 0xff,  // Line 40
        0xff, 0xff, 0xff, 0xf3, 0xff, 0x1f, 0xff, 0xff, 0xff, 0xfc, 0x07, 0xfe, 0x00, 0x00, 0xff, 0xff,  // Line 41
        0xff, 0xff, 0xff, 0xcf, 0xff, 0xe7, 0xff, 0xff, 0xff, 0xff, 0x87, 0xfe, 0x00, 0x0f, 0xff, 0xff,  // Line 42
        0xff, 0xff, 0xff, 0x9f, 0xff, 0xf8, 0xff, 0xff, 0xff, 0xff, 0xc7, 0xfe, 0x03, 0xff, 0xff, 0xff,  // Line 43
        0xff, 0xff, 0xfe, 0x7f, 0xff, 0xfe, 0x3f, 0xff, 0xff, 0xff, 0xc7, 0xfe, 0x3f, 0xff, 0xff, 0xff,  // Line 44
        0xff, 0xff, 0xfc, 0xff, 0xff, 0xff, 0x8f, 0xff, 0xff, 0xff, 0xe7, 0xff, 0xff, 0xff, 0xff, 0xff,  // Line 45
        0xff, 0xff, 0xf9, 0xff, 0xff, 0xff, 0xe7, 0xff, 0xff, 0xff, 0xe7, 0xff, 0xff, 0xff, 0xff, 0xff,  // Line 46
        0xff, 0xff, 0xf7, 0xff, 0xff, 0xff, 0xf9, 0xff, 0xff, 0xff, 0xef, 0xff, 0xff, 0xff, 0xff, 0xff,  // Line 47
        0xff, 0xff, 0xcf, 0xff, 0xff, 0xff, 0xfc, 0x7f, 0xff, 0xff, 0xff, 0xff, 0xff, 0xff, 0xff, 0xff,  // Line 48
        0xff, 0xff, 0x9f, 0xff, 0xff, 0xff, 0xff, 0x3f, 0xff, 0xff, 0xff, 0xff, 0xff, 0xff, 0xff, 0xff,  // Line 49
        0xff, 0xff, 0x3f, 0xff, 0xff, 0xff, 0xff, 0xcf, 0xff, 0xff, 0xff, 0xff, 0xff, 0xff, 0xff, 0xff,  // Line 50
        0xff, 0xfe, 0xff, 0xff, 0xff, 0xff, 0xff, 0xe3, 0xff, 0xff, 0xff, 0xff, 0xff, 0xff, 0xff, 0xff,  // Line 51
        0xff, 0xfd, 0xff, 0xff, 0xff, 0xff, 0xff, 0xf9, 0xff, 0xff, 0xff, 0xff, 0xff, 0xff, 0xff, 0xff,  // Line 52
        0xff, 0xf3, 0xff, 0xff, 0xff, 0xff, 0xff, 0xfc, 0xff, 0xff, 0xff, 0xff, 0xff, 0xff, 0xff, 0xff,  // Line 53
        0xff, 0xe7, 0xff, 0xff, 0xff, 0xff, 0xff, 0xff, 0x3f, 0xff, 0xff, 0xff, 0xff, 0xff, 0xff, 0xff,  // Line 54
        0xff, 0xcf, 0xff, 0xff, 0xff, 0xff, 0xff, 0xff, 0x9f, 0xff, 0xff, 0xff, 0xff, 0xff, 0xff, 0xff,  // Line 55
        0xff, 0x9f, 0xff, 0xff, 0xff, 0xff, 0xff, 0xff, 0xcf, 0xff, 0xff, 0xff, 0xff, 0xff, 0xff, 0xff,  // Line 56
        0xff, 0x3f, 0xff, 0xff, 0xff, 0xff, 0xff, 0xff, 0xf7, 0xff, 0xff, 0xff, 0xff, 0xff, 0xff, 0xff,  // Line 57
        0xfe, 0x3f, 0xff, 0xff, 0xff, 0xff, 0xff, 0xff, 0xfb, 0xff, 0xff, 0xff, 0xff, 0xff, 0xff, 0xff,  // Line 58
        0xfc, 0x1f, 0xff, 0xff, 0xff, 0xff, 0xff, 0xff, 0xfc, 0xff, 0xff, 0xff, 0xff, 0xff, 0xff, 0xff,  // Line 59
        0xf9, 0xff, 0xff, 0xff, 0xff, 0xff, 0xff, 0xff, 0xff, 0x7f, 0xff, 0xff, 0xff, 0xff, 0xff, 0xff,  // Line 60
        0xf7, 0xff, 0xff, 0xff, 0xff, 0xff, 0xff, 0xff, 0xff, 0xbf, 0xff, 0xff, 0xff, 0xff, 0xff, 0xff,  // Line 61
        0xef, 0xff, 0xff, 0xff, 0xff, 0xff, 0xff, 0xff, 0xff, 0xdf, 0xff, 0xff, 0xff, 0xff, 0xff, 0xbf,  // Line 62
        0xdf, 0xff, 0xff, 0xff, 0xff, 0xff, 0xff, 0xff, 0xff, 0xef, 0xff, 0xff, 0xff, 0xff, 0xff, 0xff,  // Line 63
        0xbf, 0xff, 0xff, 0xff, 0xff, 0xff, 0xff, 0xff, 0xff, 0xf7, 0xff, 0xff, 0xff, 0xff, 0xff, 0xff,  // Line 64
        0x7f, 0xff, 0xff, 0xff, 0xff, 0xff, 0xff, 0xff, 0xff, 0xfb, 0xff, 0xff, 0xff, 0xff, 0xff, 0xff,  // Line 65
        0xff, 0xff, 0xff, 0xff, 0xff, 0xff, 0xff, 0xff, 0xff, 0xfd, 0xff, 0xff, 0xff, 0xff, 0xff, 0xff,  // Line 66
        0xff, 0xff, 0xff, 0xff, 0xff, 0xff, 0xff, 0xff, 0xff, 0xfe, 0xff, 0xff, 0xff, 0xff, 0xff, 0xff,  // Line 67
        0xff, 0xff, 0xff, 0xff, 0xff, 0xff, 0xff, 0xff, 0xff, 0xff, 0x7f, 0xff, 0xff, 0xff, 0xff, 0xff,  // Line 68
        0xff, 0xff, 0xff, 0xff, 0xff, 0xff, 0xff, 0xff, 0xff, 0xff, 0xbf, 0xff, 0xff, 0xff, 0xff, 0xff,  // Line 69
        0xff, 0xff, 0xff, 0xff, 0xff, 0xff, 0xff, 0xff, 0xff, 0xff, 0xdf, 0xff, 0xff, 0xff, 0xff, 0xff,  // Line 70
        0xff, 0xff, 0xff, 0xff, 0xff, 0xff, 0xff, 0xff, 0xff, 0xff, 0xcf, 0xff, 0xff, 0xff, 0xff, 0xff,  // Line 71
        0xff, 0xff, 0xff, 0xff, 0xff, 0xff, 0xff, 0xff, 0xff, 0xff, 0xef, 0xff, 0xff, 0xff, 0xff, 0xff,  // Line 72
        0xff, 0xff, 0xff, 0xff, 0xff, 0xff, 0xff, 0xff, 0xff, 0xff, 0xf7, 0xff, 0xff, 0xff, 0xff, 0xff,  // Line 73
        0xff, 0xff, 0xff, 0xff, 0xff, 0xff, 0xff, 0xff, 0xff, 0xff, 0xf7, 0xff, 0xff, 0xff, 0xff, 0xff,  // Line 74
        0xff, 0xff, 0xff, 0xff, 0xff, 0xff, 0xff, 0xff, 0xff, 0xff, 0xfb, 0xff, 0xff, 0xff, 0xff, 0xff,  // Line 75
        0xff, 0xff, 0xff, 0xff, 0xff, 0xff, 0xff, 0xff, 0xff, 0xff, 0xfb, 0xff, 0xff, 0xff, 0xff, 0xff,  // Line 76
        0xff, 0xff, 0xff, 0xff, 0xff, 0xff, 0xff, 0xff, 0xff, 0xff, 0xfd, 0xff, 0xff, 0xff, 0xff, 0xff,  // Line 77
        0xff, 0xff, 0xff, 0xff, 0xff, 0xff, 0xff, 0xff, 0xff, 0xff, 0xfd, 0xff, 0xff, 0xff, 0xff, 0xff,  // Line 78
        0xff, 0xff, 0xff, 0xff, 0xff, 0xff, 0xff, 0xff, 0xff, 0xff, 0xfd, 0xff, 0xff, 0xff, 0xff, 0xff,  // Line 79
        0xff, 0xff, 0xff, 0xff, 0xff, 0xff, 0xff, 0xff, 0xff, 0xff, 0xfe, 0xff, 0xff, 0xff, 0xff, 0xff,  // Line 80
        0xff, 0xff, 0xff, 0xff, 0xff, 0xff, 0xff, 0xff, 0xff, 0xff, 0xfe, 0xff, 0xff, 0xff, 0xff, 0xff,  // Line 81
        0xff, 0xff, 0xff, 0xff, 0xff, 0xff, 0xff, 0xff, 0xff, 0xff, 0xfe, 0xff, 0xff, 0xff, 0xff, 0xff,  // Line 82
        0xff, 0xff, 0xff, 0xff, 0xff, 0xff, 0xff, 0xff, 0xff, 0xff, 0xfe, 0xff, 0xff, 0xff, 0xff, 0xff,  // Line 83
        0xff, 0xff, 0xff, 0xff, 0xff, 0xff, 0xff, 0xff, 0xff, 0xff, 0xff, 0x7f, 0xff, 0xff, 0xff, 0xff,  // Line 84
        0xff, 0xff, 0xff, 0xff, 0xff, 0xff, 0xff, 0xff, 0xff, 0xff, 0xff, 0x7f, 0xff, 0xff, 0xff, 0xff,  // Line 85
        0xff, 0xff, 0xff, 0xff, 0xff, 0xff, 0xff, 0xff, 0xff, 0xff, 0xff, 0x7f, 0xff, 0xff, 0xff, 0xff,  // Line 86
        0xff, 0xff, 0xff, 0xff, 0xff, 0xff, 0xff, 0xff, 0xff, 0xff, 0xff, 0x7f, 0xff, 0xff, 0xff, 0xff,  // Line 87
        0xff, 0xff, 0xff, 0xff, 0xff, 0xff, 0xff, 0xff, 0xff, 0xff, 0xff, 0x7f, 0xff, 0xff, 0xff, 0xff,  // Line 88
        0xff, 0xff, 0xff, 0xff, 0xff, 0xff, 0xff, 0xff, 0xff, 0xff, 0xff, 0x7f, 0xff, 0xff, 0xff, 0xff,  // Line 89
        0xff, 0xff, 0xff, 0xff, 0xff, 0xff, 0xff, 0xff, 0xff, 0xff, 0xff, 0x7f, 0xff, 0xff, 0xff, 0xff,  // Line 90
        0xff, 0xff, 0xff, 0xff, 0xff, 0xff, 0xff, 0xff, 0xff, 0xff, 0xff, 0x7f, 0xff, 0xff, 0xff, 0xff,  // Line 91
        0xff, 0xff, 0xff, 0xff, 0xff, 0xff, 0xff, 0xff, 0xff, 0xff, 0xff, 0x7f, 0xff, 0xff, 0xff, 0xff,  // Line 92
        0xff, 0xff, 0xff, 0xff, 0xff, 0xff, 0xff, 0xff, 0xff, 0xff, 0xff, 0x7f, 0xff, 0xff, 0xfe, 0xff,  // Line 93
        0xff, 0xff, 0xff, 0xff, 0xff, 0xff, 0xff, 0xff, 0xff, 0xff, 0xff, 0x77, 0xff, 0xff, 0xfe, 0xff,  // Line 94
        0xff, 0xff, 0xff, 0xff, 0xff, 0xff, 0xff, 0xff, 0xff, 0xff, 0xff, 0x77, 0xff, 0xff, 0xff, 0x7f,  // Line 95
        0xff, 0xff, 0xff, 0xff, 0xff, 0xff, 0xff, 0xff, 0xff, 0xff, 0xfe, 0x67, 0xff, 0xff, 0xff, 0x7f,  // Line 96
        0xff, 0xff, 0xff, 0xff, 0xff, 0xff, 0xff, 0xff, 0xff, 0xff, 0xfc, 0x6f, 0xff, 0xff, 0xff, 0x7f,  // Line 97
        0xff, 0xff, 0xff, 0xff, 0xff, 0xff, 0xff, 0xdf, 0xff, 0xff, 0xfc, 0x6f, 0xff, 0xff, 0xff, 0x7f,  // Line 98
        0xff, 0xff, 0xff, 0xff, 0xff, 0xff, 0xff, 0xef, 0xff, 0xff, 0xfa, 0x4f, 0xff, 0xff, 0xff, 0xbf,  // Line 99
        0xff, 0xff, 0xff, 0xff, 0xff, 0xff, 0xff, 0xe7, 0xff, 0xff, 0xf2, 0x5f, 0x7f, 0xff, 0xff, 0xbf,  // Line 100
        0xff, 0xff, 0xff, 0xff, 0xff, 0xff, 0xff, 0xf3, 0xff, 0xff, 0xf2, 0x1e, 0x7f, 0xff, 0xff, 0xbf,  // Line 101
        0x7f, 0xff, 0xff, 0xff, 0xff, 0xff, 0xff, 0xf9, 0xff, 0xff, 0xe2, 0x1e, 0xff, 0xff, 0xff, 0x9f,  // Line 102
        0xbf, 0xff, 0xff, 0xff, 0xff, 0xff, 0xff, 0xfd, 0xff, 0xff, 0xc2, 0x3e, 0xff, 0xff, 0xff, 0xdf,  // Line 103
        0xdf, 0xff, 0xff, 0xff, 0xff, 0xff, 0xff, 0xfe, 0xff, 0xff, 0x82, 0x3c, 0xff, 0xff, 0xff, 0xdf,  // Line 104
        0xcf, 0xff, 0xff, 0xff, 0xff, 0xff, 0xff, 0xfe, 0x7f, 0xff, 0x00, 0x7c, 0xff, 0xff, 0xff, 0xdf,  // Line 105
        0xef, 0xff, 0xff, 0xff, 0xff, 0xff, 0xff, 0xff, 0x7f, 0xff, 0x04, 0x79, 0xff, 0xff, 0xff, 0xdf,  // Line 106
        0xf3, 0xff, 0xff, 0xff, 0xff, 0xff, 0xff, 0xff, 0x3f, 0xfe, 0x04, 0xf9, 0xff, 0xff, 0xff, 0xcf,  // Line 107
        0xfb, 0xff, 0xff, 0xff, 0xff, 0xff, 0xff, 0xff, 0x83, 0xfd, 0x08, 0xf1, 0xff, 0xff, 0xff, 0xcf,  // Line 108
        0xfd, 0xff, 0xff, 0xff, 0xff, 0xff, 0xff, 0xff, 0x93, 0xf8, 0x09, 0xf3, 0xff, 0xff, 0xff, 0xcf,  // Line 109
        0xfe, 0xff, 0xff, 0xff, 0xff, 0xff, 0xff, 0xff, 0xc7, 0xf0, 0x11, 0xe3, 0xff, 0xff, 0xff, 0xcf,  // Line 110
        0xff, 0x7f, 0xff, 0xff, 0xff, 0xff, 0xff, 0xff, 0xe3, 0xe0, 0x03, 0xe7, 0xff, 0xff, 0xff, 0xef,  // Line 111
        0xff, 0xbf, 0xff, 0xff, 0xff, 0xff, 0xff, 0xff, 0xfb, 0xc0, 0x27, 0xc7, 0xff, 0xff, 0xff, 0xef,  // Line 112
        0xff, 0xdf, 0xff, 0xff, 0xff, 0xff, 0xff, 0xff, 0xfb, 0xc0, 0x07, 0xcf, 0xff, 0xff, 0xff, 0xef,  // Line 113
        0xff, 0xcf, 0xff, 0xff, 0xff, 0xff, 0xff, 0xff, 0xfb, 0x00, 0x4f, 0x8f, 0xff, 0xff, 0xff, 0xef,  // Line 114
        0xff, 0xe7, 0xff, 0xff, 0xff, 0xff, 0xff, 0xff, 0xfb, 0x00, 0x9f, 0x1f, 0xff, 0xff, 0xff, 0xef,  // Line 115
        0xff, 0xf3, 0xff, 0xff, 0xff, 0xff, 0xff, 0xff, 0xfa, 0x00, 0x1f, 0x3f, 0xff, 0xff, 0xff, 0xef,  // Line 116
        0xff, 0xf9, 0xff, 0xff, 0xff, 0xff, 0xff, 0xff, 0xf2, 0x01, 0x3e, 0x7f, 0xff, 0xff, 0xff, 0xef,  // Line 117
        0xff, 0xfd, 0xff, 0xff, 0xff, 0xff, 0xff, 0xff, 0xf0, 0x02, 0x7e, 0xff, 0xff, 0xff, 0xff, 0xef,  // Line 118
        0xff, 0xfe, 0xff, 0xff, 0xff, 0xff, 0xff, 0xff, 0xf4, 0x04, 0xfd, 0xff, 0xff, 0xff, 0xff, 0xef,  // Line 119
        0xff, 0xff, 0x7f, 0xff, 0xff, 0xff, 0xff, 0xff, 0xe4, 0x04, 0xfb, 0xff, 0xff, 0xff, 0xff, 0xe7,  // Line 120
        0xff, 0xff, 0xbf, 0xff, 0xff, 0xff, 0xff, 0xff, 0xe4, 0x09, 0xf7, 0xff, 0xff, 0xff, 0xff, 0xe7,  // Line 121
        0xff, 0xff, 0xdf, 0xff, 0xff, 0xff, 0xff, 0xff, 0xe0, 0x13, 0xff, 0xff, 0xff, 0xff, 0xff, 0xe7,  // Line 122
        0xff, 0xff, 0xef, 0xff, 0xff, 0xff, 0xff, 0xff, 0xe0, 0x07, 0xff, 0xff, 0xf7, 0xff, 0xff, 0xe7,  // Line 123
        0xff, 0xff, 0xe7, 0xff, 0xff, 0xff, 0xff, 0xff, 0xc0, 0x27, 0xff, 0xff, 0xf7, 0xff, 0xff, 0xe7,  // Line 124
        0xff, 0xff, 0xf7, 0xff, 0xff, 0xff, 0xff, 0xff, 0xc0, 0x4f, 0xff, 0xff, 0xf7, 0xff, 0xff, 0xe7,  // Line 125
        0xff, 0xff, 0xfb, 0xff, 0xff, 0xff, 0xff, 0xff, 0xa0, 0x9f, 0xff, 0xff, 0xf7, 0xff, 0xff, 0xe7,  // Line 126
        0xff, 0xff, 0xfd, 0xff, 0xff, 0xff, 0xff, 0xff, 0x18, 0x3f, 0xff, 0xff, 0xe7, 0xff, 0xff, 0xe7,  // Line 127
    },
    { /* Frame 3 */
        0xff, 0xdf, 0xff, 0xff, 0xff, 0xff, 0xff, 0xff, 0xbf, 0xff, 0xe0, 0x00, 0x7f, 0x00, 0x3e, 0x00,  // Line 0
        0xff, 0xbf, 0xff, 0xff, 0xff, 0xff, 0xff, 0xff, 0xff, 0xff, 0xf0, 0x01, 0xff, 0x00, 0x3f, 0x00,  // Line 1
        0xff, 0x7f, 0xff, 0xff, 0xff, 0xff, 0xff, 0xff, 0xff, 0xff, 0xfc, 0x0f, 0xff, 0x00, 0x3f, 0xc7,  // Line 2
        0xfe, 0x7f, 0xff, 0xff, 0xff, 0xff, 0xff, 0xff, 0xff, 0xff, 0xfc, 0x7f, 0xff, 0x00, 0x3f, 0xff,  // Line 3
        0xfc, 0xff, 0xff, 0xff, 0xff, 0xff, 0xff, 0xff, 0xff, 0xff, 0xfc, 0x3f, 0xff, 0x00, 0x3f, 0xfc,  // Line 4
        0xfd, 0xff, 0xff, 0xff, 0xff, 0xff, 0xff, 0xff, 0xff, 0xff, 0xfe, 0x1f, 0xfe, 0x00, 0x3f, 0xf9,  // Line 5
        0xfb, 0xff, 0xff, 0xff, 0xff, 0xff, 0xff, 0xff, 0xff, 0xff, 0xff, 0x0f, 0xfe, 0x01, 0x1f, 0xf3,  // Line 6
        0xf7, 0xff, 0x80, 0x00, 0x00, 0x0f, 0xff, 0xff, 0xff, 0xff, 0xff, 0xff, 0xff, 0x03, 0xff, 0xf7,  // Line 7
        0xff, 0xe0, 0x3f, 0xff, 0xff, 0xe0, 0x7f, 0xff, 0xff, 0xff, 0xff, 0xff, 0xff, 0x07, 0xff, 0xef,  // Line 8
        0xff, 0xff, 0xff, 0xff, 0xff, 0xff, 0x9f, 0xff, 0xff, 0xff, 0xff, 0xff, 0xff, 0xff, 0xff, 0xdf,  // Line 9
        0xff, 0xff, 0xff, 0xff, 0xff, 0xff, 0xff, 0xff, 0xff, 0xff, 0xff, 0xff, 0xff, 0xff, 0xff, 0xff,  // Line 10
        0xff, 0xff, 0xff, 0xff, 0xff, 0xff, 0xff, 0xff, 0xff, 0xff, 0xff, 0xff, 0xff, 0xff, 0xff, 0xff,  // Line 11
        0xff, 0xff, 0xff, 0xff, 0xff, 0xff, 0xff, 0xff, 0xff, 0xff, 0xff, 0xff, 0xff, 0xff, 0xff, 0xff,  // Line 12
        0x7f, 0xff, 0xff, 0xff, 0xff, 0xff, 0xff, 0xff, 0xff, 0xff, 0xff, 0xff, 0xff, 0xc7, 0xff, 0xff,  // Line 13
        0x7f, 0xff, 0xff, 0xff, 0xff, 0xff, 0xff, 0xff, 0xff, 0xff, 0xff, 0xf1, 0xff, 0xf8, 0x1f, 0xff,  // Line 14
        0xff, 0xff, 0xff, 0xff, 0xff, 0xff, 0xff, 0xff, 0xff, 0xff, 0xff, 0xfe, 0x07, 0xff, 0x07, 0xfe,  // Line 15
        0xff, 0xff, 0xff, 0xff, 0xff, 0xff, 0xff, 0xff, 0xff, 0xff, 0xff, 0xff, 0xe0, 0x3f, 0xc3, 0xff,  // Line 16
        0xff, 0xff, 0xff, 0xff, 0xff, 0xff, 0xff, 0xff, 0xff, 0xff, 0xff, 0xff, 0xfe, 0x3f, 0xe0, 0xfd,  // Line 17
        0xff, 0xff, 0xff, 0xff, 0xff, 0xff, 0xff, 0xff, 0xff, 0xff, 0xff, 0xff, 0xff, 0xbf, 0xf0, 0x78,  // Line 18
        0xff, 0xff, 0xff, 0xff, 0xff, 0xff, 0xff, 0xff, 0xff, 0xff, 0xff, 0xff, 0xff, 0x9f, 0xf8, 0x39,  // Line 19
        0xff, 0xff, 0xff, 0xff, 0xff, 0xff, 0xff, 0xff, 0xff, 0xff, 0xff, 0xff, 0xff, 0x9f, 0xfc, 0x1f,  // Line 20
        0xff, 0xff, 0xff, 0xff, 0xff, 0xff, 0xff, 0xff, 0xff, 0xff, 0xff, 0xff, 0xff, 0xdf, 0xff, 0x0f,  // Line 21
        0xff, 0xff, 0xff, 0xff, 0xff, 0xff, 0xff, 0xff, 0xff, 0xff, 0xff, 0xff, 0xff, 0xdf, 0xff, 0x87,  // Line 22
        0xff, 0xff, 0xff, 0xff, 0xff, 0xff, 0xff, 0xff, 0xff, 0xff, 0xff, 0xff, 0xff, 0xff, 0xff, 0xc3,  // Line 23
        0xff, 0xff, 0xfc, 0x0f, 0xff, 0xff, 0xff, 0xff, 0xff, 0xff, 0xff, 0xff, 0xff, 0xff, 0xff, 0xe3,  // Line 24
        0xff, 0xff, 0x81, 0xff, 0xff, 0xff, 0xff, 0xff, 0xff, 0xff, 0xff, 0xff, 0xff, 0xff, 0xff, 0xf3,  // Line 25
        0xff, 0xfc, 0x3f, 0xff, 0xff, 0xff, 0xff, 0xff, 0xff, 0xff, 0xff, 0xff, 0xff, 0xff, 0xff, 0xfb,  // Line 26
        0xff, 0xc3, 0xff, 0xff, 0xff, 0xff, 0xff, 0xff, 0xff, 0xff, 0xff, 0xff, 0xff, 0xff, 0xff, 0xf9,  // Line 27
        0xfe, 0x1f, 0xff, 0xff, 0xff, 0xff, 0xff, 0xff, 0xff, 0xff, 0xff, 0xff, 0xff, 0xff, 0xff, 0xf9,  // Line 28
        0xf8, 0xff, 0xff, 0xff, 0xff, 0xff, 0xff, 0xff, 0xff, 0xff, 0xff, 0xff, 0xff, 0xff, 0xfc, 0xfd,  // Line 29
        0xe7, 0xff, 0xff, 0xff, 0xff, 0xff, 0xff, 0xff, 0xff, 0xff, 0xff, 0xff, 0xff, 0xff, 0xf0, 0x3f,  // Line 30
        0x1f, 0xff, 0xff, 0xff, 0xff, 0xff, 0xff, 0xff, 0xff, 0xff, 0xff, 0xff, 0xff, 0xff, 0xe0, 0x1f,  // Line 31
        0xff, 0xff, 0xff, 0xff, 0xff, 0xff, 0xff, 0xff, 0xff, 0xff, 0xff, 0xff, 0xff, 0xff, 0x00, 0x1f,  // Line 32
        0xff, 0xff, 0xff, 0xff, 0xff, 0xff, 0xff, 0xff, 0xff, 0xff, 0xff, 0xff, 0xff, 0xfe, 0x00, 0x0f,  // Line 33
        0xff, 0xff, 0xff, 0xff, 0xff, 0xff, 0xff, 0xff, 0xff, 0xff, 0xff, 0xff, 0xff, 0xf8, 0x00, 0x0f,  // Line 34
        0xff, 0xff, 0xff, 0xff, 0xff, 0xff, 0xff, 0xff, 0xff, 0xff, 0xff, 0xff, 0xff, 0xe0, 0x00, 0x0f,  // Line 35
        0xff, 0xff, 0xff, 0xff, 0xff, 0xff, 0xff, 0xff, 0xff, 0xff, 0xff, 0xff, 0xff, 0xc0, 0x00, 0x0f,  // Line 36
        0xff, 0xff, 0xff, 0xff, 0xff, 0xff, 0xff, 0xff, 0xff, 0xff, 0xff, 0xff, 0xff, 0xc0, 0x00, 0x0f,  // Line 37
        0xff, 0xff, 0xff, 0xff, 0xff, 0xff, 0xff, 0xff, 0xff, 0xff, 0xe7, 0xff, 0xff, 0x80, 0x00, 0x07,  // Line 38
        0xff, 0xff, 0xff, 0xff, 0xff, 0xff, 0xff, 0xff, 0xff, 0xff, 0xc3, 0xff, 0xff, 0x80, 0x00, 0x07,  // Line 39
        0xff, 0xff, 0xff, 0xff, 0xff, 0x87, 0xff, 0xff, 0xff, 0xff, 0xc3, 0xff, 0xff, 0x80, 0x00, 0x07,  // Line 40
        0xff, 0xff, 0xff, 0xff, 0xfe, 0x78, 0xff, 0xff, 0xff, 0xff, 0xe7, 0xff, 0xff, 0x00, 0x00, 0x07,  // Line 41
        0xff, 0xff, 0xff, 0xff, 0xf9, 0xff, 0x3f, 0xff, 0xff, 0xff, 0xf7, 0xff, 0xff, 0x00, 0x00, 0x07,  // Line 42
        0xff, 0xff, 0xff, 0xff, 0xe3, 0xff, 0xcf, 0xff, 0xff, 0xff, 0xff, 0xff, 0xff, 0x00, 0x00, 0x07,  // Line 43
        0xff, 0xff, 0xff, 0xff, 0x9f, 0xff, 0xf3, 0xff, 0xff, 0xff, 0xff, 0xff, 0xff, 0x00, 0x00, 0x07,  // Line 44
        0xff, 0xff, 0xff, 0xfe, 0x3f, 0xff, 0xf9, 0xff, 0xff, 0xff, 0xff, 0xff, 0xfe, 0x00, 0x00, 0x0f,  // Line 45
        0xff, 0xff, 0xff, 0xfc, 0xff, 0xff, 0xfe, 0x7f, 0xff, 0xff, 0xff, 0xff, 0xfe, 0x00, 0x00, 0x0f,  // Line 46
        0xff, 0xff, 0xff, 0xf3, 0xff, 0xff, 0xff, 0x9f, 0xff, 0xff, 0xff, 0xff, 0xfe, 0x00, 0x00, 0x0f,  // Line 47
        0xff, 0xff, 0xff, 0xe7, 0xff, 0xff, 0xff, 0xc7, 0xff, 0xff, 0xff, 0x83, 0xfe, 0x00, 0x00, 0x1f,  // Line 48
        0xff, 0xff, 0xff, 0x9f, 0xff, 0xff, 0xff, 0xf3, 0xff, 0xff, 0xff, 0xc3, 0xfe, 0x00, 0x00, 0x3f,  // Line 49
        0xff, 0xff, 0xff, 0x3f, 0xff, 0xff, 0xff, 0xfc, 0xff, 0xff, 0xff, 0xe3, 0xfe, 0x00, 0x00, 0xff,  // Line 50
        0xff, 0xff, 0xfc, 0xff, 0xff, 0xff, 0xff, 0xfe, 0x7f, 0xff, 0xff, 0xf3, 0xfe, 0x00, 0x1f, 0xff,  // Line 51
        0xff, 0xff, 0xf9, 0xff, 0xff, 0xff, 0xff, 0xff, 0xbf, 0xff, 0xff, 0xf3, 0xff, 0xff, 0xff, 0xff,  // Line 52
        0xff, 0xff, 0xf3, 0xff, 0xff, 0xff, 0xff, 0xff, 0xdf, 0xff, 0xff, 0xf3, 0xff, 0xff, 0xff, 0xff,  // Line 53
        0xff, 0xff, 0xe7, 0xff, 0xff, 0xff, 0xff, 0xff, 0xe7, 0xff, 0xff, 0xff, 0xff, 0xff, 0xff, 0xff,  // Line 54
        0xff, 0xff, 0x87, 0xff, 0xff, 0xff, 0xff, 0xff, 0xf3, 0xff, 0xff, 0xff, 0xff, 0xff, 0xff, 0xff,  // Line 55
        0xff, 0xff, 0x0f, 0xff, 0xff, 0xff, 0xff, 0xff, 0xfd, 0xff, 0xff, 0xff, 0xff, 0xff, 0xff, 0xff,  // Line 56
        0xff, 0xfe, 0x3f, 0xff, 0xff, 0xff, 0xff, 0xff, 0xfe, 0x7f, 0xff, 0xff, 0xff, 0xff, 0xff, 0xff,  // Line 57
        0xff, 0xfc, 0xff, 0xff, 0xff, 0xff, 0xff, 0xff, 0xff, 0x3f, 0xff, 0xff, 0xff, 0xff, 0xff, 0xff,  // Line 58
        0xff, 0xfb, 0xff, 0xff, 0xff, 0xff, 0xff, 0xff, 0xff, 0x9f, 0xff, 0xff, 0xff, 0xff, 0xff, 0xff,  // Line 59
        0xff, 0xf7, 0xff, 0xff, 0xff, 0xff, 0xff, 0xff, 0xff, 0xcf, 0xff, 0xff, 0xff, 0xff, 0xff, 0xff,  // Line 60
        0xff, 0xef, 0xff, 0xff, 0xff, 0xff, 0xff, 0xff, 0xff, 0xf7, 0xff, 0xff, 0xff, 0xff, 0xff, 0xff,  // Line 61
        0xff, 0xdf, 0xff, 0xff, 0xff, 0xff, 0xff, 0xff, 0xff, 0xfb, 0xff, 0xff, 0xff, 0xff, 0xff, 0xff,  // Line 62
        0xff, 0xbf, 0xff, 0xff, 0xff, 0xff, 0xff, 0xff, 0xff, 0xfd, 0xff, 0xff, 0xff, 0xff, 0xff, 0xff,  // Line 63
        0xff, 0x7f, 0xff, 0xff, 0xff, 0xff, 0xff, 0xff, 0xff, 0xfe, 0xff, 0xff, 0xff, 0xff, 0xff, 0xff,  // Line 64
        0xfe, 0xff, 0xff, 0xff, 0xff, 0xff, 0xff, 0xff, 0xff, 0xfe, 0x7f, 0xff, 0xff, 0xff, 0xff, 0xff,  // Line 65
        0xfd, 0xff, 0xff, 0xff, 0xff, 0xff, 0xff, 0xff, 0xff, 0xff, 0x3f, 0xff, 0xff, 0xff, 0xff, 0xff,  // Line 66
        0xfb, 0xff, 0xff, 0xff, 0xff, 0xff, 0xff, 0xff, 0xff, 0xff, 0x9f, 0xff, 0xff, 0xff, 0xff, 0xff,  // Line 67
        0xf7, 0xff, 0xff, 0xff, 0xff, 0xff, 0xff, 0xff, 0xff, 0xff, 0xcf, 0xff, 0xff, 0xff, 0xff, 0xff,  // Line 68
        0xef, 0xff, 0xff, 0xff, 0xff, 0xff, 0xff, 0xff, 0xff, 0xff, 0xef, 0xff, 0xff, 0xff, 0xff, 0xff,  // Line 69
        0xdf, 0xff, 0xff, 0xff, 0xff, 0xff, 0xff, 0xff, 0xff, 0xff, 0xf7, 0xff, 0xff, 0xff, 0xff, 0xff,  // Line 70
        0xbf, 0xff, 0xff, 0xff, 0xff, 0xff, 0xff, 0xff, 0xff, 0xff, 0xfb, 0xff, 0xff, 0xff, 0xff, 0xff,  // Line 71
        0x7f, 0xff, 0xff, 0xff, 0xff, 0xff, 0xff, 0xff, 0xff, 0xff, 0xf9, 0xff, 0xff, 0xff, 0xff, 0xff,  // Line 72
        0xff, 0xff, 0xff, 0xff, 0xff, 0xff, 0xff, 0xff, 0xff, 0xff, 0xfd, 0xff, 0xff, 0xff, 0xff, 0xff,  // Line 73
        0xff, 0xff, 0xff, 0xff, 0xff, 0xff, 0xff, 0xff, 0xff, 0xff, 0xfe, 0xff, 0xff, 0xff, 0xff, 0xff,  // Line 74
        0xff, 0xff, 0xff, 0xff, 0xff, 0xff, 0xff, 0xff, 0xff, 0xff, 0xff, 0x7f, 0xff, 0xff, 0xff, 0xff,  // Line 75
        0xff, 0xff, 0xff, 0xff, 0xff, 0xff, 0xff, 0xff, 0xff, 0xff, 0xff, 0x7f, 0xff, 0xff, 0xff, 0xff,  // Line 76
        0xff, 0xff, 0xff, 0xff, 0xff, 0xff, 0xff, 0xff, 0xff, 0xff, 0xff, 0xbf, 0xff, 0xff, 0xff, 0xff,  // Line 77
        0xff, 0xff, 0xff, 0xff, 0xff, 0xff, 0xff, 0xff, 0xff, 0xff, 0xff, 0xdf, 0xff, 0xff, 0xff, 0xff,  // Line 78
        0xff, 0xff, 0xff, 0xff, 0xff, 0xff, 0xff, 0xff, 0xff, 0xff, 0xff, 0xdf, 0xff, 0xff, 0xff, 0xff,  // Line 79
        0xff, 0xff, 0xff, 0xff, 0xff, 0xff, 0xff, 0xff, 0xff, 0xff, 0xff, 0xef, 0xff, 0xff, 0xff, 0xff,  // Line 80
        0xff, 0xff, 0xff, 0xff, 0xff, 0xff, 0xff, 0xff, 0xff, 0xff, 0xff, 0xef, 0xff, 0xff, 0xff, 0xff,  // Line 81
        0xff, 0xff, 0xff, 0xff, 0xff, 0xff, 0xff, 0xff, 0xff, 0xff, 0xff, 0xf7, 0xff, 0xff, 0xff, 0xff,  // Line 82
        0x7f, 0xff, 0xff, 0xff, 0xff, 0xff, 0xff, 0xff, 0xff, 0xff, 0xff, 0xff, 0xff, 0xff, 0xff, 0xff,  // Line 83
        0xbf, 0xff, 0xff, 0xff, 0xff, 0xff, 0xff, 0xff, 0xff, 0xff, 0xff, 0xff, 0xff, 0xff, 0xff, 0xff,  // Line 84
        0xdf, 0xff, 0xff, 0xff, 0xff, 0xff, 0xff, 0xff, 0xff, 0xff, 0xff, 0xff, 0xff, 0xff, 0xff, 0xff,  // Line 85
        0xef, 0xff, 0xff, 0xff, 0xff, 0xff, 0xff, 0xff, 0xff, 0xff, 0xff, 0xfb, 0xff, 0xff, 0xff, 0xff,  // Line 86
        0xf7, 0xff, 0xff, 0xff, 0xff, 0xff, 0xff, 0xff, 0xff, 0xff, 0xff, 0xfb, 0xff, 0xff, 0xff, 0xff,  // Line 87
        0xfb, 0xff, 0xff, 0xff, 0xff, 0xff, 0xff, 0xff, 0xff, 0xff, 0xff, 0xfb, 0xff, 0xff, 0xff, 0xff,  // Line 88
        0xfd, 0xff, 0xff, 0xff, 0xff, 0xff, 0xff, 0xff, 0xff, 0xff, 0xff, 0xfb, 0xff, 0xff, 0xff, 0xff,  // Line 89
        0xff, 0xff, 0xff, 0xff, 0xff, 0xff, 0xff, 0xff, 0xff, 0xff, 0xff, 0xfb, 0xff, 0xff, 0xff, 0xff,  // Line 90
        0xfe, 0xff, 0xff, 0xff, 0xff, 0xff, 0xff, 0xff, 0xff, 0xff, 0xff, 0xfb, 0xff, 0xff, 0xff, 0xff,  // Line 91
        0xff, 0x7f, 0xff, 0xff, 0xff, 0xff, 0xff, 0xff, 0xff, 0xff, 0xff, 0xfb, 0xff, 0xff, 0xff, 0xff,  // Line 92
        0xff, 0xbf, 0xff, 0xff, 0xff, 0xff, 0xff, 0xff, 0xff, 0xff, 0xff, 0xfb, 0xff, 0xff, 0xff, 0xff,  // Line 93
        0xff, 0xdf, 0xff, 0xff, 0xff, 0xff, 0xff, 0xff, 0xff, 0xff, 0xff, 0xfb, 0xff, 0xff, 0xff, 0xbf,  // Line 94
        0xff, 0xef, 0xff, 0xff, 0xff, 0xff, 0xff, 0xff, 0xff, 0xff, 0xff, 0xf3, 0xff, 0xff, 0xff, 0xbf,  // Line 95
        0xff, 0xf7, 0xff, 0xff, 0xff, 0xff, 0xff, 0xff, 0xff, 0xff, 0xff, 0xf3, 0xff, 0xff, 0xff, 0xbf,  // Line 96
        0xff, 0xfb, 0xff, 0xff, 0xff, 0xff, 0xff, 0xff, 0xff, 0xff, 0xff, 0xe3, 0xff, 0xff, 0xff, 0xbf,  // Line 97
        0xff, 0xfd, 0xff, 0xff, 0xff, 0xff, 0xff, 0xff, 0xff, 0xff, 0xff, 0xd2, 0xff, 0xff, 0xff, 0x9f,  // Line 98
        0xff, 0xfe, 0xff, 0xff, 0xff, 0xff, 0xff, 0xff, 0xff, 0xff, 0xff, 0x91, 0xff, 0xff, 0xff, 0x9f,  // Line 99
        0xff, 0xff, 0x7f, 0xff, 0xff, 0xff, 0xff, 0xff, 0xff, 0xff, 0xff, 0x91, 0xff, 0xff, 0xff, 0x9f,  // Line 100
        0xff, 0xff, 0xbf, 0xff, 0xff, 0xff, 0xff, 0xff, 0xff, 0xff, 0xff, 0x13, 0xff, 0xff, 0xff, 0x9f,  // Line 101
        0xff, 0xff, 0xdf, 0xff, 0xff, 0xff, 0xff, 0xff, 0xff, 0xff, 0xfe, 0x13, 0xdf, 0xff, 0xff, 0x9f,  // Line 102
        0xff, 0xff, 0xef, 0xff, 0xff, 0xff, 0xff, 0xff, 0xff, 0xff, 0xfc, 0x27, 0xdf, 0xff, 0xff, 0xdf,  // Line 103
        0xff, 0xff, 0xf7, 0xff, 0xff, 0xff, 0xff, 0xff, 0xff, 0xff, 0xf8, 0x27, 0xbf, 0xff, 0xff, 0xdf,  // Line 104
        0xff, 0xff, 0xfb, 0xff, 0xff, 0xff, 0xff, 0xff, 0xff, 0xff, 0xf0, 0x4f, 0xbf, 0xff, 0xff, 0xdf,  // Line 105
        0xff, 0xff, 0xfd, 0xff, 0xff, 0xff, 0xff, 0xff, 0xfe, 0xff, 0xf0, 0x4f, 0x3f, 0xff, 0xff, 0xdf,  // Line 106
        0xff, 0xff, 0xfe, 0xff, 0xff, 0xff, 0xff, 0xff, 0xff, 0x7f, 0xe0, 0x1f, 0x7f, 0xff, 0xff, 0xdf,  // Line 107
        0xff, 0xff, 0xff, 0x7f, 0xff, 0xff, 0xff, 0xff, 0xff, 0xbf, 0xc0, 0x9e, 0x7f, 0xff, 0xff, 0xcf,  // Line 108
        0xff, 0xff, 0xff, 0xbf, 0xff, 0xff, 0xff, 0xff, 0xff, 0x9f, 0x80, 0x3e, 0xff, 0xff, 0xff, 0xcf,  // Line 109
        0xff, 0xff, 0xff, 0x9f, 0xff, 0xff, 0xff, 0xff, 0xff, 0xcf, 0x01, 0x3c, 0xff, 0xff, 0xff, 0xcf,  // Line 110
        0xff, 0xff, 0xff, 0xcf, 0xff, 0xff, 0xff, 0xff, 0xff, 0xee, 0x02, 0x7d, 0xff, 0xff, 0xff, 0xcf,  // Line 111
        0xff, 0xff, 0xff, 0xe7, 0xff, 0xff, 0xff, 0xff, 0xff, 0xec, 0x02, 0x7b, 0xff, 0xff, 0xff, 0xcf,  // Line 112
        0xff, 0xff, 0xff, 0xf3, 0xff, 0xff, 0xff, 0xff, 0xff, 0xe8, 0x04, 0xf7, 0xff, 0xff, 0xff, 0xcf,  // Line 113
        0xff, 0xff, 0xff, 0xf9, 0xff, 0xff, 0xff, 0xff, 0xff, 0xe0, 0x09, 0xff, 0xff, 0xff, 0xff, 0xcf,  // Line 114
        0xff, 0xff, 0xff, 0xfd, 0xff, 0xff, 0xff, 0xff, 0xff, 0xe0, 0x09, 0xff, 0xff, 0xff, 0xff, 0xcf,  // Line 115
        0xff, 0xff, 0xff, 0xfe, 0xff, 0xff, 0xff, 0xff, 0xff, 0xe6, 0x13, 0xff, 0xfe, 0xff, 0xff, 0xef,  // Line 116
        0xff, 0xff, 0xff, 0xff, 0x3f, 0xff, 0xff, 0xff, 0xff, 0xe0, 0x27, 0xff, 0xfc, 0xff, 0xff, 0xef,  // Line 117
        0xff, 0xff, 0xff, 0xff, 0xbf, 0xff, 0xff, 0xff, 0xff, 0xe8, 0x0f, 0xff, 0xfc, 0xff, 0xff, 0xef,  // Line 118
        0xff, 0xff, 0xff, 0xff, 0xcf, 0xff, 0xff, 0xff, 0xff, 0xc2, 0x4f, 0xff, 0xfd, 0xff, 0xff, 0xef,  // Line 119
        0xff, 0xff, 0xff, 0xff, 0xef, 0xff, 0xff, 0xff, 0xff, 0xc0, 0x9f, 0xff, 0xfd, 0xff, 0xff, 0xef,  // Line 120
        0xff, 0xff, 0xff, 0xff, 0xf7, 0xff, 0xff, 0xff, 0xff, 0x80, 0x3f, 0xff, 0xf9, 0xff, 0xff, 0xef,  // Line 121
        0xff, 0xff, 0xff, 0xff, 0xfb, 0xff, 0xff, 0xff, 0xff, 0x82, 0x7f, 0xff, 0xf9, 0xff, 0xff, 0xef,  // Line 122
        0xff, 0xff, 0xff, 0xff, 0xfd, 0xff, 0xff, 0xff, 0xff, 0x04, 0xff, 0xff, 0xfb, 0xff, 0xff, 0xef,  // Line 123
        0xff, 0xff, 0xff, 0xff, 0xfe, 0xff, 0xff, 0xff, 0xfe, 0x04, 0xff, 0xff, 0xfb, 0xff, 0xff, 0xef,  // Line 124
        0xff, 0xff, 0xff, 0xff, 0xff, 0x7f, 0xff, 0xff, 0xfc, 0x09, 0xff, 0xff, 0xfb, 0xff, 0xff, 0xcf,  // Line 125
        0xff, 0xff, 0xff, 0xff, 0xff, 0xbf, 0xff, 0xff, 0xf8, 0x13, 0xff, 0xff, 0xf3, 0xff, 0xff, 0xcf,  // Line 126
        0xff, 0xff, 0xff, 0xff, 0xff, 0xdf, 0xff, 0xff, 0xf0, 0x07, 0xff, 0xff, 0xf7, 0xff, 0xff, 0xcf,  // Line 127
    },
    { /* Frame 4 */
        0x07, 0xff, 0xfd, 0xff, 0xff, 0xff, 0xff, 0xe7, 0xff, 0xff, 0xf8, 0xa8, 0x27, 0xe1, 0x07, 0xff,  // Line 0
        0x0f, 0xff, 0xff, 0xff, 0xff, 0xff, 0xff, 0xf9, 0xff, 0xff, 0xf8, 0x8c, 0x17, 0xe1, 0x07, 0xfe,  // Line 1
        0x0f, 0xff, 0xff, 0xff, 0xff, 0xff, 0xff, 0xf8, 0x7f, 0xfe, 0xf8, 0x84, 0x07, 0xc1, 0x07, 0xfe,  // Line 2
        0x0f, 0xff, 0xef, 0xff, 0xff, 0xff, 0xff, 0xfe, 0x3f, 0xff, 0x78, 0xca, 0x07, 0xc1, 0x07, 0xfe,  // Line 3
        0x0f, 0xff, 0xdf, 0xff, 0xff, 0xff, 0xff, 0xff, 0xcf, 0xff, 0xb9, 0x93, 0x07, 0x80, 0x07, 0xfe,  // Line 4
        0x1f, 0xff, 0xbf, 0xff, 0xff, 0xff, 0xff, 0xff, 0xf7, 0xff, 0xc8, 0x81, 0xc7, 0x88, 0x07, 0xfe,  // Line 5
        0x1f, 0xf7, 0x7f, 0xff, 0xff, 0xff, 0xff, 0xff, 0xf9, 0xff, 0xf4, 0x88, 0x67, 0x90, 0x07, 0xfe,  // Line 6
        0x3f, 0xf4, 0xff, 0xff, 0xff, 0xff, 0xff, 0xff, 0xfc, 0xff, 0xf8, 0x6e, 0x23, 0x10, 0x03, 0xfc,  // Line 7
        0x3f, 0xe9, 0xff, 0xff, 0xff, 0xff, 0xff, 0xff, 0xff, 0x7f, 0xfc, 0x12, 0xc3, 0x10, 0x03, 0xfc,  // Line 8
        0x3f, 0xe3, 0xff, 0xff, 0xff, 0xff, 0xff, 0xff, 0xff, 0xff, 0xfe, 0x0f, 0x03, 0x20, 0x03, 0xfc,  // Line 9
        0x7f, 0xc7, 0xff, 0xff, 0xff, 0xff, 0xff, 0xff, 0xff, 0xff, 0xfe, 0x00, 0x02, 0x20, 0x03, 0xfc,  // Line 10
        0x7f, 0xcf, 0xff, 0xff, 0xff, 0xff, 0xff, 0xff, 0xff, 0xff, 0xff, 0x00, 0x0e, 0x20, 0x03, 0xf8,  // Line 11
        0xff, 0x9f, 0xff, 0xff, 0xff, 0xff, 0xff, 0xff, 0xff, 0xff, 0xff, 0x80, 0x3e, 0x00, 0x03, 0xf8,  // Line 12
        0xff, 0x9f, 0xff, 0xfe, 0x01, 0xff, 0xff, 0xff, 0xff, 0xff, 0xff, 0xc7, 0xfc, 0x40, 0x03, 0xf8,  // Line 13
        0xff, 0x3f, 0xfe, 0x00, 0x00, 0x03, 0xff, 0xff, 0xff, 0xff, 0xff, 0xc3, 0xfc, 0x40, 0x01, 0xf8,  // Line 14
        0xfe, 0x7f, 0xc0, 0x7f, 0xff, 0xf0, 0x1f, 0xff, 0xff, 0xff, 0xff, 0xf1, 0xfc, 0x40, 0x01, 0xf0,  // Line 15
        0xfe, 0xfc, 0x1f, 0xff, 0xff, 0xff, 0xc1, 0xff, 0xff, 0xff, 0xff, 0xf0, 0xfe, 0x60, 0x01, 0xf0,  // Line 16
        0xfd, 0xe1, 0xff, 0xff, 0xff, 0xff, 0xf8, 0x7f, 0xff, 0xff, 0xff, 0xf8, 0xfe, 0xe0, 0x01, 0xf0,  // Line 17
        0xf9, 0x1f, 0xff, 0xff, 0xff, 0xff, 0xff, 0x9f, 0xff, 0xff, 0xff, 0xfe, 0x7e, 0x60, 0x01, 0xf0,  // Line 18
        0x71, 0xff, 0xff, 0xff, 0xff, 0xff, 0xff, 0xff, 0xff, 0xff, 0xff, 0xff, 0xff, 0x60, 0x01, 0xf0,  // Line 19
        0x37, 0xff, 0xff, 0xff, 0xff, 0xff, 0xff, 0xff, 0xff, 0xff, 0xff, 0xff, 0xff, 0xf0, 0x18, 0xf0,  // Line 20
        0x07, 0xff, 0xff, 0xff, 0xff, 0xff, 0xff, 0xff, 0xff, 0xff, 0xff, 0xff, 0xff, 0xff, 0xff, 0xf0,  // Line 21
        0x0f, 0xff, 0xff, 0xff, 0xff, 0xff, 0xff, 0xff, 0xff, 0xff, 0xff, 0xff, 0xff, 0xff, 0xff, 0xf0,  // Line 22
        0x0f, 0xff, 0xff, 0xff, 0xff, 0xff, 0xff, 0xff, 0xff, 0xff, 0xff, 0xff, 0xff, 0xff, 0xf8, 0x01,  // Line 23
        0x1f, 0xff, 0xff, 0xff, 0xff, 0xff, 0xff, 0xff, 0xff, 0xff, 0xff, 0xff, 0xff, 0xff, 0xff, 0xff,  // Line 24
        0x1f, 0xff, 0xff, 0xff, 0xff, 0xff, 0xff, 0xff, 0xff, 0xff, 0xff, 0xff, 0xff, 0xff, 0xff, 0xff,  // Line 25
        0x3f, 0xff, 0xff, 0xff, 0xff, 0xff, 0xff, 0xff, 0xff, 0xff, 0xff, 0xff, 0xff, 0xfb, 0xff, 0xff,  // Line 26
        0x3f, 0xff, 0xff, 0xff, 0xff, 0xff, 0xff, 0xff, 0xff, 0xff, 0xff, 0xff, 0xff, 0xfc, 0x7f, 0xfe,  // Line 27
        0x7f, 0xff, 0xff, 0xff, 0xff, 0xff, 0xff, 0xff, 0xff, 0xff, 0xff, 0xff, 0x03, 0xff, 0x0f, 0xfe,  // Line 28
        0xff, 0xff, 0xff, 0xff, 0xff, 0xff, 0xff, 0xff, 0xff, 0xff, 0xff, 0xff, 0xf0, 0x3f, 0xc1, 0xfe,  // Line 29
        0xff, 0xff, 0xff, 0xff, 0xff, 0xff, 0xff, 0xff, 0xff, 0xff, 0xff, 0xff, 0xff, 0x07, 0xf0, 0xfe,  // Line 30
        0xff, 0xff, 0xff, 0xff, 0xff, 0xff, 0xff, 0xff, 0xff, 0xff, 0xff, 0xff, 0xff, 0xe3, 0xf8, 0x7e,  // Line 31
        0xff, 0xff, 0xff, 0xff, 0xff, 0xff, 0xff, 0xff, 0xff, 0xff, 0xff, 0xff, 0xff, 0xf3, 0xfc, 0x3e,  // Line 32
        0xff, 0xff, 0xff, 0xff, 0xff, 0xff, 0xff, 0xff, 0xff, 0xff, 0xff, 0xff, 0xff, 0xfb, 0xfe, 0x1f,  // Line 33
        0xff, 0xff, 0xff, 0x00, 0x01, 0xff, 0xff, 0xff, 0xff, 0xff, 0xff, 0xff, 0xff, 0xf9, 0xff, 0x87,  // Line 34
        0xff, 0xff, 0xf0, 0x3f, 0xff, 0xff, 0xff, 0xff, 0xff, 0xff, 0xff, 0xff, 0xff, 0xf9, 0xff, 0xc3,  // Line 35
        0xff, 0xff, 0x03, 0xff, 0xff, 0xff, 0xff, 0xff, 0xff, 0xff, 0xff, 0xff, 0xff, 0xfd, 0xff, 0xe1,  // Line 36
        0xff, 0xf8, 0x3f, 0xff, 0xff, 0xff, 0xff, 0xff, 0xff, 0xff, 0xff, 0xff, 0xff, 0xfd, 0xff, 0xf1,  // Line 37
        0xff, 0xc1, 0xff, 0xff, 0xff, 0xff, 0xff, 0xff, 0xff, 0xff, 0xff, 0xff, 0xff, 0xff, 0xff, 0xf8,  // Line 38
        0xff, 0x0f, 0xff, 0xff, 0xff, 0xff, 0xff, 0xff, 0xff, 0xff, 0xff, 0xff, 0xff, 0xff, 0xff, 0xfc,  // Line 39
        0xfc, 0x7f, 0xff, 0xff, 0xff, 0xff, 0xff, 0xff, 0xff, 0xff, 0xff, 0xff, 0xff, 0xff, 0xff, 0xfe,  // Line 40
        0xe3, 0xff, 0xff, 0xff, 0xff, 0xff, 0xff, 0xff, 0xff, 0xff, 0xff, 0xff, 0xff, 0xff, 0xff, 0xfe,  // Line 41
        0x8f, 0xff, 0xff, 0xff, 0xff, 0xff, 0xff, 0xff, 0xff, 0xff, 0xff, 0xff, 0xff, 0xff, 0xff, 0xfe,  // Line 42
        0x3f, 0xff, 0xff, 0xff, 0xff, 0xff, 0xff, 0xff, 0xff, 0xff, 0xff, 0xff, 0xff, 0xff, 0xff, 0xfe,  // Line 43
        0xff, 0xff, 0xff, 0xff, 0xff, 0xff, 0xff, 0xff, 0xff, 0xff, 0xff, 0xff, 0xff, 0xff, 0xff, 0xff,  // Line 44
        0xff, 0xff, 0xff, 0xff, 0xff, 0xff, 0xff, 0xff, 0xff, 0xff, 0xff, 0xff, 0xff, 0xff, 0xff, 0xc7,  // Line 45
        0xff, 0xff, 0xff, 0xff, 0xff, 0xff, 0xff, 0xff, 0xff, 0xff, 0xff, 0xff, 0xff, 0xff, 0xfe, 0x07,  // Line 46
        0xff, 0xff, 0xff, 0xff, 0xff, 0xff, 0xff, 0xff, 0xff, 0xff, 0xff, 0xff, 0xff, 0xff, 0xf0, 0x07,  // Line 47
        0xff, 0xff, 0xff, 0xff, 0xff, 0xf8, 0x07, 0xff, 0xff, 0xff, 0xff, 0xff, 0xff, 0xff, 0xc0, 0x07,  // Line 48
        0xff, 0xff, 0xff, 0xff, 0xff, 0xe3, 0xf9, 0xff, 0xff, 0xff, 0xff, 0xff, 0xff, 0xff, 0x00, 0x07,  // Line 49
        0xff, 0xff, 0xff, 0xff, 0xff, 0x0f, 0xfe, 0x7f, 0xff, 0xff, 0xff, 0xff, 0xff, 0xfe, 0x00, 0x07,  // Line 50
        0xff, 0xff, 0xff, 0xff, 0xfc, 0x7f, 0xff, 0x9f, 0xff, 0xff, 0xff, 0xff, 0xff, 0xfc, 0x00, 0x07,  // Line 51
        0xff, 0xff, 0xff, 0xff, 0xf1, 0xff, 0xff, 0xcf, 0xff, 0xff, 0xff, 0xdf, 0xff, 0xfc, 0x00, 0x07,  // Line 52
        0xff, 0xff, 0xff, 0xff, 0xe7, 0xff, 0xff, 0xf7, 0xff, 0xff, 0xff, 0x0f, 0xff, 0xf8, 0x00, 0x07,  // Line 53
        0xff, 0xff, 0xff, 0xff, 0x9f, 0xff, 0xff, 0xf9, 0xff, 0xff, 0xff, 0x8f, 0xff, 0xf8, 0x00, 0x07,  // Line 54
        0xff, 0xff, 0xff, 0xfe, 0x7f, 0xff, 0xff, 0xfc, 0xff, 0xff, 0xff, 0xdf, 0xff, 0xf8, 0x00, 0x07,  // Line 55
        0xff, 0xff, 0xff, 0xfc, 0xff, 0xff, 0xff, 0xff, 0x3f, 0xff, 0xff, 0xdf, 0xff, 0xf8, 0x00, 0x0f,  // Line 56
        0xff, 0xff, 0xff, 0xf3, 0xff, 0xff, 0xff, 0xff, 0x9f, 0xff, 0xff, 0xff, 0xff, 0xf0, 0x00, 0x0f,  // Line 57
        0xff, 0xff, 0xff, 0xe7, 0xff, 0xff, 0xff, 0xff, 0xcf, 0xff, 0xff, 0xff, 0xff, 0xf0, 0x00, 0x1f,  // Line 58
        0xff, 0xff, 0xff, 0x8f, 0xff, 0xff, 0xff, 0xff, 0xf7, 0xff, 0xff, 0xff, 0xff, 0xf0, 0x00, 0x1f,  // Line 59
        0xff, 0xff, 0xff, 0x0f, 0xff, 0xff, 0xff, 0xff, 0xf9, 0xff, 0xff, 0xff, 0xff, 0xf0, 0x00, 0x1f,  // Line 60
        0xff, 0xff, 0xfc, 0x6f, 0xff, 0xff, 0xff, 0xff, 0xfc, 0xff, 0xff, 0xff, 0xff, 0xf0, 0x00, 0x1f,  // Line 61
        0xff, 0xff, 0xf9, 0xef, 0xff, 0xff, 0xff, 0xff, 0xfe, 0x7f, 0xff, 0xfe, 0x1f, 0xe0, 0x00, 0x1f,  // Line 62
        0xff, 0xff, 0xf3, 0xff, 0xff, 0xff, 0xff, 0xff, 0xff, 0x3f, 0xff, 0xfe, 0x1f, 0xe0, 0x00, 0x1f,  // Line 63
        0xff, 0xff, 0xef, 0xfe, 0x7f, 0xff, 0xff, 0xff, 0xff, 0x9f, 0xff, 0xff, 0x9f, 0xe0, 0x00, 0x3f,  // Line 64
        0xff, 0xff, 0xdf, 0xff, 0x9f, 0xff, 0xff, 0xff, 0xff, 0xef, 0xff, 0xff, 0x9f, 0xf8, 0x00, 0x3f,  // Line 65
        0xff, 0xff, 0xbf, 0xff, 0xdf, 0xff, 0xff, 0xff, 0xff, 0xf7, 0xff, 0xff, 0xff, 0xff, 0x01, 0xfc,  // Line 66
        0xff, 0xfe, 0x7f, 0xff, 0xcf, 0xff, 0xff, 0xff, 0xff, 0xfb, 0xff, 0xff, 0xff, 0xff, 0xff, 0xff,  // Line 67
        0xff, 0xfc, 0xff, 0xff, 0xf7, 0xff, 0xff, 0xff, 0xff, 0xfd, 0xff, 0xff, 0xff, 0xff, 0xff, 0xff,  // Line 68
        0xff, 0xf9, 0xff, 0xff, 0xf9, 0xff, 0xff, 0xff, 0xff, 0xfe, 0xff, 0xff, 0xff, 0xff, 0xff, 0xf7,  // Line 69
        0xff, 0xf7, 0xff, 0xff, 0xfd, 0xff, 0xff, 0xff, 0xff, 0xfe, 0x7f, 0xff, 0xff, 0xff, 0xff, 0xff,  // Line 70
        0xff, 0xef, 0xff, 0xff, 0xff, 0xff, 0xff, 0xff, 0xff, 0xff, 0x3f, 0xff, 0xff, 0xff, 0xff, 0xff,  // Line 71
        0xff, 0xdf, 0xff, 0xff, 0xff, 0xff, 0xff, 0xff, 0xff, 0xff, 0x9f, 0xff, 0xff, 0xff, 0xff, 0xff,  // Line 72
        0xff, 0xbf, 0xff, 0xff, 0xff, 0xff, 0xff, 0xff, 0xff, 0xff, 0xcf, 0xff, 0xff, 0xff, 0xff, 0xff,  // Line 73
        0xff, 0xff, 0xff, 0xff, 0xff, 0xff, 0xff, 0xff, 0xff, 0xff, 0xef, 0xff, 0xff, 0xff, 0xff, 0xff,  // Line 74
        0xff, 0xff, 0xff, 0xff, 0xff, 0xff, 0xff, 0xff, 0xff, 0xff, 0xf7, 0xff, 0xff, 0xff, 0xff, 0xff,  // Line 75
        0xfe, 0xff, 0xff, 0xff, 0xff, 0xff, 0xff, 0xff, 0xff, 0xff, 0xf3, 0xff, 0xff, 0xff, 0xff, 0xff,  // Line 76
        0xfe, 0xff, 0xff, 0xff, 0xff, 0xff, 0xff, 0xff, 0xff, 0xff, 0xf9, 0xff, 0xff, 0xff, 0xff, 0xff,  // Line 77
        0xff, 0x7f, 0xff, 0xff, 0xff, 0xff, 0xff, 0xff, 0xff, 0xff, 0xfd, 0xff, 0xff, 0xff, 0xff, 0xff,  // Line 78
        0xff, 0x7f, 0xff, 0xff, 0xff, 0xff, 0xff, 0xff, 0xff, 0xff, 0xfe, 0xff, 0xff, 0xff, 0xff, 0xff,  // Line 79
        0xff, 0x7f, 0xff, 0xff, 0xff, 0xff, 0xff, 0xff, 0xff, 0xff, 0xfe, 0x7f, 0xff, 0xff, 0xff, 0xff,  // Line 80
        0xff, 0xbf, 0xff, 0xff, 0xff, 0xff, 0xff, 0xff, 0xff, 0xff, 0xff, 0x7f, 0xff, 0xff, 0xff, 0xff,  // Line 81
        0xff, 0xdf, 0xff, 0xff, 0xff, 0xff, 0xff, 0xff, 0xff, 0xff, 0xff, 0xbf, 0xff, 0xff, 0xff, 0xff,  // Line 82
        0xff, 0xef, 0xff, 0xff, 0xff, 0xff, 0xff, 0xff, 0xff, 0xff, 0xff, 0x9f, 0xff, 0xff, 0xff, 0xff,  // Line 83
        0xff, 0xf7, 0xff, 0xff, 0xff, 0xff, 0xff, 0xff, 0xff, 0xff, 0xff, 0xdf, 0xff, 0xff, 0xff, 0xff,  // Line 84
        0xff, 0xfb, 0xff, 0xff, 0xff, 0xff, 0xff, 0xff, 0xff, 0xff, 0xff, 0xcf, 0xff, 0xff, 0xff, 0xff,  // Line 85
        0xff, 0xfd, 0xff, 0xff, 0xff, 0xff, 0xff, 0xff, 0xff, 0xff, 0xff, 0xef, 0xff, 0xff, 0xff, 0xff,  // Line 86
        0xff, 0xfe, 0xff, 0xff, 0xff, 0xff, 0xff, 0xff, 0xff, 0xff, 0xff, 0xf7, 0xff, 0xff, 0xff, 0xff,  // Line 87
        0xff, 0xff, 0x7f, 0xff, 0xff, 0xff, 0xff, 0xff, 0xff, 0xff, 0xff, 0xf7, 0xff, 0xff, 0xff, 0xff,  // Line 88
        0xff, 0xff, 0xbf, 0xff, 0xff, 0xff, 0xff, 0xff, 0xff, 0xff, 0xff, 0xfb, 0xff, 0xff, 0xff, 0xff,  // Line 89
        0xff, 0xff, 0xdf, 0xff, 0xff, 0xff, 0xff, 0xff, 0xff, 0xff, 0xff, 0xfb, 0xff, 0xff, 0xff, 0xff,  // Line 90
        0xf7, 0xff, 0xef, 0xff, 0xff, 0xff, 0xff, 0xff, 0xff, 0xff, 0xff, 0xf9, 0xff, 0xff, 0xff, 0xff,  // Line 91
        0xff, 0xff, 0xf7, 0xff, 0xff, 0xff, 0xff, 0xff, 0xff, 0xff, 0xff, 0xfd, 0xff, 0xff, 0xff, 0xff,  // Line 92
        0xff, 0xff, 0xfb, 0xff, 0xff, 0xff, 0xff, 0xff, 0xff, 0xff, 0xff, 0xfc, 0xff, 0xff, 0xff, 0xff,  // Line 93
        0xff, 0xff, 0xfd, 0xff, 0xff, 0xff, 0xff, 0xff, 0xff, 0xff, 0xff, 0xfe, 0xff, 0xff, 0xff, 0xff,  // Line 94
        0xff, 0xff, 0xfe, 0xff, 0xff, 0xff, 0xff, 0xff, 0xff, 0xff, 0xff, 0xfe, 0xff, 0xff, 0xff, 0xff,  // Line 95
        0xff, 0xff, 0xff, 0x7f, 0xff, 0xff, 0xff, 0xff, 0xff, 0xff, 0xff, 0xfe, 0x7f, 0xff, 0xff, 0xff,  // Line 96
        0xff, 0xbf, 0xff, 0xbf, 0xff, 0xff, 0xff, 0xff, 0xff, 0xff, 0xff, 0xfe, 0x7f, 0xff, 0xff, 0xff,  // Line 97
        0xff, 0xff, 0xff, 0xdf, 0xff, 0xff, 0xff, 0xff, 0xff, 0xff, 0xff, 0xfe, 0x7f, 0xff, 0xff, 0xff,  // Line 98
        0xff, 0xff, 0xff, 0xef, 0xff, 0xff, 0xff, 0xff, 0xff, 0xff, 0xff, 0xfe, 0x7f, 0xff, 0xfe, 0xff,  // Line 99
        0xff, 0xef, 0xff, 0xf7, 0xff, 0xff, 0xff, 0xff, 0xff, 0xff, 0xff, 0xfe, 0x7f, 0xff, 0xfe, 0xff,  // Line 100
        0xff, 0xff, 0xff, 0xfb, 0xff, 0xff, 0xff, 0xff, 0xff, 0xff, 0xff, 0xfa, 0x7f, 0xff, 0xfe, 0xff,  // Line 101
        0xff, 0xff, 0xff, 0xfd, 0xff, 0xff, 0xff, 0xff, 0xff, 0xff, 0xff, 0xfc, 0xff, 0xff, 0xfe, 0xff,  // Line 102
        0xff, 0xff, 0xff, 0xfe, 0xff, 0xff, 0xff, 0xff, 0xff, 0xff, 0xff, 0xf4, 0xff, 0xff, 0xfe, 0xff,  // Line 103
        0xff, 0xff, 0xff, 0xff, 0x7f, 0xff, 0xff, 0xff, 0xff, 0xff, 0xff, 0xe5, 0xff, 0xff, 0xfe, 0x7f,  // Line 104
        0xff, 0xff, 0xff, 0xff, 0xbf, 0xff, 0xff, 0xff, 0xff, 0x7f, 0xff, 0xc9, 0xff, 0xff, 0xfe, 0x7f,  // Line 105
        0xff, 0xff, 0xff, 0xff, 0xdf, 0xff, 0xff, 0xff, 0xff, 0x7f, 0xff, 0x83, 0xff, 0xff, 0xfe, 0x7f,  // Line 106
        0xff, 0xff, 0xff, 0xff, 0xef, 0xff, 0xff, 0xff, 0xff, 0xbf, 0xff, 0x13, 0xff, 0xff, 0xfe, 0x7f,  // Line 107
        0xff, 0xff, 0xff, 0xff, 0xf7, 0xff, 0xff, 0xff, 0xff, 0x9f, 0xfe, 0x17, 0xff, 0xff, 0xfe, 0x7f,  // Line 108
        0xfb, 0xff, 0xff, 0xff, 0xfb, 0xff, 0xff, 0xff, 0xff, 0xdf, 0xfe, 0x27, 0xff, 0xff, 0xfe, 0x7f,  // Line 109
        0xff, 0xff, 0xff, 0xff, 0xf9, 0xff, 0xff, 0xff, 0xff, 0xef, 0xfc, 0x0f, 0xff, 0xff, 0xfe, 0x7f,  // Line 110
        0xff, 0x7f, 0xff, 0xff, 0xfc, 0xff, 0xff, 0xff, 0xff, 0xe7, 0xf8, 0x4f, 0xff, 0xff, 0xfe, 0x7f,  // Line 111
        0xff, 0xff, 0xff, 0xff, 0xfe, 0x7f, 0xff, 0xff, 0xff, 0xf3, 0xf0, 0x1f, 0xff, 0xff, 0xfe, 0x7f,  // Line 112
        0xff, 0xff, 0xff, 0xff, 0xff, 0x3f, 0xff, 0xff, 0xff, 0xf9, 0xe0, 0x9e, 0xff, 0xff, 0xfe, 0x7f,  // Line 113
        0xff, 0xff, 0xff, 0xff, 0xff, 0x9f, 0xff, 0xff, 0xff, 0xfd, 0xc1, 0x3d, 0xff, 0xff, 0xfe, 0x7f,  // Line 114
        0xff, 0xff, 0xff, 0xff, 0xff, 0xdf, 0xff, 0xff, 0xff, 0xfc, 0x80, 0x79, 0xff, 0xff, 0xfe, 0x7f,  // Line 115
        0xff, 0xff, 0xff, 0xff, 0xff, 0xef, 0xff, 0xff, 0xff, 0xfe, 0x82, 0x7b, 0xff, 0xff, 0xfe, 0x7f,  // Line 116
        0xff, 0xff, 0xff, 0xff, 0xff, 0xf7, 0xff, 0xff, 0xff, 0xfe, 0x04, 0xff, 0xff, 0xff, 0xfe, 0x7f,  // Line 117
        0xff, 0xff, 0xff, 0xff, 0xff, 0xfb, 0xff, 0xff, 0xff, 0xfe, 0x01, 0xff, 0xff, 0xff, 0xfe, 0x7f,  // Line 118
        0xff, 0xff, 0xff, 0xff, 0xff, 0xfd, 0xff, 0xff, 0xff, 0xfe, 0x49, 0xff, 0xfb, 0xff, 0xfe, 0x7f,  // Line 119
        0xff, 0xff, 0xff, 0xff, 0xff, 0xfe, 0xff, 0xff, 0xff, 0xfe, 0x13, 0xff, 0xfb, 0xff, 0xfe, 0x7f,  // Line 120
        0xff, 0xff, 0xff, 0xff, 0xff, 0xfe, 0x7f, 0xff, 0xff, 0xfd, 0x87, 0xff, 0xfb, 0xff, 0xfe, 0x7f,  // Line 121
        0xff, 0xff, 0xff, 0xff, 0xff, 0xff, 0x3f, 0xff, 0xff, 0xf8, 0x87, 0xff, 0xf3, 0xff, 0xfe, 0x7f,  // Line 122
        0xff, 0xff, 0xff, 0xff, 0xff, 0xff, 0x9f, 0xff, 0xff, 0xf0, 0x0f, 0xff, 0xf7, 0xff, 0xfe, 0xff,  // Line 123
        0xff, 0xff, 0xff, 0xff, 0xff, 0xff, 0xdf, 0xff, 0xff, 0xe0, 0x9f, 0xff, 0xf7, 0xff, 0xfe, 0xff,  // Line 124
        0xff, 0xff, 0xff, 0xff, 0xff, 0xff, 0xef, 0xff, 0xff, 0xc1, 0x3f, 0xff, 0xe7, 0xff, 0xfe, 0xff,  // Line 125
        0xff, 0xff, 0xff, 0xff, 0xff, 0xff, 0xf7, 0xff, 0xff, 0x80, 0x7f, 0xff, 0xe7, 0xff, 0xfe, 0xff,  // Line 126
        0xff, 0xff, 0xff, 0xff, 0xff, 0xff, 0xfb, 0xff, 0xff, 0x04, 0xff, 0xff, 0xef, 0xff, 0xfe, 0xff,  // Line 127
    },
    { /* Frame 5 */
        0x00, 0x00, 0x07, 0xf0, 0x3f, 0xfd, 0xc7, 0xff, 0xff, 0xff, 0xfe, 0x03, 0xff, 0x80, 0x7f, 0xc0,  // Line 0
        0x00, 0x00, 0x07, 0xe0, 0x7f, 0xfb, 0xf0, 0x7f, 0xff, 0xff, 0xfe, 0x03, 0xff, 0xe2, 0xff, 0x80,  // Line 1
        0x00, 0x00, 0x0f, 0xe0, 0xff, 0xe7, 0xfe, 0x1f, 0xff, 0xff, 0xfe, 0x07, 0xff, 0xf9, 0xff, 0x00,  // Line 2
        0x00, 0x00, 0x0f, 0xe0, 0x9f, 0xcf, 0xff, 0xc7, 0xff, 0xff, 0xfe, 0x07, 0xff, 0xfd, 0xfc, 0x00,  // Line 3
        0x00, 0x00, 0x0f, 0xfb, 0x1f, 0x9f, 0xff, 0xf1, 0xff, 0xff, 0xfe, 0x0f, 0xff, 0xfd, 0xf8, 0x00,  // Line 4
        0x00, 0x00, 0x0f, 0xf0, 0xff, 0x3f, 0xff, 0xfc, 0x7f, 0xff, 0xfe, 0x1f, 0xff, 0xff, 0xf0, 0x00,  // Line 5
        0x00, 0x00, 0x1f, 0xe1, 0xfe, 0x7f, 0xff, 0xff, 0x1f, 0xff, 0xfe, 0x1f, 0xff, 0xfb, 0xe1, 0x00,  // Line 6
        0x00, 0x00, 0x1f, 0xe3, 0xfd, 0xff, 0xff, 0xff, 0xc7, 0xff, 0x7e, 0x1f, 0xf8, 0x03, 0xc0, 0x00,  // Line 7
        0x00, 0x00, 0x3f, 0xce, 0xf9, 0xff, 0xff, 0xff, 0xf3, 0xff, 0xfe, 0x3f, 0xf0, 0x07, 0x88, 0x00,  // Line 8
        0x00, 0x00, 0x3f, 0x9f, 0xf3, 0xff, 0xff, 0xff, 0xf8, 0xff, 0xfe, 0x3f, 0xe3, 0x07, 0x38, 0x00,  // Line 9
        0x00, 0x00, 0x7f, 0x3d, 0xef, 0xff, 0xff, 0xff, 0xfe, 0x7f, 0xee, 0x7f, 0xc3, 0x0e, 0x78, 0x00,  // Line 10
        0x00, 0x00, 0x7f, 0x7b, 0xdf, 0xff, 0xff, 0xff, 0xff, 0x1f, 0xfe, 0x7f, 0x87, 0xcc, 0x38, 0x01,  // Line 11
        0x00, 0x00, 0xff, 0xfb, 0xbf, 0xff, 0xff, 0xff, 0xff, 0xcf, 0xfe, 0x7f, 0x0f, 0x08, 0x38, 0x01,  // Line 12
        0x00, 0x00, 0xff, 0xf7, 0x7f, 0xff, 0xff, 0xff, 0xff, 0xe7, 0xfe, 0x7f, 0x1a, 0x10, 0x3c, 0x01,  // Line 13
        0x00, 0x01, 0xff, 0xe6, 0xff, 0xff, 0xff, 0xff, 0xff, 0xf3, 0xff, 0x7f, 0x12, 0x00, 0x1c, 0x01,  // Line 14
        0x00, 0x01, 0xff, 0xec, 0xff, 0xff, 0xff, 0xff, 0xff, 0xf9, 0xff, 0xbe, 0x1a, 0x0c, 0x1c, 0x01,  // Line 15
        0x00, 0x01, 0xff, 0xc9, 0xff, 0xff, 0xff, 0xff, 0xff, 0xfe, 0xff, 0xde, 0x31, 0x04, 0x1c, 0x01,  // Line 16
        0x00, 0x01, 0xff, 0xdb, 0xff, 0xff, 0xff, 0xff, 0xff, 0xff, 0x3f, 0xee, 0x33, 0x00, 0x1c, 0x01,  // Line 17
        0x00, 0x01, 0xff, 0x97, 0xff, 0xff, 0xff, 0xff, 0xff, 0xff, 0x9f, 0xf6, 0x22, 0x42, 0x1c, 0x01,  // Line 18
        0x00, 0x00, 0xff, 0xaf, 0xff, 0xff, 0xff, 0xff, 0xff, 0xff, 0xcf, 0xfb, 0x38, 0x62, 0x3c, 0x01,  // Line 19
        0x00, 0x00, 0x7f, 0x0f, 0xff, 0xff, 0xff, 0xff, 0xff, 0xff, 0xef, 0xfd, 0x1a, 0x34, 0x3c, 0x01,  // Line 20
        0x00, 0x00, 0x0f, 0x1f, 0xff, 0xff, 0xff, 0xff, 0xff, 0xff, 0xf7, 0xfc, 0x14, 0x0c, 0x7c, 0x01,  // Line 21
        0x00, 0x00, 0x00, 0x3f, 0xff, 0xff, 0xff, 0xff, 0xff, 0xff, 0xfb, 0xfe, 0x08, 0x08, 0x78, 0x01,  // Line 22
        0x00, 0x00, 0x00, 0x3f, 0xf0, 0x00, 0xff, 0xff, 0xff, 0xff, 0xff, 0xff, 0x07, 0xf0, 0xf8, 0x01,  // Line 23
        0x00, 0x00, 0x00, 0x78, 0x00, 0x00, 0x01, 0xff, 0xff, 0xff, 0xff, 0xff, 0x00, 0x81, 0xf8, 0x01,  // Line 24
        0x00, 0x00, 0x00, 0x03, 0xff, 0xff, 0xf8, 0x0f, 0xff, 0xff, 0xff, 0xff, 0x80, 0x03, 0xf0, 0x01,  // Line 25
        0x00, 0x00, 0x00, 0x3f, 0xff, 0xff, 0xff, 0xc0, 0xff, 0xff, 0xff, 0xff, 0xcc, 0x0f, 0xf0, 0x01,  // Line 26
        0x00, 0x00, 0x01, 0xff, 0xff, 0xff, 0xff, 0xfe, 0x0f, 0xff, 0xff, 0xff, 0xe7, 0xff, 0xf0, 0x01,  // Line 27
        0x00, 0x00, 0x03, 0xff, 0xff, 0xff, 0xff, 0xff, 0xe1, 0xff, 0xff, 0xff, 0xf3, 0xff, 0xe0, 0x01,  // Line 28
        0x00, 0x00, 0x03, 0xff, 0xff, 0xff, 0xff, 0xff, 0xfc, 0x7f, 0xff, 0xff, 0xf9, 0xff, 0xe0, 0x01,  // Line 29
        0x00, 0x00, 0x07, 0xff, 0xff, 0xff, 0xff, 0xff, 0xff, 0x3f, 0xff, 0xff, 0xfc, 0xff, 0xc0, 0x01,  // Line 30
        0x00, 0x00, 0x0f, 0xff, 0xff, 0xff, 0xff, 0xff, 0xff, 0xff, 0xff, 0xff, 0xfc, 0x7f, 0xc0, 0x00,  // Line 31
        0x00, 0x00, 0x0f, 0xff, 0xff, 0xff, 0xff, 0xff, 0xff, 0xff, 0xff, 0xff, 0xfe, 0x3f, 0xc0, 0x00,  // Line 32
        0x00, 0x00, 0x1f, 0xff, 0xff, 0xff, 0xff, 0xff, 0xff, 0xff, 0xff, 0xff, 0xff, 0xbf, 0xc0, 0x00,  // Line 33
        0x00, 0x00, 0x3f, 0xff, 0xff, 0xff, 0xff, 0xff, 0xff, 0xff, 0xff, 0xff, 0xff, 0xff, 0xc0, 0x01,  // Line 34
        0x00, 0x00, 0x3f, 0xff, 0xff, 0xff, 0xff, 0xff, 0xff, 0xff, 0xff, 0xff, 0xff, 0xff, 0xc0, 0x00,  // Line 35
        0x00, 0x00, 0x7f, 0xff, 0xff, 0xff, 0xff, 0xff, 0xff, 0xff, 0xff, 0xff, 0xff, 0xff, 0xc0, 0x00,  // Line 36
        0x00, 0x00, 0x7f, 0xff, 0xff, 0xff, 0xff, 0xff, 0xff, 0xff, 0xff, 0xff, 0xff, 0xff, 0xe0, 0x19,  // Line 37
        0x00, 0x00, 0xff, 0xff, 0xff, 0xff, 0xff, 0xff, 0xff, 0xff, 0xff, 0xff, 0xff, 0xff, 0xf8, 0x1c,  // Line 38
        0x00, 0x00, 0xff, 0xff, 0xff, 0xff, 0xff, 0xff, 0xff, 0xff, 0xff, 0xff, 0xff, 0xff, 0xff, 0x3f,  // Line 39
        0x00, 0x01, 0xff, 0xff, 0xff, 0xff, 0xff, 0xff, 0xff, 0xff, 0xff, 0xff, 0xff, 0xff, 0xff, 0xff,  // Line 40
        0x00, 0x01, 0xff, 0xff, 0xff, 0xff, 0xff, 0xff, 0xff, 0xff, 0xff, 0xff, 0xff, 0xff, 0xff, 0xc3,  // Line 41
        0x00, 0x01, 0xff, 0xff, 0xff, 0xff, 0xff, 0xff, 0xff, 0xff, 0xff, 0xff, 0xff, 0xf7, 0xff, 0xfc,  // Line 42
        0x00, 0x03, 0xff, 0xff, 0xff, 0xff, 0xff, 0xff, 0xff, 0xff, 0xff, 0xff, 0xff, 0xf9, 0xff, 0xff,  // Line 43
        0x00, 0x03, 0xff, 0xff, 0xff, 0xff, 0xff, 0xff, 0xff, 0xff, 0xff, 0xff, 0xff, 0xfe, 0x3f, 0x9f,  // Line 44
        0x00, 0x07, 0xff, 0xff, 0xfe, 0xff, 0xff, 0xff, 0xff, 0xff, 0xff, 0xff, 0xff, 0xff, 0x87, 0xc7,  // Line 45
        0x00, 0x07, 0xff, 0xff, 0x00, 0x7f, 0xff, 0xff, 0xff, 0xff, 0xff, 0xff, 0xff, 0xff, 0xe1, 0xf1,  // Line 46
        0x00, 0x07, 0xff, 0xe0, 0x3f, 0xff, 0xff, 0xff, 0xff, 0xff, 0xff, 0xff, 0xff, 0xff, 0xf8, 0x7c,  // Line 47
        0x00, 0x0f, 0xfe, 0x07, 0xff, 0xff, 0xff, 0xff, 0xff, 0xff, 0xff, 0xff, 0xff, 0xff, 0xfe, 0x1e,  // Line 48
        0x00, 0x0f, 0xe0, 0xff, 0xff, 0xff, 0xff, 0xff, 0xff, 0xff, 0xff, 0xff, 0xff, 0xff, 0xff, 0x1f,  // Line 49
        0x00, 0x0f, 0x8f, 0xff, 0xff, 0xff, 0xff, 0xff, 0xff, 0xff, 0xff, 0xff, 0xff, 0xff, 0xff, 0xdf,  // Line 50
        0x00, 0x1c, 0x7f, 0xff, 0xff, 0xff, 0xff, 0xff, 0xff, 0xff, 0xff, 0xff, 0xff, 0xff, 0xff, 0xcf,  // Line 51
        0x00, 0x01, 0xff, 0xff, 0xff, 0xff, 0xff, 0xff, 0xff, 0xff, 0xff, 0xff, 0xff, 0xff, 0xff, 0xcf,  // Line 52
        0x00, 0x0f, 0xff, 0xff, 0xff, 0xff, 0xff, 0xff, 0xff, 0xff, 0xff, 0xff, 0xff, 0xff, 0xff, 0xef,  // Line 53
        0x00, 0x1f, 0xff, 0xff, 0xff, 0xff, 0xff, 0xff, 0xff, 0xff, 0xff, 0xff, 0xff, 0xff, 0xff, 0xef,  // Line 54
        0x00, 0x3f, 0xff, 0xff, 0xff, 0xff, 0xff, 0xff, 0xff, 0xff, 0xff, 0xff, 0xff, 0xff, 0xff, 0xe7,  // Line 55
        0x00, 0x3f, 0xff, 0xff, 0xff, 0xff, 0xff, 0xff, 0xff, 0xff, 0xff, 0xff, 0xff, 0xff, 0xff, 0xff,  // Line 56
        0x00, 0x3f, 0xff, 0xff, 0xff, 0xff, 0xff, 0xff, 0xff, 0xff, 0xff, 0xff, 0xff, 0xff, 0xff, 0xff,  // Line 57
        0x00, 0x7f, 0xff, 0xff, 0xff, 0xff, 0xff, 0xc0, 0x07, 0xff, 0xff, 0xff, 0xff, 0xff, 0xff, 0xff,  // Line 58
        0x00, 0x7f, 0xff, 0xff, 0xff, 0xff, 0xf8, 0x07, 0xf1, 0xff, 0xff, 0xff, 0xff, 0xff, 0xff, 0xff,  // Line 59
        0x00, 0x7f, 0xff, 0xff, 0xff, 0xff, 0xc1, 0xff, 0xfe, 0x7f, 0xff, 0xff, 0xff, 0xff, 0xff, 0xff,  // Line 60
        0x00, 0x7f, 0xff, 0xff, 0xff, 0xfe, 0x0f, 0xff, 0xff, 0x3f, 0xff, 0xff, 0xff, 0xff, 0xff, 0xff,  // Line 61
        0x00, 0x7f, 0xff, 0xff, 0xff, 0xf0, 0xff, 0xff, 0xff, 0xcf, 0xff, 0xff, 0xff, 0xff, 0xff, 0xff,  // Line 62
        0x00, 0xff, 0xff, 0xff, 0xff, 0x83, 0xff, 0xff, 0xff, 0xe7, 0xff, 0xff, 0xff, 0xff, 0xff, 0xff,  // Line 63
        0x00, 0xff, 0xff, 0xff, 0xfc, 0x3c, 0x0f, 0xff, 0xff, 0xf3, 0xff, 0xff, 0xff, 0xff, 0xff, 0xff,  // Line 64
        0x00, 0xff, 0xff, 0xff, 0xf1, 0xff, 0xf7, 0xff, 0xff, 0xf9, 0xff, 0xff, 0xff, 0xff, 0xff, 0xff,  // Line 65
        0x00, 0xff, 0xff, 0xff, 0xc7, 0xff, 0xf7, 0xff, 0xff, 0xfc, 0xff, 0xff, 0xff, 0xff, 0xff, 0xfe,  // Line 66
        0x00, 0xff, 0xff, 0xff, 0x9f, 0xff, 0xff, 0xff, 0xff, 0xfe, 0x7f, 0xff, 0xff, 0xff, 0xff, 0xfc,  // Line 67
        0x00, 0xff, 0xff, 0xff, 0x7f, 0xff, 0xf7, 0xff, 0xff, 0xff, 0x7f, 0xff, 0xff, 0xff, 0xff, 0xf8,  // Line 68
        0x00, 0xff, 0xff, 0xfe, 0xff, 0xff, 0xf7, 0xff, 0xff, 0xff, 0xbf, 0xff, 0xff, 0xff, 0xff, 0xf0,  // Line 69
        0x01, 0xff, 0xff, 0xfe, 0xff, 0xff, 0xfb, 0x9f, 0xff, 0xff, 0xdf, 0xff, 0xff, 0xff, 0xff, 0xf0,  // Line 70
        0x01, 0xff, 0xff, 0xfe, 0xff, 0xff, 0xff, 0xcf, 0xff, 0xff, 0xef, 0xff, 0xff, 0xff, 0xff, 0xe0,  // Line 71
        0x01, 0xff, 0xff, 0xff, 0x7f, 0xff, 0xff, 0xef, 0xff, 0xff, 0xe7, 0xff, 0xff, 0x0f, 0xff, 0xc0,  // Line 72
        0x01, 0xff, 0xff, 0xff, 0x3f, 0xff, 0xff, 0xe7, 0xff, 0xff, 0xf3, 0xff, 0xff, 0x07, 0xff, 0xc0,  // Line 73
        0x01, 0xff, 0xff, 0xff, 0x9f, 0xff, 0xff, 0xf3, 0xff, 0xff, 0xfb, 0xff, 0xff, 0x8f, 0xff, 0x80,  // Line 74
        0x01, 0xff, 0xff, 0xff, 0xcf, 0xff, 0xff, 0xfd, 0xff, 0xff, 0xfd, 0xff, 0xff, 0xef, 0xff, 0x00,  // Line 75
        0x01, 0xff, 0xff, 0xff, 0xe7, 0xff, 0xff, 0xfe, 0xff, 0xff, 0xfc, 0xff, 0xff, 0xff, 0xff, 0x00,  // Line 76
        0x01, 0xff, 0xff, 0xff, 0xf3, 0xff, 0xff, 0xff, 0x7f, 0xff, 0xfe, 0xff, 0xff, 0xff, 0xfe, 0x00,  // Line 77
        0x01, 0xff, 0xff, 0xff, 0xf9, 0xff, 0xff, 0xff, 0xff, 0xff, 0xff, 0x7f, 0xff, 0xff, 0xfe, 0x00,  // Line 78
        0x01, 0xff, 0xff, 0xff, 0xfc, 0xff, 0xff, 0xff, 0xff, 0xff, 0xff, 0x3f, 0xff, 0xff, 0xfc, 0x00,  // Line 79
        0x01, 0xff, 0xff, 0xff, 0xfe, 0x7f, 0xff, 0xff, 0xff, 0xff, 0xff, 0xbf, 0xff, 0xfc, 0x78, 0x01,  // Line 80
        0x01, 0xff, 0xff, 0xff, 0xff, 0x3f, 0xff, 0xff, 0xff, 0xff, 0xff, 0xdf, 0xff, 0xfc, 0x30, 0x01,  // Line 81
        0x01, 0xff, 0xff, 0xff, 0xff, 0xdf, 0xff, 0xff, 0xff, 0xff, 0xff, 0xcf, 0xff, 0xfe, 0x60, 0x03,  // Line 82
        0x01, 0xff, 0xff, 0xff, 0xff, 0xef, 0xff, 0xff, 0xff, 0xff, 0xff, 0xef, 0xff, 0xff, 0x80, 0x03,  // Line 83
        0x01, 0xff, 0xff, 0xff, 0xff, 0xf7, 0xff, 0xff, 0xff, 0xff, 0xff, 0xf7, 0xff, 0xff, 0x00, 0x0f,  // Line 84
        0x01, 0xff, 0xff, 0xff, 0xff, 0xfb, 0xff, 0xff, 0xff, 0xff, 0xff, 0xf3, 0xff, 0xff, 0xff, 0xff,  // Line 85
        0x01, 0xff, 0xff, 0xef, 0xff, 0xfd, 0xff, 0xff, 0xff, 0xff, 0xff, 0xfb, 0xff, 0xff, 0xff, 0xff,  // Line 86
        0x01, 0xff, 0xff, 0xfd, 0xff, 0xfe, 0xff, 0xff, 0xff, 0xff, 0xff, 0xf9, 0xff, 0xff, 0xff, 0xff,  // Line 87
        0x01, 0xff, 0xff, 0xff, 0xff, 0xff, 0x7f, 0xff, 0xff, 0xff, 0xff, 0xfd, 0xff, 0xff, 0xff, 0xff,  // Line 88
        0x01, 0xff, 0xff, 0xff, 0xff, 0xff, 0xbf, 0xff, 0xff, 0xff, 0xff, 0xfe, 0xff, 0xff, 0xff, 0xff,  // Line 89
        0x01, 0xff, 0xff, 0xff, 0xef, 0xff, 0xdf, 0xff, 0xff, 0xff, 0xff, 0xfe, 0x7f, 0xff, 0xff, 0xff,  // Line 90
        0x01, 0xff, 0xff, 0xff, 0xff, 0xff, 0xe7, 0xff, 0xff, 0xff, 0xff, 0xff, 0x7f, 0xff, 0xff, 0xff,  // Line 91
        0x01, 0xff, 0xff, 0xff, 0xff, 0xff, 0xf3, 0xff, 0xff, 0xff, 0xff, 0xff, 0x3f, 0xff, 0xff, 0xff,  // Line 92
        0x01, 0xff, 0xff, 0xff, 0xff, 0xff, 0xf9, 0xff, 0xff, 0xff, 0xff, 0xff, 0xbf, 0xff, 0xff, 0xff,  // Line 93
        0x01, 0xff, 0xff, 0xff, 0xff, 0xff, 0xfc, 0xff, 0xff, 0xff, 0xff, 0xff, 0x9f, 0xff, 0xff, 0xff,  // Line 94
        0x01, 0xff, 0xff, 0xff, 0xff, 0xff, 0xfe, 0x7f, 0xff, 0xff, 0xff, 0xff, 0xdf, 0xff, 0xff, 0xff,  // Line 95
        0x01, 0xff, 0xff, 0xff, 0xfe, 0xff, 0xff, 0x3f, 0xff, 0xff, 0xff, 0xff, 0xcf, 0xff, 0xff, 0xff,  // Line 96
        0x01, 0xff, 0xff, 0xd7, 0xfc, 0xff, 0xff, 0x9f, 0xff, 0xff, 0xff, 0xff, 0xef, 0xff, 0xff, 0xff,  // Line 97
        0x00, 0xff, 0xff, 0xd7, 0xff, 0xff, 0xff, 0xcf, 0xff, 0xff, 0xff, 0xff, 0xe7, 0xff, 0xff, 0xff,  // Line 98
        0x00, 0xff, 0xff, 0xff, 0xff, 0xff, 0xff, 0xe7, 0xff, 0xff, 0xff, 0xff, 0xf7, 0xff, 0xff, 0xff,  // Line 99
        0x00, 0xff, 0xff, 0xff, 0xff, 0xff, 0xff, 0xf3, 0xff, 0xff, 0xff, 0xff, 0xf7, 0xff, 0xff, 0xff,  // Line 100
        0x00, 0xff, 0xfb, 0xff, 0xff, 0xff, 0xff, 0xf9, 0xff, 0xff, 0xff, 0xff, 0xf3, 0xff, 0xff, 0xff,  // Line 101
        0x00, 0xff, 0xff, 0xff, 0xff, 0xff, 0xff, 0xfc, 0xff, 0xff, 0xff, 0xff, 0xfb, 0xff, 0xff, 0xff,  // Line 102
        0x00, 0xff, 0xff, 0xff, 0xff, 0xff, 0xff, 0xfe, 0x7f, 0xff, 0xff, 0xff, 0xf9, 0xff, 0xff, 0xff,  // Line 103
        0x00, 0xff, 0xff, 0xff, 0xff, 0xff, 0xff, 0xff, 0x3f, 0xff, 0xff, 0xff, 0xfd, 0xff, 0xff, 0xdf,  // Line 104
        0x00, 0x7f, 0xff, 0xff, 0xff, 0xff, 0xff, 0xff, 0x9f, 0xff, 0xff, 0xff, 0xf9, 0xff, 0xff, 0xdf,  // Line 105
        0x00, 0x7f, 0xff, 0xff, 0xff, 0xff, 0xff, 0xff, 0xcf, 0xff, 0xff, 0xff, 0xf9, 0xff, 0xff, 0xdf,  // Line 106
        0x00, 0x7f, 0xff, 0xff, 0xff, 0xff, 0xff, 0xff, 0xe7, 0xff, 0xff, 0xff, 0xe5, 0xff, 0xff, 0xdf,  // Line 107
        0x00, 0x7f, 0xff, 0xff, 0xff, 0xff, 0xff, 0xff, 0xf3, 0xff, 0xff, 0xff, 0xc9, 0xff, 0xff, 0xdf,  // Line 108
        0x00, 0x7f, 0xff, 0xff, 0xff, 0xff, 0xff, 0xff, 0xf9, 0xff, 0xff, 0xdf, 0x83, 0xff, 0xff, 0xdf,  // Line 109
        0x00, 0x3f, 0xff, 0xff, 0xff, 0xff, 0xff, 0xff, 0xfc, 0xff, 0xff, 0xef, 0x07, 0xff, 0xff, 0xdf,  // Line 110
        0x00, 0x3f, 0xff, 0xff, 0xff, 0xff, 0xff, 0xff, 0xfe, 0x7f, 0xff, 0xe6, 0x47, 0xff, 0xff, 0xdf,  // Line 111
        0x00, 0x3f, 0xff, 0xff, 0xff, 0xff, 0xff, 0xff, 0xff, 0x3f, 0xff, 0xf2, 0x8f, 0xff, 0xff, 0xdf,  // Line 112
        0x00, 0x1f, 0xff, 0xff, 0xff, 0xff, 0xff, 0xff, 0xff, 0x9f, 0xff, 0xf3, 0x1f, 0xff, 0xff, 0xdf,  // Line 113
        0x00, 0x1f, 0xff, 0xff, 0xff, 0xff, 0xff, 0xff, 0xff, 0xcf, 0xff, 0xe8, 0x7f, 0xff, 0xff, 0x9f,  // Line 114
        0x00, 0x1f, 0xff, 0xff, 0xff, 0xff, 0xff, 0xff, 0xff, 0xe7, 0xff, 0xc4, 0xff, 0xff, 0xff, 0x9f,  // Line 115
        0x00, 0x0f, 0xff, 0xff, 0xff, 0xff, 0xff, 0xff, 0xff, 0xf3, 0xff, 0x89, 0xff, 0xcf, 0xff, 0x9f,  // Line 116
        0x00, 0x0f, 0xff, 0xff, 0xff, 0xff, 0xff, 0xff, 0xff, 0xf9, 0xff, 0x13, 0xff, 0xdf, 0xff, 0x9f,  // Line 117
        0x00, 0x0f, 0xff, 0xff, 0xff, 0xff, 0xff, 0xff, 0xff, 0xfd, 0xfc, 0x47, 0xff, 0x9f, 0xff, 0xbf,  // Line 118
        0x00, 0x07, 0xff, 0xff, 0xff, 0xff, 0xff, 0xff, 0xff, 0xfe, 0xf8, 0x8f, 0xff, 0xbf, 0xff, 0xbf,  // Line 119
        0x00, 0x07, 0xff, 0xff, 0xff, 0xff, 0xff, 0xff, 0xff, 0xff, 0x73, 0x3f, 0xff, 0x3f, 0xff, 0x3f,  // Line 120
        0x00, 0x07, 0xff, 0xff, 0xff, 0xff, 0xff, 0xff, 0xff, 0xff, 0x94, 0x7f, 0xff, 0x7f, 0xff, 0x3f,  // Line 121
        0x00, 0x03, 0xff, 0xff, 0xff, 0xff, 0xff, 0xff, 0xff, 0xff, 0x80, 0xff, 0xff, 0x7f, 0xff, 0x3f,  // Line 122
        0x00, 0x03, 0xff, 0xff, 0xff, 0xff, 0xff, 0xff, 0xff, 0xff, 0xe3, 0xff, 0xfe, 0xff, 0xff, 0x7f,  // Line 123
        0x00, 0x01, 0xff, 0xff, 0xff, 0xff, 0xff, 0xff, 0xff, 0xff, 0xff, 0xff, 0xfc, 0xff, 0xff, 0x7f,  // Line 124
        0x00, 0x01, 0xff, 0xff, 0xff, 0xff, 0xff, 0xff, 0xff, 0xff, 0xff, 0xff, 0xfd, 0xff, 0xfe, 0x7f,  // Line 125
        0x00, 0x00, 0xff, 0xff, 0xff, 0xff, 0xff, 0xff, 0xff, 0xff, 0xff, 0xff, 0xf9, 0xff, 0xfe, 0x7f,  // Line 126
        0x00, 0x00, 0xff, 0xff, 0xff, 0xff, 0xff, 0xff, 0xff, 0xff, 0xff, 0xff, 0xfb, 0xff, 0xfe, 0xfe,  // Line 127
    },
    { /* Frame 6 */
        0x00, 0x00, 0x00, 0x0f, 0x80, 0x01, 0xff, 0xef, 0xff, 0xff, 0xff, 0xff, 0xe0, 0x3f, 0xff, 0xff,  // Line 0
        0x00, 0x00, 0x00, 0x0f, 0x80, 0x07, 0xff, 0xbf, 0xff, 0xff, 0xff, 0xff, 0xc1, 0xff, 0xff, 0xff,  // Line 1
        0x00, 0x00, 0x00, 0x0f, 0x80, 0x0f, 0xfe, 0x7f, 0xff, 0xff, 0xff, 0xff, 0x0f, 0xff, 0xff, 0xff,  // Line 2
        0x00, 0x00, 0x00, 0x0f, 0x00, 0x1f, 0xfc, 0xff, 0xff, 0xff, 0xff, 0xfc, 0x00, 0xff, 0xff, 0xff,  // Line 3
        0x00, 0x00, 0x00, 0x1f, 0x00, 0x3f, 0xfb, 0xff, 0xff, 0xff, 0xff, 0xff, 0x80, 0x01, 0xff, 0xff,  // Line 4
        0x00, 0x00, 0x00, 0x1f, 0x00, 0x7f, 0xe7, 0xff, 0xff, 0xff, 0xff, 0xff, 0x00, 0x00, 0x1f, 0xff,  // Line 5
        0x00, 0x00, 0x00, 0x1f, 0x00, 0xe7, 0xcf, 0xff, 0xff, 0xff, 0xff, 0xff, 0x00, 0x00, 0x00, 0xff,  // Line 6
        0x00, 0x00, 0x00, 0x3f, 0x01, 0x8f, 0x9f, 0xff, 0xff, 0xff, 0xff, 0xfe, 0x00, 0x00, 0x00, 0x0f,  // Line 7
        0x00, 0x00, 0x00, 0x3f, 0x82, 0x1f, 0x7f, 0xff, 0xff, 0xff, 0xff, 0xfe, 0x00, 0x00, 0x00, 0x00,  // Line 8
        0x00, 0x00, 0x00, 0x3f, 0x84, 0xde, 0xff, 0xff, 0xff, 0xff, 0xff, 0xfe, 0x00, 0x00, 0x00, 0x00,  // Line 9
        0x00, 0x00, 0x00, 0x7f, 0xc3, 0xb9, 0xff, 0xff, 0xff, 0xff, 0xff, 0xfe, 0x00, 0x00, 0x00, 0x00,  // Line 10
        0x00, 0x00, 0x00, 0x3f, 0xc7, 0x73, 0xff, 0xff, 0xff, 0xff, 0xff, 0xfc, 0x03, 0xc0, 0x00, 0x00,  // Line 11
        0x00, 0x00, 0x00, 0xbf, 0x9f, 0xe7, 0xff, 0xff, 0xff, 0xff, 0xff, 0xfc, 0x01, 0xee, 0x00, 0x00,  // Line 12
        0x00, 0x00, 0x00, 0xff, 0x3e, 0xcf, 0xff, 0xf3, 0xff, 0xff, 0xff, 0xfc, 0x07, 0xfd, 0x80, 0x40,  // Line 13
        0x00, 0x00, 0x00, 0xfe, 0xfe, 0x9f, 0xff, 0xf9, 0xff, 0xff, 0xff, 0xfc, 0x0f, 0xfe, 0x40, 0x78,  // Line 14
        0x00, 0x00, 0x00, 0xff, 0xfd, 0xbf, 0xff, 0xfe, 0x7f, 0xff, 0xff, 0xfc, 0x1f, 0xff, 0xb0, 0x38,  // Line 15
        0x00, 0x00, 0x00, 0xff, 0xfb, 0x7f, 0xff, 0xff, 0x3f, 0xff, 0xff, 0xfc, 0x1f, 0xff, 0xd0, 0x38,  // Line 16
        0x00, 0x00, 0x00, 0xff, 0xfa, 0xff, 0xff, 0xff, 0xcf, 0xff, 0xff, 0xfc, 0x3f, 0xf7, 0xe8, 0x38,  // Line 17
        0x00, 0x00, 0x00, 0xff, 0xf1, 0xff, 0xff, 0xff, 0xe7, 0xff, 0xff, 0xfc, 0x3f, 0x80, 0xf4, 0x38,  // Line 18
        0x00, 0x00, 0x02, 0xff, 0xf3, 0xff, 0xff, 0xff, 0xf9, 0x3f, 0xff, 0xfc, 0x7e, 0x00, 0x3c, 0x3c,  // Line 19
        0x00, 0x00, 0x03, 0xbf, 0xe3, 0xff, 0xff, 0xff, 0xfc, 0xff, 0xff, 0xfc, 0x7c, 0x38, 0x1e, 0x3c,  // Line 20
        0x00, 0x00, 0x07, 0xc1, 0xe7, 0xff, 0xff, 0xff, 0xfe, 0x7f, 0xff, 0xfc, 0x78, 0x38, 0x0e, 0x1c,  // Line 21
        0x00, 0x00, 0x0f, 0xe0, 0x0f, 0xff, 0xff, 0xff, 0xff, 0xbf, 0xff, 0xfc, 0xf8, 0x2c, 0x06, 0x1c,  // Line 22
        0x00, 0x00, 0x07, 0xe0, 0x1f, 0xff, 0xff, 0xff, 0xff, 0xcf, 0xff, 0xfc, 0xf0, 0xc6, 0x07, 0x1c,  // Line 23
        0x00, 0x00, 0x07, 0xe0, 0x3f, 0xff, 0xff, 0xff, 0xff, 0xe7, 0xff, 0xfc, 0xf1, 0x42, 0x07, 0x1c,  // Line 24
        0x00, 0x00, 0x1f, 0xe0, 0x3f, 0xff, 0xff, 0xff, 0xff, 0xf3, 0xef, 0xfe, 0xf1, 0xc1, 0x87, 0x1c,  // Line 25
        0x00, 0x00, 0x3f, 0xe0, 0x7f, 0xff, 0xff, 0xff, 0xff, 0xf9, 0xff, 0xfe, 0x73, 0x20, 0x87, 0x18,  // Line 26
        0x00, 0x00, 0x3f, 0xe0, 0xff, 0xff, 0xff, 0xff, 0xff, 0xfc, 0xff, 0xff, 0x72, 0x30, 0x87, 0x18,  // Line 27
        0x00, 0x00, 0x7f, 0xc1, 0xff, 0xff, 0xff, 0xff, 0xff, 0xfe, 0x6f, 0xff, 0xb2, 0x30, 0x47, 0x18,  // Line 28
        0x00, 0x00, 0xff, 0xc1, 0xff, 0xff, 0xff, 0xff, 0xff, 0xff, 0x3f, 0xff, 0xb3, 0x08, 0x47, 0x10,  // Line 29
        0x00, 0x01, 0x7f, 0x83, 0xff, 0xff, 0xff, 0xff, 0xff, 0xff, 0x97, 0xff, 0xd1, 0x04, 0x87, 0x10,  // Line 30
        0x00, 0x01, 0x7f, 0x07, 0xff, 0xff, 0xff, 0xff, 0xff, 0xff, 0xdf, 0xff, 0xc9, 0x27, 0x8f, 0x10,  // Line 31
        0x00, 0x00, 0xff, 0x07, 0xff, 0xff, 0xff, 0xff, 0xff, 0xff, 0xef, 0xff, 0xe0, 0x81, 0x1f, 0x20,  // Line 32
        0x00, 0x00, 0xfe, 0x0f, 0xff, 0xff, 0xff, 0xff, 0xff, 0xff, 0xf7, 0xff, 0xe0, 0x7e, 0x3f, 0x20,  // Line 33
        0x00, 0x01, 0xfc, 0x1f, 0xff, 0xff, 0xff, 0xff, 0xff, 0xff, 0xfb, 0xff, 0xf2, 0x00, 0x7f, 0x20,  // Line 34
        0x00, 0x01, 0xfc, 0x1f, 0xff, 0xff, 0xff, 0xff, 0xff, 0xff, 0xff, 0xff, 0xf9, 0x80, 0xfe, 0x20,  // Line 35
        0x00, 0x01, 0xf8, 0x3f, 0xff, 0x01, 0xff, 0xff, 0xff, 0xff, 0xff, 0xff, 0xfc, 0xff, 0xfe, 0x64,  // Line 36
        0x00, 0x03, 0xf0, 0x7f, 0xff, 0xfe, 0x03, 0xff, 0xff, 0xff, 0xff, 0xff, 0xfc, 0x7f, 0xfc, 0x48,  // Line 37
        0x00, 0x03, 0xf0, 0x7f, 0xff, 0xff, 0xf8, 0x3f, 0xff, 0xff, 0xff, 0xff, 0xfe, 0x3f, 0xfc, 0x41,  // Line 38
        0x00, 0x07, 0xe0, 0xff, 0xff, 0xff, 0xff, 0x87, 0xff, 0xff, 0xff, 0xff, 0xff, 0x1f, 0xf8, 0x47,  // Line 39
        0x00, 0x0f, 0xc0, 0xff, 0xff, 0xff, 0xff, 0xf8, 0xff, 0xff, 0xff, 0xff, 0xff, 0x0f, 0xfa, 0x1f,  // Line 40
        0x00, 0x17, 0xc1, 0xff, 0xff, 0xff, 0xff, 0xff, 0x1f, 0xff, 0xff, 0xff, 0xff, 0x87, 0xf4, 0x7f,  // Line 41
        0x00, 0x17, 0x81, 0xff, 0xff, 0xff, 0xff, 0xff, 0xc7, 0xff, 0xff, 0xff, 0xff, 0x87, 0xf1, 0xff,  // Line 42
        0x00, 0x0f, 0x01, 0xff, 0xff, 0xff, 0xff, 0xff, 0xf8, 0xff, 0xff, 0xff, 0xff, 0xc3, 0xe3, 0xff,  // Line 43
        0x00, 0x0b, 0x03, 0xff, 0xff, 0xff, 0xff, 0xff, 0xfe, 0x3f, 0xff, 0xff, 0xff, 0xe3, 0x9f, 0xff,  // Line 44
        0x00, 0x0e, 0x03, 0xff, 0xff, 0xff, 0xff, 0xff, 0xff, 0x9f, 0xff, 0xff, 0xff, 0xf6, 0x3f, 0xff,  // Line 45
        0x00, 0x0c, 0x07, 0xff, 0xff, 0xff, 0xff, 0xff, 0xff, 0xff, 0xff, 0xff, 0xff, 0xf8, 0xff, 0xff,  // Line 46
        0x00, 0x0c, 0x07, 0xff, 0xff, 0xff, 0xff, 0xff, 0xff, 0xff, 0xff, 0xff, 0xff, 0xf0, 0x00, 0x00,  // Line 47
        0x00, 0x18, 0x07, 0xff, 0xff, 0xff, 0xff, 0xff, 0xff, 0xff, 0xff, 0xff, 0xff, 0xff, 0xc0, 0x00,  // Line 48
        0x00, 0x10, 0x0f, 0xff, 0xff, 0xff, 0xff, 0xff, 0xff, 0xff, 0xff, 0xff, 0xff, 0xff, 0xf8, 0x04,  // Line 49
        0x00, 0x30, 0x0f, 0xff, 0xff, 0xff, 0xff, 0xff, 0xff, 0xff, 0xff, 0xff, 0xff, 0xff, 0xe0, 0x00,  // Line 50
        0x00, 0x20, 0x0f, 0xff, 0xff, 0xff, 0xff, 0xff, 0xff, 0xff, 0xff, 0xff, 0xff, 0xff, 0xe0, 0x00,  // Line 51
        0x00, 0x40, 0x0f, 0xff, 0xff, 0xff, 0xff, 0xff, 0xff, 0xff, 0xff, 0xff, 0xff, 0xff, 0xe0, 0x04,  // Line 52
        0x00, 0x00, 0x1f, 0xff, 0xff, 0xff, 0xff, 0xff, 0xff, 0xff, 0xff, 0xff, 0xff, 0xff, 0x70, 0x0c,  // Line 53
        0x00, 0x80, 0x1f, 0xff, 0xff, 0xff, 0xff, 0xff, 0xff, 0xff, 0xff, 0xff, 0xff, 0xff, 0x98, 0x1e,  // Line 54
        0x00, 0x00, 0x1f, 0xff, 0xff, 0xff, 0xff, 0xff, 0xff, 0xff, 0xff, 0xff, 0xff, 0xff, 0xcf, 0xff,  // Line 55
        0x00, 0x00, 0x1f, 0xff, 0xff, 0xff, 0xff, 0xff, 0xff, 0xff, 0xff, 0xff, 0xff, 0xff, 0xf3, 0xff,  // Line 56
        0x00, 0x00, 0x1f, 0xff, 0xff, 0xfc, 0xff, 0xff, 0xff, 0xff, 0xff, 0xff, 0xff, 0xff, 0xf9, 0xf3,  // Line 57
        0x00, 0x00, 0x3f, 0xff, 0xfc, 0x00, 0x03, 0xff, 0xff, 0xff, 0xff, 0xff, 0xff, 0xff, 0xfc, 0xcc,  // Line 58
        0x00, 0x00, 0x3f, 0xff, 0x81, 0xff, 0xff, 0xff, 0xff, 0xff, 0xff, 0xff, 0xff, 0xff, 0xfe, 0x63,  // Line 59
        0x00, 0x00, 0x3f, 0xf8, 0x3f, 0xff, 0xff, 0xff, 0xff, 0xff, 0xff, 0xff, 0xff, 0xff, 0xff, 0xb9,  // Line 60
        0x00, 0x00, 0x3f, 0xe3, 0xff, 0xff, 0xff, 0xff, 0xff, 0xff, 0xff, 0xff, 0xff, 0xff, 0xff, 0xdc,  // Line 61
        0x00, 0x00, 0x3f, 0x1f, 0xff, 0xff, 0xff, 0xff, 0xff, 0xff, 0xff, 0xff, 0xff, 0xff, 0xff, 0xce,  // Line 62
        0x00, 0x00, 0x3f, 0xff, 0xff, 0xff, 0xff, 0xff, 0xff, 0xff, 0xff, 0xff, 0xff, 0xff, 0xff, 0xef,  // Line 63
        0x00, 0x00, 0x3f, 0xff, 0xff, 0xff, 0xff, 0xff, 0xff, 0xff, 0xff, 0xff, 0xff, 0xff, 0xff, 0xef,  // Line 64
        0x00, 0x00, 0x3f, 0xff, 0xff, 0xff, 0xff, 0xff, 0xff, 0xff, 0xff, 0xff, 0xff, 0xff, 0xff, 0xf7,  // Line 65
        0x00, 0x00, 0x3f, 0xff, 0xff, 0xff, 0xff, 0xff, 0xff, 0xff, 0xff, 0xff, 0xff, 0xff, 0xff, 0xf7,  // Line 66
        0x00, 0x00, 0x3f, 0xff, 0xff, 0xff, 0xff, 0xff, 0xff, 0xff, 0xff, 0xff, 0xff, 0xff, 0xff, 0xff,  // Line 67
        0x00, 0x00, 0x3f, 0xff, 0xff, 0xff, 0xff, 0xff, 0xff, 0xff, 0xff, 0xff, 0xff, 0xff, 0xff, 0xff,  // Line 68
        0x00, 0x00, 0x3f, 0xff, 0xff, 0xff, 0xff, 0xff, 0xff, 0xff, 0xff, 0xff, 0xff, 0xff, 0xff, 0xff,  // Line 69
        0x00, 0x00, 0x3f, 0xff, 0xff, 0xff, 0xff, 0xff, 0xff, 0x80, 0xfc, 0x7f, 0xff, 0xff, 0xff, 0xff,  // Line 70
        0x00, 0x00, 0x3f, 0xff, 0xff, 0xff, 0xff, 0xff, 0xf0, 0x00, 0xff, 0x9f, 0xff, 0xff, 0xff, 0xff,  // Line 71
        0x00, 0x00, 0x3f, 0xff, 0xff, 0xff, 0xff, 0xff, 0x00, 0x00, 0x7f, 0xcf, 0xff, 0xff, 0xff, 0xff,  // Line 72
        0x00, 0x00, 0x7f, 0xff, 0xff, 0xff, 0xff, 0xf8, 0x00, 0x00, 0x3f, 0xe7, 0xff, 0xff, 0xff, 0xff,  // Line 73
        0x00, 0x00, 0x7f, 0xff, 0xff, 0xff, 0xff, 0xc0, 0x00, 0x00, 0x3f, 0xf3, 0xff, 0xff, 0xff, 0xff,  // Line 74
        0x00, 0x00, 0x7f, 0xff, 0xff, 0xff, 0xfe, 0x00, 0x00, 0x00, 0x1f, 0xf9, 0xff, 0xff, 0xff, 0xff,  // Line 75
        0x00, 0x00, 0x7f, 0xff, 0xff, 0xff, 0xf8, 0x00, 0x00, 0x00, 0x0f, 0xfc, 0xff, 0xff, 0xff, 0xff,  // Line 76
        0x00, 0x00, 0x7f, 0xff, 0xff, 0xff, 0xe0, 0x00, 0x00, 0x00, 0x07, 0xfe, 0x7f, 0xff, 0xff, 0xff,  // Line 77
        0x00, 0x00, 0x7f, 0xff, 0xff, 0xff, 0x80, 0x00, 0x00, 0x00, 0x07, 0xff, 0x7f, 0xff, 0xff, 0xff,  // Line 78
        0x00, 0x00, 0x3f, 0xff, 0xff, 0xfe, 0x00, 0x00, 0x00, 0x00, 0x03, 0xff, 0xbf, 0xff, 0xff, 0xff,  // Line 79
        0x00, 0x00, 0x3f, 0xff, 0xff, 0xf8, 0x00, 0x00, 0x00, 0x00, 0x01, 0xff, 0x9f, 0xff, 0xff, 0xff,  // Line 80
        0x00, 0x00, 0x3f, 0xff, 0xff, 0xf0, 0x00, 0x00, 0x00, 0x00, 0x00, 0xff, 0xdf, 0xff, 0xff, 0xfe,  // Line 81
        0x00, 0x00, 0x3f, 0xff, 0xff, 0xc0, 0x00, 0x00, 0x00, 0x00, 0x00, 0xff, 0xef, 0xff, 0x3f, 0xfe,  // Line 82
        0x00, 0x00, 0x3f, 0xff, 0xff, 0x80, 0x00, 0x00, 0x00, 0x00, 0x00, 0x7f, 0xe7, 0xff, 0x0f, 0xfe,  // Line 83
        0x00, 0x00, 0x3f, 0xff, 0xff, 0x00, 0x00, 0x00, 0x00, 0x00, 0x00, 0x3f, 0xf7, 0xff, 0xc3, 0xfe,  // Line 84
        0x00, 0x00, 0x3f, 0xff, 0xfe, 0x00, 0x00, 0x00, 0x00, 0x00, 0x00, 0x1f, 0xf3, 0xff, 0xff, 0xfe,  // Line 85
        0x00, 0x00, 0x3f, 0xff, 0xfe, 0x00, 0x00, 0x00, 0x00, 0x00, 0x00, 0x1f, 0xfb, 0xff, 0xff, 0xfc,  // Line 86
        0x00, 0x00, 0x3f, 0xff, 0xfc, 0x00, 0x00, 0x00, 0x00, 0x00, 0x00, 0x0f, 0xfd, 0xff, 0xff, 0xfc,  // Line 87
        0x00, 0x00, 0x3f, 0xff, 0xfd, 0x00, 0x00, 0x00, 0x00, 0x00, 0x00, 0x07, 0xfd, 0xff, 0xff, 0xfc,  // Line 88
        0x00, 0x00, 0x3f, 0xff, 0xfd, 0x00, 0x00, 0x00, 0x00, 0x00, 0x00, 0x07, 0xfe, 0xff, 0xff, 0xf8,  // Line 89
        0x00, 0x00, 0x1f, 0xff, 0xfb, 0x00, 0x00, 0x00, 0x00, 0x00, 0x00, 0x03, 0xfe, 0xff, 0xf8, 0x70,  // Line 90
        0x00, 0x00, 0x1f, 0xff, 0xfb, 0x00, 0x00, 0x00, 0x00, 0x00, 0x00, 0x01, 0xff, 0x7f, 0xfc, 0x00,  // Line 91
        0x00, 0x00, 0x1f, 0xff, 0xfb, 0x00, 0x00, 0x00, 0x00, 0x00, 0x00, 0x00, 0xff, 0x7f, 0xfc, 0x00,  // Line 92
        0x00, 0x00, 0x1f, 0xff, 0xfb, 0x80, 0x00, 0x00, 0x00, 0x00, 0x00, 0x00, 0xff, 0x3f, 0xff, 0xff,  // Line 93
        0x00, 0x00, 0x1f, 0xff, 0xff, 0x80, 0x00, 0x00, 0x00, 0x00, 0x00, 0x00, 0x7f, 0xbf, 0xff, 0xff,  // Line 94
        0x00, 0x00, 0x1f, 0xff, 0xfb, 0xc0, 0x00, 0x00, 0x00, 0x00, 0x00, 0x00, 0x3f, 0xdf, 0xff, 0xff,  // Line 95
        0x00, 0x00, 0x0f, 0xff, 0xfb, 0xe0, 0x00, 0x00, 0x00, 0x00, 0x00, 0x00, 0x3f, 0xdf, 0xff, 0xff,  // Line 96
        0x00, 0x00, 0x0f, 0xff, 0xbb, 0xf0, 0x00, 0x00, 0x00, 0x00, 0x00, 0x00, 0x1f, 0xdf, 0xff, 0xff,  // Line 97
        0x00, 0x00, 0x0f, 0xff, 0xfd, 0xf0, 0x00, 0x00, 0x00, 0x00, 0x00, 0x00, 0x0f, 0xcf, 0xff, 0xff,  // Line 98
        0x00, 0x00, 0x0f, 0xff, 0xfe, 0xf8, 0x00, 0x00, 0x00, 0x00, 0x00, 0x00, 0x0f, 0x4f, 0xff, 0xff,  // Line 99
        0x00, 0x00, 0x0f, 0xff, 0xfe, 0xfc, 0x00, 0x00, 0x00, 0x00, 0x00, 0x00, 0x04, 0x4f, 0xff, 0xff,  // Line 100
        0x00, 0x00, 0x07, 0xff, 0xff, 0x7e, 0x00, 0x00, 0x00, 0x00, 0x00, 0x00, 0x03, 0x0f, 0xff, 0xff,  // Line 101
        0x00, 0x00, 0x07, 0xff, 0xff, 0xbf, 0x00, 0x00, 0x00, 0x00, 0x00, 0x00, 0x00, 0x1f, 0xff, 0xff,  // Line 102
        0x00, 0x00, 0x07, 0xff, 0xff, 0x9f, 0x80, 0x00, 0x00, 0x00, 0x00, 0x00, 0x00, 0x7f, 0xff, 0xff,  // Line 103
        0x00, 0x00, 0x03, 0xff, 0xff, 0xdf, 0x80, 0x00, 0x00, 0x00, 0x00, 0x00, 0x01, 0xff, 0xff, 0xff,  // Line 104
        0x00, 0x00, 0x03, 0xff, 0xff, 0xef, 0xc0, 0x00, 0x00, 0x00, 0x00, 0x00, 0x07, 0xff, 0xff, 0xff,  // Line 105
        0x00, 0x00, 0x03, 0xff, 0xff, 0xf7, 0xe0, 0x00, 0x00, 0x00, 0x00, 0x00, 0x0f, 0xff, 0xff, 0xff,  // Line 106
        0x00, 0x00, 0x03, 0xff, 0xff, 0xfb, 0xf0, 0x00, 0x00, 0x00, 0x00, 0x00, 0x7f, 0xff, 0xfd, 0xff,  // Line 107
        0x00, 0x00, 0x01, 0xff, 0xff, 0xf9, 0xf8, 0x00, 0x00, 0x00, 0x00, 0x01, 0xff, 0xff, 0xfd, 0xff,  // Line 108
        0x00, 0x00, 0x01, 0xff, 0xdf, 0xfc, 0xfc, 0x00, 0x00, 0x00, 0x00, 0x03, 0xff, 0xff, 0xf9, 0xff,  // Line 109
        0x00, 0x00, 0x01, 0xff, 0xff, 0xfe, 0x7e, 0x00, 0x00, 0x00, 0x00, 0x0f, 0xff, 0xff, 0xf9, 0xff,  // Line 110
        0x00, 0x00, 0x00, 0xff, 0xff, 0xff, 0x3f, 0x00, 0x00, 0x00, 0x00, 0x3f, 0xff, 0xff, 0xf9, 0xfe,  // Line 111
        0x00, 0x00, 0x00, 0xff, 0xff, 0xff, 0xbf, 0x00, 0x04, 0x00, 0x00, 0xff, 0xff, 0xff, 0xfb, 0xf8,  // Line 112
        0x00, 0x00, 0x00, 0x7f, 0xff, 0xff, 0xdf, 0x80, 0x04, 0x00, 0x03, 0xff, 0xff, 0xff, 0xfb, 0xf0,  // Line 113
        0x00, 0x00, 0x00, 0x7f, 0xff, 0xff, 0xef, 0xc0, 0x00, 0x00, 0x07, 0xff, 0xff, 0xff, 0xf3, 0xe0,  // Line 114
        0x00, 0x00, 0x00, 0x3f, 0xff, 0xff, 0xf7, 0xe0, 0x08, 0x00, 0x1f, 0xff, 0xff, 0xff, 0xf3, 0x80,  // Line 115
        0x00, 0x00, 0x00, 0x3f, 0xff, 0xff, 0xfb, 0xf0, 0x00, 0x00, 0x7f, 0xff, 0xff, 0xff, 0xf6, 0x00,  // Line 116
        0x00, 0x00, 0x00, 0x1f, 0xff, 0xff, 0xfd, 0xf8, 0x08, 0x01, 0xff, 0xff, 0xfe, 0xff, 0xe4, 0x00,  // Line 117
        0x00, 0x00, 0x00, 0x1f, 0xff, 0xff, 0xfe, 0xfc, 0x28, 0x03, 0xff, 0xff, 0xfd, 0xff, 0xe0, 0x00,  // Line 118
        0x00, 0x00, 0x00, 0x0f, 0xff, 0xff, 0xff, 0x7e, 0x48, 0x0f, 0xff, 0xff, 0xf9, 0xff, 0xc0, 0x00,  // Line 119
        0x00, 0x00, 0x00, 0x07, 0xff, 0xff, 0xff, 0xbf, 0x20, 0x1f, 0xff, 0xff, 0xf3, 0xff, 0x00, 0x00,  // Line 120
        0x00, 0x00, 0x00, 0x07, 0xff, 0xff, 0xff, 0xdf, 0x90, 0x7f, 0xff, 0xff, 0xe7, 0xfe, 0x00, 0x00,  // Line 121
        0x00, 0x00, 0x00, 0x03, 0xff, 0xff, 0xff, 0xef, 0xd0, 0xff, 0xff, 0xff, 0xef, 0xf0, 0x00, 0x00,  // Line 122
        0x00, 0x00, 0x00, 0x01, 0xff, 0xff, 0xff, 0xf3, 0xe3, 0xff, 0xff, 0xff, 0xdf, 0xc0, 0x00, 0x00,  // Line 123
        0x00, 0x00, 0x00, 0x01, 0xff, 0xff, 0xff, 0xf9, 0x87, 0xff, 0xff, 0xff, 0xbf, 0x00, 0x00, 0x00,  // Line 124
        0x00, 0x00, 0x00, 0x00, 0xff, 0xff, 0xff, 0xfe, 0x1f, 0xff, 0xff, 0xff, 0x7c, 0x00, 0x00, 0x00,  // Line 125
        0x00, 0x00, 0x00, 0x00, 0x7f, 0xff, 0xff, 0xff, 0xff, 0xff, 0xff, 0xfe, 0xe0, 0x00, 0x00, 0x00,  // Line 126
        0x00, 0x00, 0x00, 0x00, 0x3f, 0xff, 0xff, 0xff, 0xff, 0xff, 0xff, 0xfc, 0x00, 0x00, 0x00, 0x00,  // Line 127
    },
    { /* Frame 7 */
        0x00, 0x00, 0x00, 0x01, 0xf8, 0x00, 0x3f, 0xfe, 0xff, 0xff, 0xf3, 0xf0, 0x01, 0xff, 0xff, 0xff,  // Line 0
        0x00, 0x00, 0x00, 0x03, 0xf0, 0x00, 0x7f, 0xfd, 0xff, 0xff, 0xc0, 0x00, 0x00, 0x07, 0xff, 0xff,  // Line 1
        0x00, 0x00, 0x00, 0x03, 0xe0, 0x00, 0xff, 0xf7, 0xff, 0xff, 0xf8, 0x00, 0x00, 0x00, 0x3f, 0xff,  // Line 2
        0x00, 0x00, 0x00, 0x03, 0xe0, 0x01, 0xff, 0xef, 0xff, 0xff, 0xf8, 0x00, 0x80, 0x00, 0x03, 0xff,  // Line 3
        0x00, 0x00, 0x00, 0x07, 0xc0, 0x03, 0xff, 0xdf, 0xff, 0xff, 0xf8, 0x00, 0x40, 0x00, 0x00, 0x7f,  // Line 4
        0x00, 0x00, 0x00, 0x07, 0xc0, 0x07, 0xff, 0xbf, 0xff, 0xff, 0xf0, 0x00, 0x3f, 0x00, 0x00, 0x1f,  // Line 5
        0x00, 0x00, 0x00, 0x07, 0x80, 0x4f, 0xfe, 0x7f, 0xff, 0xff, 0xf0, 0x00, 0x1f, 0xf0, 0x80, 0x03,  // Line 6
        0x00, 0x00, 0x00, 0x0f, 0x80, 0x1f, 0xfd, 0xff, 0xff, 0xff, 0xf0, 0x00, 0x07, 0xf0, 0x00, 0x00,  // Line 7
        0x00, 0x00, 0x00, 0x0f, 0x80, 0x3f, 0xfb, 0xff, 0xff, 0xff, 0xf0, 0x00, 0x03, 0xf0, 0x40, 0x00,  // Line 8
        0x00, 0x00, 0x00, 0x0f, 0x80, 0x3f, 0xf7, 0xff, 0xff, 0xff, 0xe0, 0x00, 0x01, 0xf8, 0x78, 0x00,  // Line 9
        0x00, 0x00, 0x00, 0x0f, 0x80, 0x67, 0xcf, 0xff, 0xff, 0xff, 0xe0, 0x00, 0x01, 0xf8, 0x7e, 0x00,  // Line 10
        0x00, 0x00, 0x00, 0x1f, 0x80, 0xcf, 0x9f, 0xff, 0xff, 0xff, 0xe0, 0x00, 0x00, 0xf8, 0x3f, 0x80,  // Line 11
        0x00, 0x00, 0x00, 0x1f, 0x81, 0x9f, 0x7f, 0xff, 0xff, 0xff, 0xe0, 0xe0, 0x00, 0x78, 0x3f, 0xe0,  // Line 12
        0x00, 0x00, 0x00, 0x1f, 0x81, 0x1e, 0xff, 0xff, 0xff, 0xff, 0xe1, 0x0e, 0x00, 0x7c, 0x3f, 0xf8,  // Line 13
        0x00, 0x00, 0x00, 0x1f, 0x80, 0x3d, 0xff, 0xff, 0xff, 0xff, 0xe1, 0x79, 0x80, 0x3c, 0x1f, 0xfe,  // Line 14
        0x00, 0x00, 0x00, 0x3f, 0x81, 0x7b, 0xff, 0xff, 0xff, 0xff, 0xe0, 0xfe, 0x60, 0x3c, 0x1f, 0xff,  // Line 15
        0x00, 0x00, 0x00, 0x3f, 0xc2, 0x77, 0xff, 0xff, 0xff, 0xff, 0xe1, 0xff, 0x90, 0x1c, 0x1f, 0xff,  // Line 16
        0x00, 0x00, 0x00, 0x3f, 0xc6, 0xef, 0x7f, 0xff, 0xff, 0xff, 0xe3, 0xff, 0xe8, 0x1e, 0x1f, 0xff,  // Line 17
        0x00, 0x00, 0x00, 0x7f, 0xcc, 0xdf, 0x8f, 0xff, 0xff, 0xff, 0xe3, 0xff, 0xf6, 0x1e, 0x0f, 0xff,  // Line 18
        0x00, 0x00, 0x00, 0x7f, 0x9d, 0xbf, 0xe3, 0xff, 0xff, 0xff, 0xe7, 0xff, 0xfb, 0x0e, 0x0f, 0xff,  // Line 19
        0x00, 0x00, 0x00, 0x7f, 0x3b, 0x7f, 0xf8, 0x7f, 0xff, 0xff, 0xe7, 0xfc, 0x0d, 0x0e, 0x0f, 0xff,  // Line 20
        0x00, 0x00, 0x00, 0xff, 0x72, 0xff, 0xff, 0x1f, 0xff, 0xff, 0xe7, 0xf0, 0x02, 0x8e, 0x0f, 0xff,  // Line 21
        0x00, 0x00, 0x00, 0xff, 0xf1, 0xff, 0xff, 0xc7, 0xff, 0xff, 0xe7, 0xe3, 0x01, 0x4c, 0x0f, 0xfe,  // Line 22
        0x00, 0x00, 0x00, 0xff, 0xe3, 0xff, 0xff, 0xf3, 0xff, 0xff, 0xef, 0xc1, 0x00, 0xc4, 0x0f, 0xf9,  // Line 23
        0x00, 0x00, 0x00, 0xff, 0xe3, 0xff, 0xff, 0xfc, 0xff, 0xff, 0xef, 0xc0, 0x80, 0x84, 0x0f, 0xf3,  // Line 24
        0x00, 0x00, 0x00, 0xff, 0xe7, 0xff, 0xff, 0xfe, 0x7f, 0xff, 0xff, 0x82, 0x40, 0xa4, 0x0f, 0xe7,  // Line 25
        0x00, 0x00, 0x00, 0x7f, 0xcf, 0xff, 0xff, 0xff, 0x9f, 0xff, 0xf7, 0x86, 0x00, 0x64, 0x0f, 0xcf,  // Line 26
        0x00, 0x00, 0x00, 0x3f, 0x9f, 0xff, 0xff, 0xff, 0xcf, 0xff, 0xfb, 0x86, 0x00, 0x64, 0x0f, 0xbf,  // Line 27
        0x00, 0x00, 0x00, 0x07, 0x3f, 0xff, 0xff, 0xff, 0xf7, 0xff, 0xff, 0x85, 0x10, 0x64, 0x0f, 0x7f,  // Line 28
        0x00, 0x00, 0x00, 0x00, 0x7f, 0xff, 0xff, 0xff, 0xfb, 0xff, 0xff, 0x81, 0x88, 0x60, 0x06, 0xff,  // Line 29
        0x00, 0x00, 0x00, 0x00, 0xff, 0xff, 0xff, 0xff, 0xfd, 0xff, 0xfe, 0x84, 0x88, 0xe0, 0x0d, 0xff,  // Line 30
        0x00, 0x00, 0x00, 0x01, 0xff, 0xff, 0xff, 0xff, 0xfe, 0xff, 0xff, 0xc5, 0x48, 0xe0, 0x03, 0xff,  // Line 31
        0x00, 0x00, 0x00, 0x01, 0xff, 0xff, 0xff, 0xff, 0xff, 0x7f, 0xff, 0x43, 0x30, 0xe0, 0x07, 0xff,  // Line 32
        0x00, 0x00, 0x00, 0x03, 0xff, 0xff, 0xff, 0xff, 0xff, 0xbf, 0xff, 0x81, 0xc1, 0xe0, 0x0f, 0xff,  // Line 33
        0x00, 0x00, 0x00, 0x07, 0xff, 0xff, 0xff, 0xff, 0xff, 0xdf, 0xff, 0xc0, 0x03, 0xe0, 0x1f, 0xff,  // Line 34
        0x00, 0x00, 0x00, 0x07, 0xff, 0xff, 0xff, 0xff, 0xff, 0xff, 0xff, 0xe0, 0x07, 0xc0, 0x1f, 0xff,  // Line 35
        0x00, 0x00, 0x00, 0x0f, 0xff, 0xff, 0xff, 0xff, 0xff, 0xff, 0xff, 0xf4, 0x1f, 0xc1, 0x3f, 0xff,  // Line 36
        0x00, 0x00, 0x00, 0x1f, 0xff, 0xff, 0xff, 0xff, 0xff, 0xff, 0xff, 0xf3, 0xff, 0xc0, 0x7f, 0xff,  // Line 37
        0x00, 0x00, 0x00, 0x1f, 0xff, 0xff, 0xff, 0xff, 0xff, 0xff, 0xff, 0xf9, 0xff, 0xc0, 0x07, 0xfe,  // Line 38
        0x00, 0x00, 0x00, 0x00, 0x00, 0x7f, 0xff, 0xff, 0xff, 0xff, 0xff, 0xf8, 0xff, 0xc0, 0x00, 0x00,  // Line 39
        0x00, 0x00, 0x00, 0x3f, 0xfc, 0x00, 0xff, 0xff, 0xff, 0xff, 0xff, 0xf8, 0x7f, 0x80, 0x00, 0x00,  // Line 40
        0x00, 0x00, 0x00, 0x7f, 0xff, 0xfc, 0x0f, 0xff, 0xff, 0xff, 0xff, 0xfe, 0x3f, 0x80, 0x00, 0x00,  // Line 41
        0x00, 0x00, 0x00, 0x7f, 0xff, 0xff, 0xe0, 0xff, 0xff, 0xff, 0xff, 0xff, 0x1f, 0x80, 0x00, 0x00,  // Line 42
        0x00, 0x00, 0x00, 0xff, 0xff, 0xff, 0xff, 0x0f, 0xff, 0xff, 0xff, 0xff, 0xdf, 0x80, 0x00, 0x00,  // Line 43
        0x00, 0x00, 0x00, 0xff, 0xff, 0xff, 0xff, 0xff, 0xff, 0xff, 0xff, 0xff, 0xff, 0x00, 0x00, 0x0d,  // Line 44
        0x00, 0x00, 0x01, 0xff, 0xff, 0xff, 0xff, 0xff, 0xff, 0xff, 0xff, 0xff, 0xff, 0x00, 0x00, 0xfe,  // Line 45
        0x00, 0x00, 0x01, 0xff, 0xff, 0xff, 0xff, 0xff, 0xff, 0xff, 0xff, 0xff, 0xff, 0x00, 0x07, 0xfe,  // Line 46
        0x00, 0x00, 0x01, 0xff, 0xff, 0xff, 0xff, 0xff, 0xff, 0xff, 0xff, 0xff, 0xfe, 0x00, 0x0f, 0xfd,  // Line 47
        0x00, 0x00, 0x03, 0xff, 0xff, 0xff, 0xff, 0xff, 0xff, 0xff, 0xff, 0xff, 0xfe, 0x00, 0x0f, 0xfd,  // Line 48
        0x00, 0x00, 0x03, 0xff, 0xff, 0xff, 0xff, 0xff, 0xff, 0xff, 0xff, 0xff, 0xfe, 0x00, 0x8f, 0xfb,  // Line 49
        0x00, 0x00, 0x03, 0xff, 0xff, 0xff, 0xff, 0xff, 0xff, 0xff, 0xff, 0xff, 0xfc, 0x00, 0x8f, 0xfb,  // Line 50
        0x00, 0x00, 0x07, 0xff, 0xff, 0xff, 0xff, 0xff, 0xff, 0xff, 0xff, 0xff, 0xfc, 0x3f, 0xc7, 0xf7,  // Line 51
        0x00, 0x00, 0x07, 0xff, 0xff, 0xff, 0xff, 0xff, 0xff, 0xff, 0xff, 0xff, 0xf8, 0xff, 0xf3, 0xf7,  // Line 52
        0x00, 0x00, 0x07, 0xff, 0xff, 0xff, 0xff, 0xff, 0xff, 0xff, 0xff, 0xff, 0xf9, 0xff, 0xff, 0xef,  // Line 53
        0x00, 0x00, 0x07, 0xff, 0xff, 0xff, 0xff, 0xff, 0xff, 0xff, 0xff, 0xff, 0xfe, 0x7f, 0x0f, 0xef,  // Line 54
        0x00, 0x00, 0x0f, 0xff, 0xff, 0xff, 0xff, 0xff, 0xff, 0xff, 0xff, 0xff, 0xff, 0x1f, 0xe1, 0xdf,  // Line 55
        0x00, 0x00, 0x0f, 0xff, 0xff, 0xff, 0xff, 0xff, 0xff, 0xff, 0xff, 0xff, 0xff, 0xcc, 0x7c, 0x1f,  // Line 56
        0x00, 0x00, 0x0f, 0xff, 0xff, 0xff, 0xff, 0xff, 0xff, 0xff, 0xff, 0xff, 0xff, 0xf3, 0x1f, 0xff,  // Line 57
        0x00, 0x00, 0x0f, 0xff, 0xff, 0x03, 0xff, 0xff, 0xff, 0xff, 0xff, 0xff, 0xff, 0xf9, 0xcf, 0xff,  // Line 58
        0x00, 0x00, 0x0f, 0xff, 0xe0, 0x7f, 0xff, 0xff, 0xff, 0xff, 0xff, 0xff, 0xff, 0xfc, 0xe7, 0xff,  // Line 59
        0x00, 0x00, 0x0f, 0xfe, 0x0f, 0xff, 0xff, 0xff, 0xff, 0xff, 0xff, 0xff, 0xff, 0xfe, 0xf3, 0xff,  // Line 60
        0x00, 0x00, 0x1f, 0xf0, 0xff, 0xff, 0xff, 0xff, 0xff, 0xff, 0xff, 0xff, 0xff, 0xfe, 0xf3, 0xfe,  // Line 61
        0x00, 0x00, 0x1f, 0x8f, 0xff, 0xff, 0xff, 0xff, 0xff, 0xff, 0xff, 0xff, 0xff, 0xff, 0xf9, 0xf9,  // Line 62
        0x00, 0x00, 0x1e, 0x7f, 0xff, 0xff, 0xff, 0xff, 0xff, 0xff, 0xff, 0xff, 0xff, 0xff, 0xfc, 0xf3,  // Line 63
        0x00, 0x00, 0x1f, 0xff, 0xff, 0xff, 0xff, 0xff, 0xff, 0xff, 0xff, 0xff, 0xff, 0xff, 0xfe, 0xcf,  // Line 64
        0x00, 0x00, 0x1f, 0xff, 0xff, 0xff, 0xff, 0xff, 0xff, 0xff, 0xff, 0xff, 0xff, 0xff, 0xff, 0x90,  // Line 65
        0x00, 0x00, 0x1f, 0xff, 0xff, 0xff, 0xff, 0xff, 0xff, 0xff, 0xff, 0xff, 0xff, 0xff, 0xff, 0x80,  // Line 66
        0x00, 0x00, 0x1f, 0xff, 0xff, 0xff, 0xff, 0xff, 0xfe, 0x03, 0xff, 0xff, 0xff, 0xff, 0xfe, 0x00,  // Line 67
        0x00, 0x00, 0x1f, 0xff, 0xff, 0xff, 0xff, 0xff, 0xc0, 0xf9, 0xff, 0xff, 0xff, 0xff, 0xfc, 0x00,  // Line 68
        0x00, 0x00, 0x1f, 0xff, 0xff, 0xff, 0xff, 0xfc, 0x03, 0xfe, 0x7f, 0xff, 0xff, 0xff, 0xfc, 0x00,  // Line 69
        0x00, 0x00, 0x3f, 0xff, 0xff, 0xff, 0xff, 0xc0, 0x01, 0xff, 0x3f, 0xff, 0xff, 0xff, 0xf8, 0x11,  // Line 70
        0x00, 0x00, 0x3f, 0xff, 0xff, 0xff, 0xfe, 0x00, 0x00, 0xff, 0x9f, 0xff, 0xff, 0xff, 0xf0, 0x67,  // Line 71
        0x00, 0x00, 0x3f, 0xff, 0xff, 0xff, 0xf8, 0x00, 0x00, 0x7f, 0xcf, 0xff, 0xff, 0xff, 0xf0, 0x7c,  // Line 72
        0x00, 0x00, 0x3f, 0xff, 0xff, 0xff, 0xc0, 0x00, 0x00, 0x3f, 0xe7, 0xff, 0xff, 0xff, 0xe0, 0xf9,  // Line 73
        0x00, 0x00, 0x3f, 0xff, 0xff, 0xff, 0x00, 0x00, 0x00, 0x1f, 0xf3, 0xff, 0xff, 0xff, 0xc0, 0xf1,  // Line 74
        0x00, 0x00, 0x3f, 0xff, 0xff, 0xfc, 0x00, 0x00, 0x00, 0x0f, 0xf9, 0xff, 0xff, 0xff, 0xc0, 0x62,  // Line 75
        0x00, 0x00, 0x3f, 0xff, 0xff, 0xf8, 0x00, 0x00, 0x00, 0x07, 0xfc, 0xff, 0xff, 0xff, 0x80, 0x66,  // Line 76
        0x00, 0x00, 0x3f, 0xff, 0xff, 0xe0, 0x00, 0x00, 0x00, 0x03, 0xfe, 0xff, 0xef, 0xff, 0x80, 0x02,  // Line 77
        0x00, 0x00, 0x3f, 0xff, 0xff, 0xc0, 0x00, 0x00, 0x00, 0x03, 0xff, 0x7f, 0xe3, 0xff, 0x01, 0x01,  // Line 78
        0x00, 0x00, 0x3f, 0xff, 0xff, 0x00, 0x00, 0x00, 0x00, 0x01, 0xff, 0x3f, 0xf1, 0xff, 0x01, 0x85,  // Line 79
        0x00, 0x00, 0x3f, 0xff, 0xfe, 0x00, 0x00, 0x00, 0x00, 0x00, 0xff, 0x9f, 0xfd, 0xff, 0x03, 0x86,  // Line 80
        0x00, 0x00, 0x3f, 0xff, 0xfc, 0x00, 0x00, 0x00, 0x00, 0x00, 0x7f, 0xdf, 0xff, 0xfe, 0x03, 0xc1,  // Line 81
        0x00, 0x00, 0x1f, 0xff, 0xf8, 0x00, 0x00, 0x00, 0x00, 0x00, 0x7f, 0xef, 0xff, 0xfe, 0x07, 0xe0,  // Line 82
        0x00, 0x00, 0x1f, 0xff, 0xf0, 0x00, 0x00, 0x00, 0x00, 0x00, 0x3f, 0xe7, 0xff, 0xfe, 0x0f, 0xf8,  // Line 83
        0x00, 0x00, 0x1f, 0xff, 0xf0, 0x00, 0x00, 0x00, 0x00, 0x00, 0x1f, 0xf7, 0xff, 0x3c, 0x3f, 0xfb,  // Line 84
        0x00, 0x00, 0x1f, 0xff, 0xe0, 0x00, 0x00, 0x00, 0x00, 0x00, 0x0f, 0xf3, 0xff, 0x31, 0xff, 0xfd,  // Line 85
        0x00, 0x00, 0x1f, 0xff, 0xe0, 0x00, 0x00, 0x00, 0x00, 0x00, 0x0f, 0xfb, 0xff, 0xc7, 0xff, 0xfd,  // Line 86
        0x00, 0x00, 0x1f, 0xff, 0xc0, 0x00, 0x00, 0x00, 0x00, 0x00, 0x07, 0xfd, 0xff, 0xdf, 0xff, 0xfe,  // Line 87
        0x00, 0x00, 0x1f, 0xff, 0xb0, 0x00, 0x00, 0x00, 0x00, 0x00, 0x03, 0xfd, 0xff, 0xff, 0xff, 0xff,  // Line 88
        0x00, 0x00, 0x1f, 0xff, 0xb0, 0x00, 0x00, 0x00, 0x00, 0x00, 0x03, 0xfe, 0xff, 0xff, 0xff, 0xff,  // Line 89
        0x00, 0x00, 0x1f, 0xff, 0xb0, 0x00, 0x00, 0x00, 0x00, 0x00, 0x01, 0xfe, 0xff, 0xff, 0xff, 0xff,  // Line 90
        0x00, 0x00, 0x0f, 0xff, 0x70, 0x00, 0x00, 0x00, 0x00, 0x00, 0x01, 0xff, 0x7f, 0xff, 0xff, 0xff,  // Line 91
        0x00, 0x00, 0x0f, 0xff, 0x78, 0x00, 0x00, 0x00, 0x00, 0x00, 0x00, 0xff, 0x7f, 0xff, 0xff, 0xff,  // Line 92
        0x00, 0x00, 0x0f, 0xff, 0x3c, 0x00, 0x00, 0x00, 0x00, 0x00, 0x00, 0x7f, 0x3f, 0xff, 0xff, 0xff,  // Line 93
        0x00, 0x00, 0x07, 0xff, 0xbc, 0x00, 0x00, 0x00, 0x00, 0x00, 0x00, 0x7f, 0xbf, 0xff, 0xff, 0xff,  // Line 94
        0x00, 0x00, 0x07, 0xff, 0x9e, 0x00, 0x00, 0x00, 0x00, 0x00, 0x00, 0x3f, 0xbf, 0xff, 0xff, 0xff,  // Line 95
        0x00, 0x00, 0x07, 0xff, 0xdf, 0x00, 0x00, 0x00, 0x00, 0x00, 0x00, 0x1f, 0x9f, 0xff, 0xfe, 0xff,  // Line 96
        0x00, 0x00, 0x03, 0xff, 0xcf, 0x00, 0x00, 0x00, 0x00, 0x00, 0x00, 0x1f, 0x1f, 0xff, 0xfe, 0xff,  // Line 97
        0x00, 0x00, 0x03, 0xff, 0xef, 0x80, 0x00, 0x00, 0x00, 0x00, 0x00, 0x0c, 0x3f, 0xff, 0xfe, 0x7f,  // Line 98
        0x00, 0x00, 0x03, 0xff, 0xf7, 0xc0, 0x00, 0x00, 0x00, 0x00, 0x00, 0x00, 0xff, 0xff, 0xff, 0x7f,  // Line 99
        0x00, 0x00, 0x01, 0xff, 0xf3, 0xe0, 0x00, 0x00, 0x00, 0x00, 0x00, 0x03, 0xff, 0xff, 0xff, 0x7f,  // Line 100
        0x00, 0x00, 0x01, 0xff, 0xfb, 0xf0, 0x00, 0x00, 0x00, 0x00, 0x00, 0x0f, 0xff, 0xff, 0xff, 0x7f,  // Line 101
        0x00, 0x00, 0x00, 0xff, 0xfd, 0xf0, 0x00, 0x00, 0x00, 0x00, 0x00, 0x3f, 0xff, 0xff, 0xff, 0x7e,  // Line 102
        0x00, 0x00, 0x00, 0xff, 0xfe, 0xf8, 0x00, 0x00, 0x00, 0x00, 0x00, 0x7f, 0xff, 0xef, 0xff, 0x7c,  // Line 103
        0x00, 0x00, 0x00, 0x7f, 0xfe, 0x7c, 0x00, 0x00, 0x00, 0x00, 0x01, 0xff, 0xff, 0xef, 0xff, 0x78,  // Line 104
        0x00, 0x00, 0x00, 0x7f, 0xff, 0x3e, 0x00, 0x00, 0x00, 0x00, 0x03, 0xff, 0xff, 0xef, 0xff, 0x20,  // Line 105
        0x00, 0x00, 0x00, 0x3f, 0xff, 0xbf, 0x00, 0x00, 0x00, 0x00, 0x0f, 0xff, 0xff, 0xef, 0xff, 0x80,  // Line 106
        0x00, 0x00, 0x00, 0x1f, 0xff, 0xdf, 0x80, 0x00, 0x00, 0x00, 0x3f, 0xff, 0xff, 0xef, 0xff, 0x00,  // Line 107
        0x00, 0x00, 0x00, 0x1f, 0xff, 0xef, 0xc0, 0x00, 0x40, 0x00, 0x7f, 0xff, 0xff, 0xcf, 0xfe, 0x00,  // Line 108
        0x00, 0x00, 0x00, 0x0f, 0xff, 0xf7, 0xe0, 0x00, 0x40, 0x01, 0xff, 0xff, 0xff, 0xdf, 0xf8, 0x00,  // Line 109
        0x00, 0x00, 0x00, 0x0f, 0xff, 0xf3, 0xf0, 0x00, 0x60, 0x03, 0xff, 0xfd, 0xff, 0xdf, 0xf0, 0x00,  // Line 110
        0x00, 0x00, 0x00, 0x07, 0xff, 0xf9, 0xf8, 0x00, 0x20, 0x07, 0xff, 0xfb, 0xff, 0x9f, 0xe0, 0x00,  // Line 111
        0x00, 0x00, 0x00, 0x03, 0xff, 0xfc, 0xfc, 0x00, 0x80, 0x1f, 0xff, 0xfb, 0xff, 0x9f, 0x80, 0x00,  // Line 112
        0x00, 0x00, 0x00, 0x01, 0xff, 0xfe, 0x7e, 0x00, 0xc0, 0x3f, 0xff, 0xf7, 0xff, 0xbf, 0x00, 0x00,  // Line 113
        0x00, 0x00, 0x00, 0x01, 0xff, 0xff, 0x3f, 0x80, 0x40, 0x7f, 0xff, 0xf7, 0xff, 0xbc, 0x00, 0x00,  // Line 114
        0x00, 0x00, 0x00, 0x00, 0xff, 0xff, 0xdf, 0xc1, 0x40, 0xff, 0xff, 0xef, 0xff, 0xb0, 0x00, 0x00,  // Line 115
        0x00, 0x00, 0x00, 0x00, 0x7f, 0xff, 0xef, 0xe0, 0x43, 0xff, 0xff, 0xef, 0xff, 0xc0, 0x00, 0x00,  // Line 116
        0x00, 0x00, 0x00, 0x00, 0x3f, 0xff, 0xf3, 0xf1, 0x47, 0xff, 0xff, 0xdf, 0xff, 0x00, 0x00, 0x00,  // Line 117
        0x00, 0x00, 0x00, 0x00, 0x1f, 0xff, 0xf9, 0xfc, 0x8f, 0xff, 0xff, 0x9f, 0xfc, 0x00, 0x00, 0x00,  // Line 118
        0x00, 0x00, 0x00, 0x00, 0x0f, 0xff, 0xfc, 0xfe, 0x1f, 0xff, 0xff, 0xbf, 0xf0, 0x00, 0x00, 0x00,  // Line 119
        0x00, 0x00, 0x00, 0x00, 0x07, 0xff, 0xff, 0x7e, 0x7f, 0xff, 0xff, 0x3f, 0xc0, 0x00, 0x00, 0x00,  // Line 120
        0x00, 0x00, 0x00, 0x00, 0x07, 0xff, 0xff, 0x9c, 0xff, 0xff, 0xff, 0x7f, 0x00, 0x00, 0x00, 0x00,  // Line 121
        0x00, 0x00, 0x00, 0x00, 0x03, 0xff, 0xff, 0xc1, 0xff, 0xff, 0xfe, 0xf8, 0x00, 0x00, 0x00, 0x00,  // Line 122
        0x00, 0x00, 0x00, 0x00, 0x01, 0xff, 0xff, 0xf3, 0xff, 0xff, 0xff, 0xc0, 0x00, 0x00, 0x00, 0x00,  // Line 123
        0x00, 0x00, 0x00, 0x00, 0x00, 0x7f, 0xff, 0xbf, 0xff, 0xff, 0xfe, 0x00, 0x00, 0x00, 0x00, 0x00,  // Line 124
        0x00, 0x00, 0x00, 0x00, 0x00, 0x3f, 0xff, 0xff, 0xff, 0xff, 0xc0, 0x00, 0x00, 0x00, 0x00, 0x00,  // Line 125
        0x00, 0x00, 0x00, 0x00, 0x00, 0x1f, 0xff, 0xff, 0xff, 0x80, 0x00, 0x00, 0x00, 0x00, 0x00, 0x00,  // Line 126
        0x00, 0x00, 0x00, 0x00, 0x00, 0x07, 0xff, 0xfe, 0x00, 0x00, 0x00, 0x00, 0x00, 0x00, 0x00, 0x00,  // Line 127
    },
    { /* Frame 8 */
        0x00, 0x00, 0x00, 0x00, 0x7e, 0x03, 0xff, 0xff, 0xff, 0xff, 0xff, 0xf8, 0xff, 0xc0, 0x00, 0x3f,  // Line 0
        0x00, 0x00, 0x00, 0x00, 0xfc, 0x07, 0xff, 0xff, 0xff, 0xe1, 0xff, 0xfc, 0x7f, 0x80, 0x00, 0xff,  // Line 1
        0x00, 0x00, 0x00, 0x00, 0xf8, 0x0f, 0xff, 0xff, 0xff, 0xc0, 0x3f, 0xfc, 0x3e, 0x00, 0x07, 0xff,  // Line 2
        0x00, 0x00, 0x00, 0x01, 0xe0, 0x1f, 0xff, 0xff, 0xff, 0xc0, 0x0f, 0xfe, 0x18, 0x00, 0x3f, 0xff,  // Line 3
        0x00, 0x00, 0x00, 0x03, 0xc0, 0x3d, 0xff, 0xff, 0xff, 0x80, 0x03, 0xfe, 0x00, 0x01, 0xff, 0xff,  // Line 4
        0x00, 0x00, 0x00, 0x03, 0x80, 0x63, 0xff, 0xff, 0xff, 0x80, 0x01, 0xff, 0x00, 0x0f, 0xff, 0xff,  // Line 5
        0x00, 0x00, 0x00, 0x07, 0x80, 0x07, 0xff, 0xff, 0xff, 0x80, 0x00, 0x7f, 0x00, 0x7f, 0xff, 0xff,  // Line 6
        0x00, 0x00, 0x00, 0x07, 0x00, 0x0f, 0xff, 0xff, 0xff, 0x80, 0x00, 0x3e, 0x03, 0xff, 0xff, 0xff,  // Line 7
        0x00, 0x00, 0x00, 0x07, 0x00, 0x1f, 0xbf, 0xff, 0xff, 0x00, 0x00, 0x18, 0x3f, 0xff, 0xff, 0xff,  // Line 8
        0x00, 0x00, 0x00, 0x0f, 0x00, 0x3f, 0x7f, 0xff, 0xff, 0x00, 0x00, 0x01, 0xff, 0xff, 0xff, 0xff,  // Line 9
        0x00, 0x00, 0x00, 0x0f, 0x00, 0x7e, 0xff, 0xff, 0xff, 0x00, 0x00, 0x0f, 0xff, 0xff, 0xff, 0xff,  // Line 10
        0x00, 0x00, 0x00, 0x1f, 0x00, 0xfd, 0xff, 0xff, 0xff, 0x02, 0x00, 0xff, 0xff, 0xff, 0xff, 0xff,  // Line 11
        0x00, 0x00, 0x00, 0x1f, 0x81, 0xfb, 0xff, 0xff, 0xff, 0x00, 0xff, 0xff, 0xff, 0xff, 0xff, 0xff,  // Line 12
        0x00, 0x00, 0x00, 0x1f, 0x83, 0x77, 0xff, 0xff, 0xff, 0x1f, 0xff, 0xff, 0xff, 0xff, 0xff, 0xff,  // Line 13
        0x00, 0x00, 0x00, 0x1f, 0x86, 0x6f, 0xff, 0xff, 0xff, 0x1f, 0xf3, 0xff, 0xff, 0xff, 0xff, 0xff,  // Line 14
        0x00, 0x00, 0x00, 0x1f, 0xc8, 0xcf, 0xff, 0xff, 0xff, 0x3f, 0xf8, 0x07, 0xff, 0xff, 0xff, 0xff,  // Line 15
        0x00, 0x00, 0x00, 0x3f, 0xc1, 0x9c, 0xff, 0xff, 0xff, 0x3f, 0xf0, 0x00, 0x1f, 0xff, 0xff, 0xff,  // Line 16
        0x00, 0x00, 0x00, 0x3f, 0x83, 0x7f, 0x1f, 0xff, 0xff, 0x3f, 0xb0, 0x60, 0x00, 0x1f, 0xff, 0xff,  // Line 17
        0x00, 0x00, 0x00, 0x3f, 0x82, 0xff, 0xc7, 0xff, 0xff, 0x7f, 0x10, 0x38, 0x00, 0x00, 0x0f, 0xff,  // Line 18
        0x00, 0x00, 0x00, 0x7f, 0x34, 0xff, 0xf9, 0xff, 0xff, 0x7e, 0x02, 0x1c, 0x00, 0x00, 0x00, 0x00,  // Line 19
        0x00, 0x00, 0x00, 0x7e, 0x69, 0xff, 0xfe, 0x7f, 0xff, 0xfe, 0x31, 0x1c, 0x40, 0x00, 0x00, 0x00,  // Line 20
        0x00, 0x00, 0x00, 0x7e, 0xe3, 0xff, 0xff, 0x1f, 0xff, 0xfc, 0x60, 0x0c, 0x00, 0x00, 0x00, 0x00,  // Line 21
        0x00, 0x00, 0x00, 0xff, 0xc7, 0xff, 0xff, 0xcf, 0xff, 0xfc, 0x50, 0x0c, 0x00, 0x00, 0x00, 0x00,  // Line 22
        0x00, 0x00, 0x00, 0xff, 0x8f, 0xff, 0xff, 0xf3, 0xff, 0xfc, 0x50, 0x8c, 0x00, 0x00, 0x00, 0x00,  // Line 23
        0x00, 0x00, 0x00, 0x7f, 0x9f, 0xff, 0xff, 0xf9, 0xff, 0xfc, 0x48, 0x8c, 0x00, 0x00, 0x00, 0x00,  // Line 24
        0x00, 0x00, 0x00, 0x7f, 0x3f, 0xff, 0xff, 0xfe, 0xff, 0xf6, 0x24, 0x1c, 0x03, 0xc0, 0x00, 0x00,  // Line 25
        0x00, 0x00, 0x00, 0x1f, 0x3f, 0xff, 0xff, 0xff, 0x7f, 0xfa, 0x3e, 0x1c, 0x03, 0xff, 0x00, 0x00,  // Line 26
        0x00, 0x00, 0x00, 0x06, 0x7f, 0xff, 0xff, 0xff, 0xbf, 0xfd, 0x00, 0x3c, 0x03, 0xff, 0xfc, 0x00,  // Line 27
        0x00, 0x00, 0x00, 0x00, 0xff, 0xff, 0xff, 0xff, 0xff, 0xfc, 0x80, 0x7c, 0x03, 0xff, 0xff, 0xfc,  // Line 28
        0x00, 0x00, 0x00, 0x01, 0xff, 0xff, 0xff, 0xff, 0xff, 0xfe, 0x40, 0xfc, 0x03, 0xff, 0xff, 0xf8,  // Line 29
        0x00, 0x00, 0x00, 0x01, 0xff, 0xff, 0xff, 0xff, 0xff, 0xff, 0x3f, 0xfc, 0x03, 0xff, 0xff, 0xf3,  // Line 30
        0x00, 0x00, 0x00, 0x03, 0xff, 0xff, 0xff, 0xff, 0xff, 0xff, 0x9f, 0xfc, 0x03, 0xff, 0xff, 0xc7,  // Line 31
        0x00, 0x00, 0x00, 0x07, 0xff, 0xff, 0xff, 0xff, 0xff, 0xff, 0xcf, 0xfc, 0x03, 0xff, 0xff, 0x18,  // Line 32
        0x00, 0x00, 0x00, 0x07, 0xff, 0xff, 0xff, 0xff, 0xff, 0xff, 0xc7, 0xf8, 0x03, 0xff, 0xfe, 0x20,  // Line 33
        0x00, 0x00, 0x00, 0x0f, 0xff, 0xff, 0xff, 0xff, 0xff, 0xff, 0xe7, 0xf8, 0x03, 0xff, 0x38, 0x00,  // Line 34
        0x00, 0x00, 0x00, 0x1f, 0x80, 0x01, 0xff, 0xff, 0xff, 0xff, 0xf3, 0xf8, 0x03, 0xff, 0x40, 0x00,  // Line 35
        0x00, 0x00, 0x00, 0x00, 0x7f, 0xff, 0x0f, 0xff, 0xff, 0xff, 0xf9, 0xf8, 0x03, 0xfe, 0x00, 0x01,  // Line 36
        0x00, 0x00, 0x00, 0x0f, 0xff, 0xff, 0xff, 0xff, 0xff, 0xff, 0xfd, 0xfc, 0x03, 0xf8, 0x00, 0x1f,  // Line 37
        0x00, 0x00, 0x00, 0x3f, 0xff, 0xff, 0xff, 0xff, 0xff, 0xff, 0xff, 0xfc, 0x03, 0xf0, 0x00, 0xff,  // Line 38
        0x00, 0x00, 0x00, 0x7f, 0xff, 0xff, 0xff, 0xff, 0xff, 0xff, 0xff, 0xff, 0xa3, 0xe0, 0x0f, 0xfe,  // Line 39
        0x00, 0x00, 0x00, 0x7f, 0xff, 0xff, 0xff, 0xff, 0xff, 0xff, 0xff, 0xff, 0xf1, 0x81, 0xff, 0xfc,  // Line 40
        0x00, 0x00, 0x00, 0xff, 0xff, 0xff, 0xff, 0xff, 0xff, 0xff, 0xff, 0xff, 0xf9, 0xfb, 0xff, 0xfc,  // Line 41
        0x00, 0x00, 0x00, 0xff, 0xff, 0xff, 0xff, 0xff, 0xff, 0xff, 0xff, 0xff, 0xff, 0xf3, 0xff, 0xf8,  // Line 42
        0x00, 0x00, 0x01, 0xff, 0xff, 0xff, 0xff, 0xff, 0xff, 0xff, 0xff, 0xff, 0xff, 0xf7, 0xff, 0xf0,  // Line 43
        0x00, 0x00, 0x01, 0xff, 0xff, 0xff, 0xff, 0xff, 0xff, 0xff, 0xff, 0xff, 0xf9, 0xef, 0xff, 0xe0,  // Line 44
        0x00, 0x00, 0x03, 0xff, 0xff, 0xff, 0xff, 0xff, 0xff, 0xff, 0xff, 0xc7, 0xff, 0x0f, 0xff, 0xe0,  // Line 45
        0x00, 0x00, 0x03, 0xff, 0xff, 0xff, 0xff, 0xff, 0xff, 0xff, 0xff, 0xf1, 0xe7, 0xff, 0xff, 0xc1,  // Line 46
        0x00, 0x00, 0x03, 0xff, 0xff, 0xff, 0xff, 0xff, 0xff, 0xff, 0xff, 0xfc, 0x71, 0xff, 0xff, 0x83,  // Line 47
        0x00, 0x00, 0x07, 0xff, 0xff, 0xff, 0xff, 0xff, 0xff, 0xff, 0xff, 0xff, 0x3c, 0xff, 0xf7, 0x47,  // Line 48
        0x00, 0x00, 0x07, 0xff, 0xff, 0xff, 0xff, 0xff, 0xff, 0xff, 0xff, 0xff, 0xde, 0x7f, 0xcf, 0x9f,  // Line 49
        0x00, 0x00, 0x07, 0xff, 0xff, 0xdf, 0xff, 0xff, 0xff, 0xff, 0xff, 0xff, 0xcf, 0x3f, 0x3f, 0x3f,  // Line 50
        0x00, 0x00, 0x0f, 0xff, 0xf8, 0x3f, 0xff, 0xff, 0xff, 0xff, 0xff, 0xff, 0xff, 0x3e, 0x7e, 0x7f,  // Line 51
        0x00, 0x00, 0x0f, 0xff, 0x87, 0xff, 0xff, 0xff, 0xff, 0xff, 0xff, 0xff, 0xff, 0x9c, 0xf8, 0xff,  // Line 52
        0x00, 0x00, 0x0f, 0xfc, 0x7f, 0xff, 0xff, 0xff, 0xff, 0xff, 0xff, 0xff, 0xff, 0xcc, 0x83, 0xff,  // Line 53
        0x00, 0x00, 0x0f, 0xf3, 0xff, 0xff, 0xff, 0xff, 0xff, 0xff, 0xff, 0xff, 0xff, 0xc8, 0x07, 0xff,  // Line 54
        0x00, 0x00, 0x1f, 0x8f, 0xff, 0xff, 0xff, 0xff, 0xff, 0xff, 0xff, 0xff, 0xff, 0xe8, 0x0f, 0xfc,  // Line 55
        0x00, 0x00, 0x1e, 0x3f, 0xff, 0xff, 0xff, 0xff, 0xff, 0xff, 0xff, 0xff, 0xff, 0xe0, 0x3f, 0xe0,  // Line 56
        0x00, 0x00, 0x18, 0xff, 0xff, 0xff, 0xff, 0xff, 0xff, 0xff, 0xff, 0xff, 0xff, 0xc0, 0x7f, 0x00,  // Line 57
        0x00, 0x00, 0x03, 0xff, 0xff, 0xff, 0xff, 0xfc, 0x1f, 0xff, 0xff, 0xff, 0xff, 0xc1, 0xf7, 0xc0,  // Line 58
        0x00, 0x00, 0x0f, 0xff, 0xff, 0xff, 0xff, 0xe1, 0xe7, 0xff, 0xff, 0xff, 0xfe, 0x40, 0x7f, 0xb0,  // Line 59
        0x00, 0x00, 0x1f, 0xff, 0xff, 0xff, 0xff, 0x07, 0xfb, 0xff, 0xff, 0xff, 0xfe, 0x40, 0xff, 0xe8,  // Line 60
        0x00, 0x00, 0x3f, 0xff, 0xff, 0xff, 0xf8, 0x03, 0xfc, 0xff, 0xff, 0xff, 0xfe, 0x41, 0xf0, 0x3c,  // Line 61
        0x00, 0x00, 0x3f, 0xff, 0xff, 0xff, 0xe0, 0x01, 0xfe, 0x7f, 0xff, 0xff, 0xfe, 0x01, 0xe2, 0x0e,  // Line 62
        0x00, 0x00, 0x3f, 0xff, 0xff, 0xff, 0x80, 0x00, 0xff, 0x3f, 0xff, 0xff, 0xfe, 0x01, 0xe6, 0x0e,  // Line 63
        0x00, 0x00, 0x3f, 0xff, 0xff, 0xfe, 0x00, 0x00, 0x7f, 0x9f, 0xff, 0xff, 0xfe, 0x01, 0xc0, 0x07,  // Line 64
        0x00, 0x00, 0x3f, 0xff, 0xff, 0xf8, 0x00, 0x00, 0x3f, 0xdf, 0xfc, 0xff, 0xf6, 0x00, 0xc8, 0xc7,  // Line 65
        0x00, 0x00, 0x3f, 0xff, 0xff, 0xe0, 0x00, 0x00, 0x1f, 0xef, 0xfc, 0x3f, 0xe6, 0x84, 0x98, 0x47,  // Line 66
        0x00, 0x00, 0x7f, 0xff, 0xff, 0xc0, 0x00, 0x00, 0x0f, 0xf7, 0xff, 0x3f, 0xef, 0x86, 0x14, 0x47,  // Line 67
        0x00, 0x00, 0x7f, 0xff, 0xff, 0x00, 0x00, 0x00, 0x0f, 0xfb, 0xff, 0x7f, 0xcf, 0x8f, 0x12, 0x47,  // Line 68
        0x00, 0x00, 0x7f, 0xff, 0xfe, 0x00, 0x00, 0x00, 0x07, 0xf9, 0xff, 0xff, 0xdf, 0x0f, 0x09, 0x8f,  // Line 69
        0x00, 0x00, 0x7f, 0xff, 0xfc, 0x00, 0x00, 0x00, 0x03, 0xfc, 0xff, 0xff, 0x9f, 0x0f, 0xc6, 0x0f,  // Line 70
        0x00, 0x00, 0x7f, 0xff, 0xf0, 0x00, 0x00, 0x00, 0x01, 0xfe, 0xff, 0xff, 0xbf, 0x0f, 0xe0, 0x3f,  // Line 71
        0x00, 0x00, 0x7f, 0xff, 0xe0, 0x00, 0x00, 0x00, 0x00, 0xff, 0x7f, 0xc3, 0x3f, 0x1f, 0xe0, 0x7e,  // Line 72
        0x00, 0x00, 0x7f, 0xff, 0xc0, 0x00, 0x00, 0x00, 0x00, 0x7f, 0x3f, 0xf6, 0x7f, 0xbf, 0xff, 0xfe,  // Line 73
        0x00, 0x00, 0x7f, 0xff, 0xc0, 0x00, 0x00, 0x00, 0x00, 0x7f, 0xbf, 0xfc, 0xff, 0xff, 0xff, 0xfc,  // Line 74
        0x00, 0x00, 0x7f, 0xff, 0x80, 0x00, 0x00, 0x00, 0x00, 0x3f, 0xdf, 0xfb, 0xff, 0xff, 0xff, 0xf0,  // Line 75
        0x00, 0x00, 0x7f, 0xff, 0x00, 0x00, 0x00, 0x00, 0x00, 0x1f, 0xcf, 0xff, 0xff, 0xff, 0xff, 0x00,  // Line 76
        0x00, 0x00, 0x7f, 0xff, 0x00, 0x00, 0x00, 0x00, 0x00, 0x0f, 0xef, 0xff, 0xff, 0xff, 0xfe, 0x00,  // Line 77
        0x00, 0x00, 0x7f, 0xfe, 0x00, 0x00, 0x00, 0x00, 0x00, 0x0f, 0xe7, 0xff, 0xff, 0xff, 0xff, 0xc0,  // Line 78
        0x00, 0x00, 0x7f, 0xfe, 0x00, 0x00, 0x00, 0x00, 0x00, 0x07, 0xf7, 0xff, 0xff, 0xff, 0xff, 0xff,  // Line 79
        0x00, 0x00, 0x7f, 0xfc, 0x00, 0x00, 0x00, 0x00, 0x00, 0x03, 0xfb, 0xff, 0xff, 0xff, 0xff, 0xff,  // Line 80
        0x00, 0x00, 0x7f, 0xfd, 0x00, 0x00, 0x00, 0x00, 0x00, 0x01, 0xfb, 0xff, 0xff, 0xff, 0xff, 0xff,  // Line 81
        0x00, 0x00, 0x7f, 0xfb, 0x00, 0x00, 0x00, 0x00, 0x00, 0x01, 0xfd, 0xff, 0xff, 0xff, 0xff, 0xff,  // Line 82
        0x00, 0x00, 0x7f, 0xfb, 0x00, 0x00, 0x00, 0x00, 0x00, 0x00, 0xfd, 0xff, 0xff, 0xff, 0xff, 0xff,  // Line 83
        0x00, 0x00, 0x7f, 0xfb, 0x80, 0x00, 0x00, 0x00, 0x00, 0x00, 0x7e, 0xff, 0xff, 0xfd, 0xff, 0xff,  // Line 84
        0x00, 0x00, 0x3f, 0xfb, 0xc0, 0x00, 0x00, 0x00, 0x00, 0x00, 0x3e, 0xff, 0xff, 0xff, 0xff, 0xff,  // Line 85
        0x00, 0x00, 0x3f, 0xfb, 0xc0, 0x00, 0x00, 0x00, 0x00, 0x00, 0x3e, 0xff, 0xff, 0xfe, 0xff, 0xff,  // Line 86
        0x00, 0x00, 0x3f, 0xfd, 0xe0, 0x00, 0x00, 0x00, 0x00, 0x00, 0x1c, 0xff, 0xff, 0xfe, 0xff, 0xfc,  // Line 87
        0x00, 0x00, 0x3f, 0xfc, 0xf0, 0x00, 0x00, 0x00, 0x00, 0x00, 0x09, 0xff, 0xff, 0xfe, 0x7f, 0xf8,  // Line 88
        0x00, 0x00, 0x3f, 0xfe, 0xf8, 0x00, 0x00, 0x00, 0x00, 0x00, 0x03, 0xff, 0xff, 0xfe, 0x7f, 0xf0,  // Line 89
        0x00, 0x00, 0x3f, 0xff, 0x7c, 0x00, 0x00, 0x00, 0x00, 0x00, 0x0f, 0xff, 0xff, 0xff, 0x7f, 0xe0,  // Line 90
        0x00, 0x00, 0x3f, 0xff, 0x3e, 0x00, 0x00, 0x00, 0x00, 0x00, 0x1f, 0xff, 0xff, 0xff, 0x7f, 0xc0,  // Line 91
        0x00, 0x00, 0x1f, 0xff, 0x9e, 0x00, 0x00, 0x00, 0x00, 0x00, 0x3f, 0xff, 0xef, 0xff, 0x7f, 0x20,  // Line 92
        0x00, 0x00, 0x1f, 0xff, 0xcf, 0x00, 0x00, 0x00, 0x00, 0x00, 0xff, 0xff, 0xef, 0xff, 0x7e, 0x40,  // Line 93
        0x00, 0x00, 0x0f, 0xff, 0xe7, 0x80, 0x00, 0x00, 0x00, 0x01, 0xff, 0xff, 0xef, 0xff, 0xfc, 0x80,  // Line 94
        0x00, 0x00, 0x0f, 0xff, 0xf3, 0xe0, 0x00, 0x00, 0x00, 0x07, 0xff, 0xff, 0xef, 0xff, 0xf1, 0x00,  // Line 95
        0x00, 0x00, 0x0f, 0xff, 0xf9, 0xf0, 0x00, 0x00, 0x00, 0x0f, 0xff, 0xff, 0xef, 0xff, 0xe2, 0x00,  // Line 96
        0x00, 0x00, 0x07, 0xff, 0xfc, 0xf8, 0x00, 0x00, 0x00, 0x1f, 0xff, 0xff, 0xef, 0xff, 0x80, 0x00,  // Line 97
        0x00, 0x00, 0x07, 0xff, 0xfe, 0x7c, 0x00, 0x02, 0x00, 0x3f, 0xff, 0xff, 0xef, 0xff, 0x00, 0x00,  // Line 98
        0x00, 0x00, 0x03, 0xff, 0xff, 0x3e, 0x00, 0x02, 0x00, 0xff, 0xff, 0xff, 0xef, 0xfe, 0x00, 0x00,  // Line 99
        0x00, 0x00, 0x03, 0xff, 0xff, 0x9f, 0x00, 0x03, 0x01, 0xff, 0xff, 0xff, 0xef, 0xf8, 0x00, 0x00,  // Line 100
        0x00, 0x00, 0x01, 0xff, 0xff, 0xcf, 0x80, 0x05, 0x03, 0xff, 0xff, 0xff, 0xef, 0xf0, 0x00, 0x00,  // Line 101
        0x00, 0x00, 0x01, 0xff, 0xff, 0xe7, 0xc0, 0x00, 0x0f, 0xff, 0xfb, 0xff, 0xcf, 0xc0, 0x00, 0x00,  // Line 102
        0x00, 0x00, 0x00, 0xff, 0xff, 0xfb, 0xf0, 0x00, 0x1f, 0xff, 0xfb, 0xff, 0xff, 0x80, 0x00, 0x00,  // Line 103
        0x00, 0x00, 0x00, 0x7f, 0xff, 0xfc, 0xf8, 0x0a, 0x3f, 0xff, 0xf7, 0xff, 0xfe, 0x00, 0x00, 0x00,  // Line 104
        0x00, 0x00, 0x00, 0x7f, 0xff, 0xfe, 0x7c, 0x04, 0xff, 0xff, 0xf7, 0xff, 0xf8, 0x00, 0x00, 0x00,  // Line 105
        0x00, 0x00, 0x00, 0x3f, 0xff, 0xff, 0x3e, 0x19, 0xff, 0xff, 0xef, 0xff, 0xf0, 0x00, 0x00, 0x00,  // Line 106
        0x00, 0x00, 0x00, 0x1f, 0xff, 0xff, 0x9f, 0x83, 0xff, 0xff, 0xef, 0xff, 0xc0, 0x00, 0x00, 0x00,  // Line 107
        0x00, 0x00, 0x00, 0x0f, 0xff, 0xff, 0xcf, 0xc7, 0xff, 0xff, 0xdf, 0xff, 0x00, 0x00, 0x00, 0x00,  // Line 108
        0x00, 0x00, 0x00, 0x0f, 0xff, 0xff, 0xf3, 0x9f, 0xff, 0xff, 0xdf, 0xfc, 0x00, 0x00, 0x00, 0x00,  // Line 109
        0x00, 0x00, 0x00, 0x07, 0xff, 0xff, 0xf8, 0x3f, 0xff, 0xff, 0xbf, 0xf0, 0x00, 0x00, 0x00, 0x00,  // Line 110
        0x00, 0x00, 0x00, 0x03, 0xff, 0xff, 0xff, 0xff, 0xff, 0xff, 0x3f, 0xc0, 0x00, 0x00, 0x00, 0x00,  // Line 111
        0x00, 0x00, 0x00, 0x01, 0xff, 0xff, 0xff, 0xff, 0xff, 0xff, 0x7f, 0x00, 0x00, 0x00, 0x00, 0x00,  // Line 112
        0x00, 0x00, 0x00, 0x00, 0xff, 0xff, 0xff, 0xff, 0xff, 0xfe, 0xf8, 0x00, 0x00, 0x00, 0x00, 0x00,  // Line 113
        0x00, 0x00, 0x00, 0x00, 0x7f, 0xff, 0xff, 0xff, 0xff, 0xff, 0xc0, 0x00, 0x00, 0x00, 0x00, 0x00,  // Line 114
        0x00, 0x00, 0x00, 0x00, 0x3f, 0xff, 0xff, 0xff, 0xff, 0xfc, 0x00, 0x00, 0x00, 0x00, 0x00, 0x00,  // Line 115
        0x00, 0x00, 0x00, 0x00, 0x0f, 0xff, 0xff, 0xff, 0xff, 0x80, 0x00, 0x00, 0x00, 0x00, 0x00, 0x00,  // Line 116
        0x00, 0x00, 0x00, 0x00, 0x07, 0xf7, 0xff, 0xff, 0xc0, 0x00, 0x00, 0x00, 0x00, 0x00, 0x00, 0x00,  // Line 117
        0x00, 0x00, 0x00, 0x00, 0x03, 0xff, 0xff, 0xe0, 0x00, 0x00, 0x00, 0x00, 0x00, 0x00, 0x00, 0x00,  // Line 118
        0x00, 0x00, 0x00, 0x00, 0x00, 0x7c, 0x00, 0x00, 0x00, 0x00, 0x00, 0x00, 0x00, 0x00, 0x00, 0x00,  // Line 119
        0x00, 0x00, 0x00, 0x00, 0x00, 0x00, 0x00, 0x00, 0x00, 0x00, 0x00, 0x00, 0x00, 0x00, 0x00, 0x00,  // Line 120
        0x00, 0x00, 0x00, 0x00, 0x00, 0x00, 0x00, 0x00, 0x00, 0x00, 0x00, 0x00, 0x00, 0x00, 0x00, 0x00,  // Line 121
        0x00, 0x00, 0x00, 0x00, 0x00, 0x00, 0x00, 0x00, 0x00, 0x00, 0x00, 0x00, 0x00, 0x00, 0x00, 0x00,  // Line 122
        0x00, 0x00, 0x00, 0x00, 0x00, 0x00, 0x00, 0x00, 0x00, 0x00, 0x00, 0x00, 0x00, 0x00, 0x00, 0x00,  // Line 123
        0x00, 0x00, 0x00, 0x00, 0x00, 0x00, 0x00, 0x00, 0x00, 0x00, 0x00, 0x00, 0x00, 0x00, 0x00, 0x00,  // Line 124
        0x00, 0x00, 0x00, 0x00, 0x00, 0x00, 0x00, 0x00, 0x00, 0x00, 0x00, 0x00, 0x00, 0x00, 0x00, 0x00,  // Line 125
        0x00, 0x00, 0x00, 0x00, 0x00, 0x00, 0x00, 0x00, 0x00, 0x00, 0x00, 0x00, 0x00, 0x00, 0x00, 0x00,  // Line 126
        0x00, 0x00, 0x00, 0x00, 0x00, 0x00, 0x00, 0x00, 0x00, 0x00, 0x00, 0x00, 0x00, 0x00, 0x00, 0x00,  // Line 127
    },
    { /* Frame 9 */
        0x00, 0x00, 0x00, 0x00, 0x01, 0xff, 0x7f, 0xc0, 0x00, 0x00, 0x70, 0x1e, 0x3f, 0xff, 0xff, 0xff,  // Line 0
        0x00, 0x00, 0x00, 0x00, 0x03, 0xfe, 0xff, 0x80, 0x00, 0x00, 0x70, 0x3c, 0x3f, 0xff, 0xff, 0xff,  // Line 1
        0x00, 0x00, 0x00, 0x00, 0x07, 0xff, 0xfe, 0x10, 0x00, 0x0c, 0x20, 0x38, 0x3f, 0xff, 0xff, 0xff,  // Line 2
        0x00, 0x00, 0x00, 0x00, 0x0f, 0xff, 0xfd, 0xf0, 0x00, 0x3e, 0x20, 0x30, 0x3f, 0xff, 0xcf, 0xff,  // Line 3
        0x00, 0x00, 0x00, 0x00, 0x1e, 0x17, 0xfb, 0xe0, 0x01, 0xff, 0x00, 0x60, 0x7f, 0xff, 0xdf, 0xff,  // Line 4
        0x00, 0x00, 0x00, 0x00, 0x3c, 0x0f, 0xf7, 0xe0, 0x01, 0xff, 0x00, 0x60, 0x7f, 0xff, 0x9f, 0xff,  // Line 5
        0x00, 0x00, 0x00, 0x00, 0x38, 0x1f, 0xef, 0xc0, 0x00, 0x7f, 0x80, 0xc0, 0x7f, 0xff, 0x3f, 0xff,  // Line 6
        0x00, 0x00, 0x00, 0x00, 0x70, 0x3f, 0xdf, 0xc0, 0x00, 0x1f, 0x80, 0x90, 0x7f, 0xff, 0x7f, 0xff,  // Line 7
        0x00, 0x00, 0x00, 0x00, 0x60, 0x7f, 0xbf, 0xc0, 0x00, 0x0f, 0x85, 0x20, 0x7f, 0xfe, 0x7f, 0xff,  // Line 8
        0x00, 0x00, 0x00, 0x00, 0xc0, 0xff, 0xff, 0xdc, 0x00, 0x07, 0x81, 0x20, 0xff, 0xfc, 0xff, 0xff,  // Line 9
        0x00, 0x00, 0x00, 0x00, 0x80, 0xff, 0xff, 0xf8, 0x00, 0x03, 0x00, 0x00, 0xff, 0xfd, 0xff, 0xff,  // Line 10
        0x00, 0x00, 0x00, 0x01, 0x01, 0x3d, 0xff, 0xf8, 0x00, 0x03, 0x00, 0x80, 0xff, 0xf9, 0xff, 0xff,  // Line 11
        0x00, 0x00, 0x00, 0x01, 0x00, 0x3b, 0xff, 0xf8, 0x3f, 0x81, 0x00, 0x00, 0xff, 0xf0, 0xff, 0xff,  // Line 12
        0x00, 0x00, 0x00, 0x03, 0x00, 0xf7, 0xff, 0xf8, 0xff, 0xf0, 0x80, 0x01, 0xff, 0xe5, 0xff, 0xff,  // Line 13
        0x00, 0x00, 0x00, 0x03, 0x00, 0xef, 0xff, 0xf8, 0xff, 0xf8, 0x00, 0x01, 0xff, 0xe5, 0xff, 0xff,  // Line 14
        0x00, 0x00, 0x00, 0x07, 0x01, 0xdf, 0xff, 0xf9, 0xff, 0xfe, 0x40, 0x01, 0xff, 0xc9, 0xff, 0xff,  // Line 15
        0x00, 0x00, 0x00, 0x07, 0x83, 0xbf, 0xff, 0xf9, 0xff, 0x1e, 0x20, 0x01, 0xff, 0x91, 0xff, 0xff,  // Line 16
        0x00, 0x00, 0x00, 0x07, 0x87, 0x7f, 0xff, 0xf9, 0xf9, 0x07, 0x20, 0x03, 0xff, 0x81, 0xff, 0xff,  // Line 17
        0x00, 0x00, 0x00, 0x0f, 0xc8, 0xff, 0xff, 0xff, 0xf1, 0x87, 0x00, 0x03, 0xff, 0x01, 0xff, 0xff,  // Line 18
        0x00, 0x00, 0x00, 0x0f, 0xd0, 0xff, 0xff, 0xff, 0xf0, 0x43, 0x90, 0x03, 0xfe, 0x41, 0xff, 0xff,  // Line 19
        0x00, 0x00, 0x00, 0x1f, 0x81, 0xcf, 0xff, 0xff, 0xe2, 0x23, 0x90, 0x07, 0xfe, 0x01, 0xff, 0xff,  // Line 20
        0x00, 0x00, 0x00, 0x1f, 0x83, 0xfb, 0xff, 0xff, 0xe5, 0x13, 0x90, 0x07, 0xfc, 0x01, 0xff, 0xff,  // Line 21
        0x00, 0x00, 0x00, 0x1f, 0x07, 0xfe, 0x7f, 0xff, 0xe4, 0x93, 0x90, 0x07, 0xf9, 0x01, 0xff, 0xff,  // Line 22
        0x00, 0x00, 0x00, 0x1e, 0x0f, 0xff, 0x9f, 0xff, 0xe4, 0x93, 0x80, 0x0f, 0xf0, 0x01, 0xff, 0xff,  // Line 23
        0x00, 0x00, 0x00, 0x3e, 0x1f, 0xff, 0xef, 0xff, 0xa2, 0x73, 0x80, 0x0f, 0xf0, 0x81, 0xff, 0xff,  // Line 24
        0x00, 0x00, 0x00, 0x3c, 0x3f, 0xff, 0xff, 0xff, 0xd0, 0xc7, 0x80, 0x0f, 0xe7, 0x80, 0xff, 0xff,  // Line 25
        0x00, 0x00, 0x00, 0x39, 0x3f, 0xff, 0xff, 0xff, 0xe8, 0x07, 0x80, 0x1f, 0xcf, 0x80, 0xff, 0xff,  // Line 26
        0x00, 0x00, 0x00, 0x3e, 0x7f, 0xff, 0xff, 0xff, 0xf4, 0x1f, 0x80, 0x1f, 0xdf, 0x80, 0xff, 0xff,  // Line 27
        0x00, 0x00, 0x00, 0x3c, 0xff, 0xff, 0xff, 0xff, 0xf3, 0xff, 0x80, 0x1f, 0x9f, 0x80, 0xff, 0xff,  // Line 28
        0x00, 0x00, 0x00, 0x3d, 0xff, 0xff, 0xff, 0xff, 0xf9, 0xff, 0x80, 0x3f, 0x3f, 0x80, 0xff, 0xfe,  // Line 29
        0x00, 0x00, 0x00, 0x1b, 0xff, 0xff, 0xff, 0xff, 0xfc, 0xff, 0x80, 0x3e, 0x7f, 0x80, 0xff, 0xfe,  // Line 30
        0x00, 0x00, 0x00, 0x03, 0xff, 0xff, 0xff, 0xff, 0xfe, 0x7f, 0x80, 0x3e, 0x7f, 0x80, 0xff, 0xfc,  // Line 31
        0x00, 0x00, 0x00, 0x07, 0xff, 0xff, 0xff, 0xff, 0xfe, 0x7f, 0xc4, 0x7c, 0xff, 0x80, 0xff, 0xfd,  // Line 32
        0x00, 0x00, 0x00, 0x0f, 0xff, 0xff, 0xff, 0xff, 0xff, 0x3f, 0xcc, 0x79, 0xff, 0x80, 0xff, 0xf9,  // Line 33
        0x00, 0x00, 0x00, 0x0f, 0xff, 0xff, 0xff, 0xff, 0xff, 0xff, 0xfc, 0xf1, 0xff, 0x80, 0x7f, 0xf9,  // Line 34
        0x00, 0x00, 0x00, 0x1f, 0xff, 0xff, 0xff, 0xff, 0xff, 0xff, 0xfc, 0xf3, 0xff, 0x80, 0x7f, 0xf9,  // Line 35
        0x00, 0x00, 0x00, 0x3c, 0x7f, 0xff, 0xff, 0xff, 0xff, 0xff, 0xfc, 0xe3, 0xff, 0x80, 0x7f, 0xf3,  // Line 36
        0x00, 0x00, 0x00, 0x07, 0xff, 0xff, 0xff, 0xff, 0xff, 0xff, 0xf9, 0xc7, 0xff, 0x80, 0x7f, 0xf3,  // Line 37
        0x00, 0x00, 0x00, 0x7f, 0xff, 0xff, 0xff, 0xff, 0xff, 0x8f, 0xf9, 0x8f, 0xff, 0x80, 0x7f, 0xe3,  // Line 38
        0x00, 0x00, 0x00, 0xff, 0xff, 0xff, 0xff, 0xff, 0xff, 0xe0, 0xf9, 0xbf, 0xff, 0x80, 0x7f, 0xe3,  // Line 39
        0x00, 0x00, 0x00, 0xff, 0xff, 0xff, 0xff, 0xff, 0xff, 0xfc, 0x33, 0x3f, 0xf3, 0x80, 0x7f, 0xeb,  // Line 40
        0x00, 0x00, 0x01, 0xff, 0xff, 0xff, 0xff, 0xff, 0xff, 0xff, 0x32, 0x3f, 0xdf, 0x80, 0x7f, 0xcb,  // Line 41
        0x00, 0x00, 0x01, 0xff, 0xff, 0xff, 0xff, 0xff, 0xff, 0xff, 0x92, 0x9f, 0xbf, 0x80, 0x3f, 0xcb,  // Line 42
        0x00, 0x00, 0x03, 0xff, 0xff, 0xff, 0xff, 0xff, 0xff, 0xff, 0xe5, 0xcf, 0x7f, 0x80, 0x3f, 0xc3,  // Line 43
        0x00, 0x00, 0x03, 0xff, 0xff, 0xff, 0xff, 0xff, 0xff, 0xff, 0xe3, 0xcf, 0x7f, 0xc0, 0x3f, 0xc3,  // Line 44
        0x00, 0x00, 0x07, 0xff, 0xff, 0xff, 0xff, 0xff, 0xff, 0xff, 0xe3, 0xee, 0x7f, 0xc0, 0x3f, 0x93,  // Line 45
        0x00, 0x00, 0x07, 0xff, 0xff, 0xff, 0xff, 0xff, 0xff, 0xff, 0xc7, 0xfe, 0x71, 0xc0, 0x3f, 0x93,  // Line 46
        0x00, 0x00, 0x07, 0xff, 0xff, 0xff, 0xff, 0xff, 0xff, 0xff, 0xcf, 0xfe, 0x00, 0x00, 0x1f, 0x83,  // Line 47
        0x00, 0x00, 0x0f, 0xff, 0xef, 0xff, 0xff, 0xff, 0xff, 0xff, 0xdf, 0xfc, 0x00, 0x00, 0x9f, 0x83,  // Line 48
        0x00, 0x00, 0x0f, 0xff, 0xff, 0xff, 0xff, 0xff, 0xff, 0xff, 0xff, 0xf8, 0x00, 0x00, 0x1f, 0x23,  // Line 49
        0x00, 0x00, 0x0f, 0xfb, 0xff, 0xff, 0xff, 0xff, 0xff, 0xff, 0xff, 0x98, 0x00, 0x00, 0x1f, 0x23,  // Line 50
        0x00, 0x00, 0x0f, 0xcf, 0xff, 0xff, 0xff, 0xff, 0xff, 0xff, 0xff, 0xd8, 0x00, 0x00, 0x1f, 0x23,  // Line 51
        0x00, 0x00, 0x1f, 0x3f, 0xff, 0xff, 0xff, 0xff, 0xff, 0xff, 0xff, 0xc8, 0x00, 0x00, 0x4f, 0x03,  // Line 52
        0x00, 0x00, 0x1c, 0xff, 0xff, 0xff, 0xff, 0xff, 0xff, 0xff, 0xff, 0xc8, 0x20, 0x70, 0x0f, 0x03,  // Line 53
        0x00, 0x00, 0x1f, 0xff, 0xff, 0xff, 0xff, 0xff, 0xff, 0xff, 0xff, 0xc8, 0x3f, 0xff, 0x0e, 0x03,  // Line 54
        0x00, 0x00, 0x1f, 0xff, 0xff, 0xff, 0xff, 0xff, 0xff, 0xff, 0xff, 0xc8, 0x7f, 0xff, 0xce, 0x03,  // Line 55
        0x00, 0x00, 0x3f, 0xff, 0xff, 0xff, 0xff, 0xff, 0xff, 0xff, 0xff, 0xc0, 0x7f, 0x23, 0xe6, 0x43,  // Line 56
        0x00, 0x00, 0x3f, 0xff, 0xff, 0xff, 0x9f, 0xff, 0xff, 0xff, 0xff, 0xc0, 0x7e, 0x21, 0xe6, 0x03,  // Line 57
        0x00, 0x00, 0x3f, 0xff, 0xff, 0xfc, 0x67, 0xff, 0xf9, 0xff, 0xff, 0xe0, 0x3e, 0x30, 0xf6, 0x03,  // Line 58
        0x00, 0x00, 0x3f, 0xff, 0xff, 0xf1, 0xf9, 0xff, 0xf9, 0xff, 0xff, 0xe0, 0x9c, 0x48, 0x76, 0x03,  // Line 59
        0x00, 0x00, 0x3f, 0xff, 0xff, 0xc1, 0xfc, 0xff, 0xfd, 0xff, 0xff, 0xe0, 0xcc, 0xc4, 0x72, 0x03,  // Line 60
        0x00, 0x00, 0x3f, 0xff, 0xff, 0x00, 0xfe, 0x7f, 0xfd, 0xff, 0xff, 0xe0, 0xe4, 0xa0, 0x72, 0x03,  // Line 61
        0x00, 0x00, 0x3f, 0xff, 0xfe, 0x00, 0x3f, 0xbf, 0xff, 0xff, 0xff, 0xe9, 0xe0, 0xa2, 0x78, 0x03,  // Line 62
        0x00, 0x00, 0x3f, 0xff, 0xfc, 0x00, 0x1f, 0xcf, 0xff, 0xff, 0xff, 0xfb, 0xf0, 0x54, 0x78, 0x03,  // Line 63
        0x00, 0x00, 0x3f, 0xff, 0xf8, 0x00, 0x0f, 0xe7, 0xff, 0xcf, 0xff, 0xff, 0xf4, 0x38, 0xf8, 0x43,  // Line 64
        0x00, 0x00, 0x3f, 0xff, 0xf0, 0x00, 0x07, 0xf3, 0xff, 0xef, 0xff, 0xff, 0xfe, 0x00, 0xf8, 0x43,  // Line 65
        0x00, 0x00, 0x3f, 0xff, 0xec, 0x00, 0x03, 0xf9, 0xff, 0xef, 0xff, 0xff, 0xff, 0x03, 0xf0, 0x43,  // Line 66
        0x00, 0x00, 0x3f, 0xff, 0xee, 0x00, 0x01, 0xfc, 0xff, 0xff, 0xff, 0xff, 0xff, 0xbf, 0xf0, 0x43,  // Line 67
        0x00, 0x00, 0x3f, 0xff, 0xef, 0x00, 0x00, 0x7e, 0x7f, 0xff, 0xff, 0xff, 0xff, 0xff, 0xf0, 0x43,  // Line 68
        0x00, 0x00, 0x3f, 0xff, 0xe7, 0x80, 0x00, 0x3f, 0x3f, 0xff, 0xff, 0xff, 0xff, 0xff, 0x80, 0x43,  // Line 69
        0x00, 0x00, 0x3f, 0xff, 0xf3, 0xc0, 0x00, 0x1f, 0x9f, 0xff, 0xff, 0xff, 0xff, 0xfc, 0x00, 0x43,  // Line 70
        0x00, 0x00, 0x3f, 0xff, 0xfd, 0xf0, 0x00, 0x0f, 0xdf, 0xff, 0xff, 0xff, 0xff, 0xf8, 0x00, 0x43,  // Line 71
        0x00, 0x00, 0x3f, 0xff, 0xfe, 0x78, 0x00, 0x07, 0xef, 0xff, 0xff, 0xff, 0xff, 0xfc, 0x00, 0xeb,  // Line 72
        0x00, 0x00, 0x3f, 0xff, 0xff, 0x3c, 0x00, 0x03, 0xf7, 0xff, 0xff, 0xff, 0xff, 0xff, 0x81, 0xea,  // Line 73
        0x00, 0x00, 0x3f, 0xff, 0xff, 0x9e, 0x00, 0x01, 0xfb, 0xff, 0xff, 0xff, 0xdf, 0xff, 0xff, 0xf2,  // Line 74
        0x00, 0x00, 0x3f, 0xff, 0xff, 0xcf, 0x00, 0x00, 0xf9, 0xff, 0xff, 0xff, 0xff, 0xff, 0xff, 0xe0,  // Line 75
        0x00, 0x00, 0x3f, 0xff, 0xff, 0xe7, 0x80, 0x00, 0x7d, 0xff, 0xff, 0xff, 0xef, 0xff, 0xff, 0xe9,  // Line 76
        0x00, 0x00, 0x3f, 0xff, 0xff, 0xf3, 0xc0, 0x00, 0x3e, 0xff, 0xff, 0xff, 0xef, 0xff, 0xff, 0xda,  // Line 77
        0x00, 0x00, 0x1f, 0xff, 0xff, 0xf9, 0xe0, 0x00, 0x1e, 0x7f, 0xff, 0xff, 0xf7, 0xff, 0xff, 0xbc,  // Line 78
        0x00, 0x00, 0x1f, 0xff, 0xff, 0xfc, 0xf8, 0x00, 0x0f, 0x7f, 0xff, 0xff, 0xf7, 0xff, 0xff, 0x79,  // Line 79
        0x00, 0x00, 0x1f, 0xff, 0xff, 0xff, 0x7c, 0x00, 0x06, 0x7f, 0xff, 0xff, 0xf3, 0xff, 0xfe, 0xf7,  // Line 80
        0x00, 0x00, 0x1f, 0xff, 0xff, 0xff, 0x9e, 0x00, 0x06, 0x7f, 0xff, 0xff, 0xfb, 0xff, 0xfb, 0xef,  // Line 81
        0x00, 0x00, 0x1f, 0xff, 0xff, 0xff, 0xcf, 0x00, 0x00, 0xff, 0xff, 0xbf, 0xfb, 0xff, 0xff, 0x9f,  // Line 82
        0x00, 0x00, 0x1f, 0xff, 0xff, 0xff, 0xe7, 0x80, 0x00, 0xff, 0xff, 0xbf, 0xfb, 0xff, 0xff, 0x3f,  // Line 83
        0x00, 0x00, 0x0f, 0xff, 0xff, 0xff, 0xf3, 0xc0, 0x01, 0xff, 0xff, 0xbf, 0xfd, 0xff, 0xde, 0x7e,  // Line 84
        0x00, 0x00, 0x0f, 0xff, 0xff, 0xff, 0xf9, 0xe0, 0x03, 0xff, 0xff, 0xff, 0xfd, 0xff, 0x3c, 0xf8,  // Line 85
        0x00, 0x00, 0x0f, 0xff, 0xff, 0xff, 0xfc, 0xf0, 0x07, 0xff, 0xff, 0xdf, 0xfd, 0xfe, 0x59, 0xf0,  // Line 86
        0x00, 0x00, 0x0f, 0xff, 0xff, 0xff, 0xfe, 0x78, 0x0f, 0xff, 0xff, 0xdf, 0xfd, 0xfd, 0x93, 0xe0,  // Line 87
        0x00, 0x00, 0x07, 0xff, 0xff, 0xff, 0xff, 0x9c, 0x0f, 0xff, 0xff, 0xdf, 0xff, 0xf3, 0x07, 0x80,  // Line 88
        0x00, 0x00, 0x07, 0xff, 0xff, 0xff, 0xff, 0xce, 0x1f, 0xff, 0xff, 0xdf, 0xfe, 0xe0, 0x0f, 0x00,  // Line 89
        0x00, 0x00, 0x07, 0xff, 0xff, 0xff, 0xff, 0xe6, 0x3f, 0xff, 0xff, 0xdf, 0xfe, 0xc0, 0x1e, 0x00,  // Line 90
        0x00, 0x00, 0x03, 0xff, 0xff, 0xff, 0xff, 0xf2, 0x7f, 0xff, 0xff, 0xef, 0xff, 0x00, 0x3c, 0x00,  // Line 91
        0x00, 0x00, 0x03, 0xff, 0xff, 0xff, 0xff, 0xf8, 0xff, 0xff, 0xff, 0xef, 0xfe, 0x30, 0xf0, 0x00,  // Line 92
        0x00, 0x00, 0x01, 0xff, 0xff, 0xff, 0xff, 0xff, 0xff, 0xff, 0xff, 0xef, 0xf8, 0xf3, 0xe0, 0x00,  // Line 93
        0x00, 0x00, 0x00, 0xff, 0xff, 0xff, 0xff, 0xff, 0xff, 0xf7, 0xff, 0xef, 0xf3, 0xef, 0x80, 0x00,  // Line 94
        0x00, 0x00, 0x00, 0x7f, 0xff, 0xff, 0xff, 0xff, 0xff, 0xf7, 0xff, 0xef, 0xe7, 0xfe, 0x00, 0x00,  // Line 95
        0x00, 0x00, 0x00, 0x7f, 0xff, 0xff, 0xff, 0xff, 0xff, 0xf7, 0xff, 0xef, 0x8f, 0xfc, 0x00, 0x00,  // Line 96
        0x00, 0x00, 0x00, 0x3f, 0xff, 0xff, 0xff, 0xff, 0xff, 0xf7, 0xff, 0xef, 0x0f, 0xf0, 0x00, 0x00,  // Line 97
        0x00, 0x00, 0x00, 0x1f, 0xff, 0xfe, 0xff, 0xff, 0xff, 0xf7, 0xff, 0xec, 0x07, 0xc0, 0x00, 0x00,  // Line 98
        0x00, 0x00, 0x00, 0x0f, 0xff, 0xff, 0xff, 0xff, 0xff, 0xf7, 0xff, 0xe0, 0x00, 0x00, 0x00, 0x00,  // Line 99
        0x00, 0x00, 0x00, 0x07, 0xff, 0xff, 0xff, 0xff, 0xff, 0xf7, 0xff, 0xc0, 0x00, 0x00, 0x00, 0x00,  // Line 100
        0x00, 0x00, 0x00, 0x03, 0xff, 0xff, 0xff, 0xff, 0xff, 0xe7, 0xff, 0x80, 0x00, 0x00, 0x00, 0x00,  // Line 101
        0x00, 0x00, 0x00, 0x00, 0xff, 0xff, 0xff, 0xff, 0xff, 0xe7, 0xfe, 0x00, 0x00, 0x00, 0x00, 0x00,  // Line 102
        0x00, 0x00, 0x00, 0x00, 0x7f, 0xff, 0xff, 0xff, 0xff, 0xe7, 0xf0, 0x00, 0x00, 0x00, 0x00, 0x00,  // Line 103
        0x00, 0x00, 0x00, 0x00, 0x3f, 0xff, 0xff, 0xff, 0xff, 0xef, 0xc0, 0x00, 0x00, 0x00, 0x00, 0x00,  // Line 104
        0x00, 0x00, 0x00, 0x00, 0x0f, 0xff, 0xff, 0xff, 0xff, 0xee, 0x00, 0x00, 0x00, 0x00, 0x00, 0x00,  // Line 105
        0x00, 0x00, 0x00, 0x00, 0x07, 0xfb, 0xff, 0xff, 0xff, 0xf0, 0x00, 0x00, 0x00, 0x00, 0x00, 0x00,  // Line 106
        0x00, 0x00, 0x00, 0x00, 0x01, 0xfb, 0xff, 0xff, 0xff, 0x00, 0x00, 0x00, 0x00, 0x00, 0x00, 0x00,  // Line 107
        0x00, 0x00, 0x00, 0x00, 0x00, 0x00, 0x7f, 0xff, 0x80, 0x00, 0x00, 0x00, 0x00, 0x00, 0x00, 0x00,  // Line 108
        0x00, 0x00, 0x00, 0x00, 0x00, 0x00, 0x00, 0x00, 0x00, 0x00, 0x00, 0x00, 0x00, 0x00, 0x00, 0x00,  // Line 109
        0x00, 0x00, 0x00, 0x00, 0x00, 0x00, 0x00, 0x00, 0x00, 0x00, 0x00, 0x00, 0x00, 0x00, 0x00, 0x00,  // Line 110
        0x3c, 0x00, 0x00, 0x00, 0x00, 0x00, 0x00, 0x00, 0x00, 0x00, 0x00, 0x00, 0x00, 0x00, 0x00, 0x00,  // Line 111
        0x70, 0x00, 0x00, 0x00, 0x00, 0x00, 0x00, 0x00, 0x00, 0x00, 0x00, 0x00, 0x00, 0x00, 0x00, 0x00,  // Line 112
        0x00, 0x00, 0x00, 0x00, 0x00, 0x00, 0x00, 0x00, 0x00, 0x00, 0x00, 0x00, 0x00, 0x00, 0x00, 0x00,  // Line 113
        0x00, 0x00, 0x00, 0x00, 0x00, 0x00, 0x00, 0x00, 0x00, 0x00, 0x00, 0x00, 0x00, 0x00, 0x00, 0x00,  // Line 114
        0x00, 0x00, 0x00, 0x00, 0x00, 0x00, 0x00, 0x00, 0x00, 0x00, 0x00, 0x00, 0x00, 0x00, 0x00, 0x00,  // Line 115
        0x00, 0x00, 0x00, 0x00, 0x00, 0x00, 0x00, 0x00, 0x00, 0x00, 0x00, 0x00, 0x00, 0x00, 0x00, 0x00,  // Line 116
        0x00, 0x00, 0x00, 0x00, 0x00, 0x00, 0x00, 0x00, 0x00, 0x00, 0x00, 0x00, 0x00, 0x00, 0x00, 0x00,  // Line 117
        0x00, 0x00, 0x00, 0x00, 0x00, 0x00, 0x00, 0x00, 0x00, 0x00, 0x00, 0x00, 0x00, 0x00, 0x00, 0x00,  // Line 118
        0x00, 0x00, 0x00, 0x00, 0x00, 0x00, 0x00, 0x00, 0x00, 0x00, 0x00, 0x00, 0x00, 0x00, 0x00, 0x00,  // Line 119
        0x00, 0x00, 0x00, 0x00, 0x00, 0x00, 0x00, 0x00, 0x00, 0x00, 0x00, 0x00, 0x00, 0x00, 0x00, 0x00,  // Line 120
        0x00, 0x00, 0x00, 0x00, 0x00, 0x00, 0x00, 0x00, 0x00, 0x00, 0x00, 0x00, 0x00, 0x00, 0x00, 0x00,  // Line 121
        0x00, 0x00, 0x00, 0x00, 0x00, 0x00, 0x00, 0x00, 0x00, 0x00, 0x00, 0x00, 0x00, 0x00, 0x00, 0x00,  // Line 122
        0x00, 0x00, 0x00, 0x00, 0x00, 0x00, 0x00, 0x00, 0x00, 0x00, 0x00, 0x00, 0x00, 0x00, 0x00, 0x00,  // Line 123
        0x00, 0x00, 0x00, 0x00, 0x00, 0x00, 0x00, 0x00, 0x00, 0x00, 0x00, 0x00, 0x00, 0x00, 0x00, 0x00,  // Line 124
        0x00, 0x00, 0x00, 0x00, 0x00, 0x00, 0x00, 0x00, 0x00, 0x00, 0x00, 0x00, 0x00, 0x00, 0x00, 0x00,  // Line 125
        0x00, 0x00, 0x00, 0x00, 0x00, 0x00, 0x00, 0x00, 0x00, 0x00, 0x00, 0x00, 0x00, 0x00, 0x00, 0x00,  // Line 126
        0x00, 0x00, 0x00, 0x00, 0x00, 0x00, 0x00, 0x00, 0x00, 0x00, 0x00, 0x00, 0x00, 0x00, 0x00, 0x00,  // Line 127
    },
    { /* Frame 10 */
        0x00, 0x00, 0x00, 0x00, 0x00, 0x03, 0xbe, 0x01, 0xff, 0xff, 0x8f, 0xff, 0xff, 0xff, 0xff, 0xff,  // Line 0
        0x00, 0x00, 0x00, 0x00, 0x00, 0x07, 0xbc, 0xe1, 0xff, 0xfc, 0x1f, 0xff, 0xff, 0xff, 0xff, 0xff,  // Line 1
        0x00, 0x00, 0x00, 0x00, 0x00, 0x03, 0x39, 0xf0, 0x67, 0xc0, 0x3f, 0xff, 0xff, 0xff, 0xff, 0xff,  // Line 2
        0x00, 0x00, 0x00, 0x00, 0x00, 0x03, 0x7f, 0xf8, 0x1c, 0x00, 0x7f, 0xff, 0xff, 0xff, 0xff, 0xff,  // Line 3
        0x00, 0x00, 0x00, 0x00, 0x00, 0x30, 0xef, 0xfc, 0x00, 0x1e, 0xff, 0xff, 0xff, 0xff, 0xff, 0xff,  // Line 4
        0x00, 0x00, 0x00, 0x00, 0x00, 0xf1, 0xdf, 0xfc, 0x07, 0xfd, 0xff, 0xff, 0xff, 0xff, 0xff, 0xff,  // Line 5
        0x00, 0x00, 0x00, 0x00, 0x03, 0xe3, 0xbf, 0xf0, 0x1f, 0xfb, 0xff, 0xff, 0xff, 0xff, 0xff, 0xff,  // Line 6
        0x00, 0x00, 0x00, 0x00, 0x07, 0xef, 0x78, 0x07, 0x0f, 0xf7, 0xff, 0xf8, 0xff, 0xff, 0xff, 0xff,  // Line 7
        0x00, 0x00, 0x00, 0x00, 0x1f, 0x9e, 0xe0, 0x03, 0x0f, 0xef, 0xff, 0xe1, 0xff, 0xff, 0xff, 0xff,  // Line 8
        0x00, 0x00, 0x00, 0x00, 0x38, 0x3d, 0xc0, 0x00, 0x8f, 0xdf, 0xff, 0x81, 0xff, 0xff, 0xff, 0xff,  // Line 9
        0x00, 0x00, 0x00, 0x00, 0x40, 0x7b, 0xc0, 0x00, 0x0f, 0xbf, 0xfe, 0x03, 0xff, 0xff, 0xff, 0xff,  // Line 10
        0x00, 0x00, 0x00, 0x00, 0x81, 0xf7, 0x80, 0x00, 0x07, 0xbf, 0xfc, 0x03, 0xff, 0xff, 0xff, 0xff,  // Line 11
        0x00, 0x00, 0x00, 0x00, 0x03, 0xff, 0x83, 0xfc, 0x07, 0x7f, 0xf0, 0x07, 0xff, 0xff, 0xff, 0xff,  // Line 12
        0x00, 0x00, 0x00, 0x00, 0x07, 0xff, 0x83, 0xff, 0x06, 0xff, 0xe0, 0x2f, 0xff, 0xff, 0xff, 0xff,  // Line 13
        0x00, 0x00, 0x00, 0x00, 0x0f, 0xff, 0x87, 0xff, 0x84, 0xff, 0x80, 0x0f, 0xff, 0xff, 0xff, 0xff,  // Line 14
        0x00, 0x00, 0x00, 0x00, 0x1f, 0xff, 0x87, 0xe1, 0xc1, 0xff, 0x00, 0x0f, 0xff, 0xff, 0xff, 0xff,  // Line 15
        0x00, 0x00, 0x00, 0x00, 0x3f, 0xff, 0xc7, 0xc0, 0x43, 0xfc, 0x00, 0x1f, 0xff, 0xff, 0xff, 0xff,  // Line 16
        0x00, 0x00, 0x00, 0x00, 0x7f, 0xff, 0xcf, 0x98, 0x67, 0xf0, 0x00, 0x1f, 0xff, 0xff, 0xff, 0xff,  // Line 17
        0x00, 0x00, 0x00, 0x08, 0xff, 0xff, 0xcf, 0x08, 0x27, 0xc0, 0x03, 0x3f, 0xff, 0xff, 0xff, 0xff,  // Line 18
        0x00, 0x00, 0x00, 0x09, 0x77, 0xff, 0xef, 0x00, 0x2f, 0x08, 0x3f, 0x3f, 0xff, 0xff, 0xff, 0xff,  // Line 19
        0x00, 0x00, 0x00, 0x00, 0x77, 0xff, 0xf6, 0x02, 0x1c, 0x21, 0xff, 0x7f, 0xff, 0xff, 0xff, 0xff,  // Line 20
        0x00, 0x00, 0x00, 0x00, 0xcf, 0xff, 0xfa, 0x50, 0x30, 0x8f, 0xde, 0x7f, 0xff, 0x9f, 0xff, 0xff,  // Line 21
        0x00, 0x00, 0x00, 0x0d, 0xdf, 0xff, 0xfc, 0x28, 0x20, 0x3f, 0x9e, 0x7f, 0xff, 0x1f, 0xff, 0xff,  // Line 22
        0x00, 0x00, 0x00, 0x3b, 0xbf, 0xff, 0xfc, 0x3c, 0x20, 0xff, 0xbe, 0xff, 0xff, 0x1f, 0xff, 0xff,  // Line 23
        0x00, 0x00, 0x00, 0x37, 0x7f, 0xff, 0xfe, 0x00, 0x60, 0xff, 0x3e, 0xff, 0xfe, 0x1f, 0xff, 0xff,  // Line 24
        0x00, 0x00, 0x00, 0x6e, 0xff, 0xff, 0xff, 0x03, 0xc0, 0x7f, 0x7c, 0xff, 0xfc, 0x8f, 0xff, 0xff,  // Line 25
        0x00, 0x00, 0x00, 0x5d, 0xff, 0xcf, 0xff, 0x1f, 0xc0, 0x7e, 0xfd, 0xff, 0xf8, 0x0f, 0xff, 0xff,  // Line 26
        0x00, 0x00, 0x00, 0x0b, 0xff, 0xfb, 0xff, 0x8f, 0x80, 0x7c, 0xfd, 0xff, 0xf2, 0x0f, 0xff, 0xff,  // Line 27
        0x00, 0x00, 0x00, 0x0b, 0xff, 0xfd, 0xff, 0xc7, 0xe0, 0x3d, 0xf9, 0xff, 0xe4, 0x0f, 0xff, 0xff,  // Line 28
        0x00, 0x00, 0x00, 0x07, 0xff, 0xff, 0xff, 0xe3, 0xf8, 0x7b, 0xfb, 0xff, 0xc8, 0x0f, 0xff, 0xff,  // Line 29
        0x00, 0x00, 0x00, 0x0f, 0xff, 0xff, 0xff, 0xf7, 0xfe, 0x3f, 0xfb, 0xff, 0x9c, 0x0f, 0xff, 0xff,  // Line 30
        0x00, 0x00, 0x00, 0x0f, 0xff, 0xff, 0xff, 0xff, 0xfc, 0x7f, 0xf3, 0xff, 0x3c, 0x0f, 0xff, 0xff,  // Line 31
        0x00, 0x00, 0x00, 0x1f, 0xff, 0xff, 0xff, 0xff, 0xff, 0x7f, 0xf3, 0xfe, 0x7c, 0x0f, 0xff, 0xff,  // Line 32
        0x00, 0x00, 0x00, 0x3f, 0xff, 0xff, 0xff, 0xf8, 0x0f, 0x9f, 0xf7, 0xfc, 0xfc, 0x0f, 0xff, 0xff,  // Line 33
        0x00, 0x00, 0x00, 0x7f, 0xff, 0xff, 0xff, 0xff, 0xc7, 0xef, 0xb7, 0xf9, 0xfc, 0x0f, 0xff, 0xff,  // Line 34
        0x00, 0x00, 0x00, 0x7f, 0xdf, 0xff, 0xff, 0xff, 0xf3, 0xef, 0xa7, 0xf7, 0xfc, 0x0f, 0xff, 0xff,  // Line 35
        0x00, 0x00, 0x00, 0xc0, 0xff, 0xff, 0xff, 0xff, 0xf7, 0xf7, 0x2f, 0xef, 0xfe, 0x0f, 0xff, 0xff,  // Line 36
        0x00, 0x00, 0x01, 0x0f, 0xff, 0xff, 0xff, 0xff, 0xff, 0xfb, 0x6f, 0xdf, 0xfe, 0x0f, 0xff, 0xff,  // Line 37
        0x00, 0x00, 0x01, 0xff, 0xff, 0xff, 0xff, 0xff, 0xff, 0xfb, 0x6f, 0x9f, 0xfe, 0x0f, 0xff, 0xf7,  // Line 38
        0x00, 0x00, 0x03, 0xff, 0xff, 0xff, 0xff, 0xff, 0xff, 0xff, 0x4f, 0x3f, 0xfe, 0x0f, 0xff, 0xef,  // Line 39
        0x00, 0x00, 0x03, 0xff, 0xff, 0xff, 0xff, 0xff, 0xff, 0x8f, 0x5e, 0x1f, 0xfe, 0x0f, 0xff, 0xc7,  // Line 40
        0x00, 0x00, 0x07, 0xff, 0xff, 0xff, 0xff, 0xff, 0xff, 0x07, 0x1c, 0x00, 0xfe, 0x0f, 0xff, 0xc7,  // Line 41
        0x00, 0x00, 0x0f, 0xff, 0xff, 0xff, 0xff, 0xff, 0xff, 0xe7, 0x18, 0x00, 0x1e, 0x0f, 0xff, 0x87,  // Line 42
        0x00, 0x00, 0x0f, 0xff, 0xff, 0xff, 0xff, 0xff, 0xff, 0xf6, 0x11, 0x00, 0x00, 0x4f, 0xff, 0x87,  // Line 43
        0x00, 0x00, 0x1f, 0xff, 0xff, 0xff, 0xff, 0xff, 0xff, 0xf6, 0x30, 0x00, 0x00, 0x0f, 0xff, 0x07,  // Line 44
        0x00, 0x00, 0x1f, 0xfb, 0xff, 0xff, 0xff, 0xff, 0xff, 0xf2, 0x20, 0x00, 0x00, 0x0f, 0xff, 0x07,  // Line 45
        0x00, 0x00, 0x1f, 0xcf, 0xff, 0xff, 0xff, 0xff, 0xff, 0xfa, 0x00, 0xc0, 0x00, 0x0f, 0xfe, 0x07,  // Line 46
        0x00, 0x00, 0x3f, 0x9f, 0xff, 0xff, 0xfc, 0xff, 0xff, 0xfb, 0x07, 0x0f, 0xf0, 0x0f, 0xfc, 0x07,  // Line 47
        0x00, 0x00, 0x3e, 0xff, 0xff, 0xff, 0xfc, 0xff, 0xff, 0xfb, 0x0e, 0x7f, 0xfc, 0x0f, 0xfd, 0x07,  // Line 48
        0x00, 0x00, 0x39, 0xff, 0xff, 0xff, 0xff, 0xff, 0xff, 0xfd, 0x0f, 0xfe, 0x1e, 0x0f, 0xf8, 0x07,  // Line 49
        0x00, 0x00, 0x37, 0xff, 0xff, 0xff, 0xff, 0xff, 0xff, 0xfd, 0x0f, 0xf8, 0x0e, 0x0f, 0xf2, 0x07,  // Line 50
        0x00, 0x00, 0x6f, 0xff, 0xff, 0xff, 0xff, 0xff, 0xff, 0xff, 0x8f, 0xf3, 0x07, 0x0f, 0xf0, 0x83,  // Line 51
        0x00, 0x00, 0x7f, 0xff, 0xff, 0x3f, 0xff, 0xe7, 0xff, 0xff, 0xc1, 0xf0, 0x83, 0x0f, 0xe1, 0x83,  // Line 52
        0x00, 0x00, 0x7f, 0xff, 0xfe, 0xf7, 0xff, 0xe7, 0xff, 0xff, 0xf8, 0xe0, 0x43, 0x8f, 0xe0, 0xc3,  // Line 53
        0x00, 0x00, 0x7f, 0xff, 0xfd, 0xfb, 0xff, 0xff, 0xff, 0xff, 0xfc, 0x66, 0x33, 0x8f, 0xc8, 0xc3,  // Line 54
        0x00, 0x00, 0x7f, 0xff, 0xf9, 0xfe, 0xff, 0xff, 0xff, 0xff, 0xfe, 0x25, 0x13, 0x8f, 0xc2, 0x43,  // Line 55
        0x00, 0x00, 0xff, 0xff, 0xf0, 0xff, 0x7f, 0xff, 0xff, 0xff, 0xff, 0x04, 0x93, 0x8f, 0x87, 0x43,  // Line 56
        0x00, 0x00, 0xff, 0xff, 0xe0, 0x7f, 0x9f, 0xff, 0xff, 0xff, 0xff, 0x82, 0xa7, 0x8f, 0xaf, 0xc3,  // Line 57
        0x00, 0x00, 0xff, 0xff, 0xc0, 0x3f, 0xcf, 0xff, 0xff, 0xff, 0xff, 0xe1, 0xc7, 0x8f, 0x0f, 0xc3,  // Line 58
        0x00, 0x00, 0xff, 0xff, 0x80, 0x0f, 0xf7, 0xff, 0xff, 0xff, 0xff, 0xf0, 0x0f, 0x8f, 0x5f, 0x83,  // Line 59
        0x00, 0x00, 0xff, 0xff, 0x00, 0x07, 0xf9, 0xff, 0xff, 0xff, 0xff, 0xf8, 0x1f, 0x8e, 0x3f, 0x03,  // Line 60
        0x00, 0x00, 0xff, 0xff, 0x00, 0x03, 0xfc, 0xff, 0xff, 0xff, 0xff, 0xfd, 0xff, 0x0c, 0xbf, 0x03,  // Line 61
        0x00, 0x00, 0xff, 0xfe, 0x00, 0x00, 0xfe, 0x7f, 0xff, 0xff, 0xff, 0xfe, 0xf8, 0x0c, 0x7e, 0x03,  // Line 62
        0x00, 0x00, 0xff, 0xfc, 0x00, 0x00, 0x7f, 0xbf, 0xff, 0xff, 0xff, 0xff, 0xe0, 0x09, 0xfc, 0x03,  // Line 63
        0x00, 0x00, 0xff, 0xfc, 0x80, 0x00, 0x3f, 0xdf, 0xff, 0xff, 0xff, 0xff, 0xe0, 0x09, 0xfd, 0x03,  // Line 64
        0x00, 0x00, 0xff, 0xfe, 0xe0, 0x00, 0x1f, 0xef, 0xff, 0xff, 0xff, 0xff, 0xf8, 0x03, 0xfa, 0x01,  // Line 65
        0x00, 0x00, 0xff, 0xff, 0x30, 0x00, 0x0f, 0xf7, 0xff, 0xff, 0xfd, 0xff, 0xff, 0x07, 0xf2, 0x01,  // Line 66
        0x00, 0x00, 0xff, 0xff, 0x98, 0x00, 0x03, 0xfb, 0xff, 0xff, 0xfe, 0xff, 0xff, 0x0b, 0xe6, 0x01,  // Line 67
        0x00, 0x00, 0xff, 0xff, 0xec, 0x00, 0x01, 0xfd, 0xff, 0xff, 0xfe, 0x7f, 0xff, 0x4f, 0xcc, 0x01,  // Line 68
        0x00, 0x00, 0xff, 0xff, 0xf3, 0x00, 0x00, 0xfc, 0xff, 0xff, 0xff, 0x7f, 0xff, 0x7f, 0x9c, 0x01,  // Line 69
        0x00, 0x00, 0xff, 0xff, 0xf9, 0x80, 0x00, 0x7c, 0xff, 0xff, 0xff, 0x3f, 0xfe, 0xff, 0x3c, 0x01,  // Line 70
        0x00, 0x00, 0xff, 0xff, 0xfc, 0xc0, 0x00, 0x3c, 0xff, 0xff, 0xff, 0xbf, 0xfe, 0xfe, 0x78, 0x01,  // Line 71
        0x00, 0x00, 0xff, 0xff, 0xff, 0x70, 0x00, 0x08, 0xff, 0xff, 0xff, 0xbf, 0xff, 0xfc, 0xf8, 0x01,  // Line 72
        0x00, 0x00, 0xff, 0xff, 0xff, 0xb8, 0x00, 0x05, 0xff, 0xff, 0xff, 0xdf, 0xff, 0xf9, 0xf3, 0x01,  // Line 73
        0x00, 0x00, 0xff, 0xff, 0xff, 0xcc, 0x00, 0x01, 0xff, 0xfe, 0xff, 0xdf, 0xff, 0xf3, 0xef, 0x81,  // Line 74
        0x00, 0x00, 0xff, 0xff, 0xff, 0xe7, 0x00, 0x01, 0xff, 0xfe, 0xff, 0xef, 0xff, 0xef, 0xcf, 0x81,  // Line 75
        0x00, 0x00, 0xff, 0xff, 0xff, 0xfb, 0x80, 0x01, 0xff, 0xff, 0x7f, 0xef, 0xff, 0xdf, 0x81, 0x01,  // Line 76
        0x00, 0x00, 0xff, 0xff, 0xff, 0xfc, 0xc0, 0x03, 0xff, 0xff, 0x7f, 0xe7, 0xff, 0x3f, 0x39, 0x00,  // Line 77
        0x00, 0x00, 0xff, 0xff, 0xff, 0xfe, 0x60, 0x03, 0xff, 0xff, 0x7f, 0xf7, 0xfe, 0x7e, 0x72, 0x00,  // Line 78
        0x00, 0x00, 0x7f, 0xff, 0xff, 0xff, 0x30, 0x03, 0xff, 0xff, 0x7f, 0xf3, 0xfc, 0xfc, 0xb4, 0x00,  // Line 79
        0x00, 0x00, 0x7f, 0xff, 0xff, 0xff, 0xdc, 0x07, 0xff, 0xff, 0x7f, 0xf3, 0xfb, 0xf9, 0xe0, 0x00,  // Line 80
        0x00, 0x00, 0x7f, 0xff, 0xff, 0xff, 0xe6, 0x07, 0xff, 0xff, 0x7f, 0xfb, 0xf7, 0xf7, 0xc0, 0x00,  // Line 81
        0x00, 0x00, 0x7f, 0xff, 0xff, 0xff, 0xf3, 0x0f, 0xff, 0xff, 0x7f, 0xfb, 0xcf, 0xef, 0xc0, 0x00,  // Line 82
        0x00, 0x00, 0x7f, 0xff, 0xff, 0xff, 0xfe, 0x1f, 0xff, 0xff, 0x3f, 0xff, 0x9f, 0x8f, 0x80, 0x00,  // Line 83
        0x00, 0x00, 0x3f, 0xff, 0xff, 0xff, 0xff, 0xff, 0xfb, 0xff, 0x3f, 0xff, 0x3f, 0x0f, 0x00, 0x00,  // Line 84
        0x00, 0x00, 0x3f, 0xff, 0xff, 0xff, 0xff, 0xff, 0xff, 0xff, 0x3f, 0xfe, 0x7e, 0x1f, 0x80, 0x00,  // Line 85
        0x00, 0x00, 0x1f, 0xff, 0xff, 0xff, 0xff, 0xff, 0xff, 0xff, 0xbf, 0xfd, 0xfc, 0xbf, 0x00, 0x00,  // Line 86
        0x00, 0x00, 0x1f, 0xff, 0xff, 0xff, 0xff, 0xff, 0xff, 0xff, 0xbf, 0xff, 0xf9, 0x3e, 0x00, 0x00,  // Line 87
        0x00, 0x00, 0x0f, 0xff, 0xff, 0xff, 0xff, 0xff, 0xf7, 0xff, 0xbf, 0xe7, 0xf2, 0x7c, 0x00, 0x00,  // Line 88
        0x00, 0x00, 0x07, 0xff, 0xff, 0xff, 0xff, 0xff, 0xf7, 0xff, 0xbf, 0xde, 0x44, 0xf0, 0x00, 0x00,  // Line 89
        0x00, 0x00, 0x07, 0xff, 0xff, 0xff, 0xff, 0xff, 0xff, 0xff, 0xbf, 0xb8, 0x18, 0xe0, 0x00, 0x00,  // Line 90
        0x00, 0x00, 0x03, 0xff, 0xff, 0xff, 0xff, 0xff, 0xef, 0xff, 0xbe, 0x60, 0x03, 0x80, 0x00, 0x00,  // Line 91
        0x00, 0x00, 0x01, 0xff, 0xff, 0xff, 0xff, 0xff, 0xef, 0xff, 0xfc, 0x90, 0x0e, 0x00, 0x00, 0x00,  // Line 92
        0x00, 0x00, 0x00, 0xff, 0xff, 0xff, 0xff, 0xff, 0xef, 0xff, 0xf1, 0x78, 0xf8, 0x00, 0x00, 0x00,  // Line 93
        0x00, 0x00, 0x00, 0x7f, 0xff, 0xff, 0xff, 0xff, 0xdf, 0xff, 0xe0, 0xf3, 0xc0, 0x00, 0x00, 0x00,  // Line 94
        0x00, 0x00, 0x00, 0x3f, 0xff, 0xff, 0xff, 0xff, 0xdf, 0xff, 0xc3, 0xf6, 0x00, 0x00, 0x00, 0x00,  // Line 95
        0x00, 0x00, 0x00, 0x1f, 0xff, 0xff, 0xff, 0xff, 0xdf, 0xff, 0x0f, 0xe0, 0x00, 0x00, 0x00, 0x00,  // Line 96
        0x00, 0x00, 0x00, 0x07, 0xff, 0xff, 0xff, 0xff, 0xbf, 0xfc, 0x1f, 0xc0, 0x00, 0x00, 0x00, 0x00,  // Line 97
        0x00, 0x00, 0x00, 0x03, 0xff, 0xff, 0xff, 0xff, 0xff, 0xf0, 0x07, 0x80, 0x00, 0x00, 0x00, 0x00,  // Line 98
        0x00, 0x00, 0x00, 0x00, 0xff, 0xff, 0xff, 0xff, 0xff, 0xe0, 0x00, 0x00, 0x00, 0x00, 0x00, 0x00,  // Line 99
        0x00, 0x00, 0x00, 0x00, 0x1f, 0xff, 0xff, 0xff, 0xff, 0x00, 0x00, 0x00, 0x00, 0x00, 0x00, 0x00,  // Line 100
        0x00, 0x00, 0x00, 0x00, 0x03, 0xff, 0xff, 0xff, 0xfc, 0x00, 0x00, 0x00, 0x00, 0x00, 0x00, 0x00,  // Line 101
        0x00, 0x00, 0x00, 0x00, 0x00, 0x0f, 0xff, 0xff, 0xc0, 0x00, 0x00, 0x00, 0x00, 0x00, 0x00, 0x00,  // Line 102
        0x00, 0x00, 0x00, 0x00, 0x00, 0x00, 0x07, 0xc0, 0x00, 0x00, 0x00, 0x00, 0x00, 0x00, 0x00, 0x00,  // Line 103
        0x00, 0x00, 0x00, 0x00, 0x00, 0x00, 0x00, 0x00, 0x00, 0x00, 0x00, 0x00, 0x00, 0x00, 0x00, 0x00,  // Line 104
        0x00, 0x00, 0x00, 0x00, 0x00, 0x00, 0x00, 0x00, 0x00, 0x00, 0x00, 0x00, 0x00, 0x00, 0x00, 0x00,  // Line 105
        0x1f, 0x00, 0x00, 0x00, 0x00, 0x00, 0x00, 0x00, 0x00, 0x00, 0x00, 0x00, 0x00, 0x00, 0x00, 0x00,  // Line 106
        0x78, 0x00, 0x00, 0x00, 0x00, 0x00, 0x00, 0x00, 0x00, 0x00, 0x00, 0x00, 0x00, 0x00, 0x00, 0x00,  // Line 107
        0xc0, 0x00, 0x00, 0x00, 0x00, 0x00, 0x00, 0x00, 0x00, 0x00, 0x00, 0x00, 0x00, 0x00, 0x00, 0x00,  // Line 108
        0x80, 0x00, 0x00, 0x00, 0x00, 0x00, 0x00, 0x00, 0x00, 0x00, 0x00, 0x00, 0x00, 0x00, 0x00, 0x00,  // Line 109
        0x00, 0x00, 0x00, 0x00, 0x00, 0x00, 0x00, 0x00, 0x00, 0x00, 0x00, 0x00, 0x00, 0x00, 0x00, 0x00,  // Line 110
        0x00, 0x00, 0x00, 0x00, 0x00, 0x00, 0x00, 0x00, 0x00, 0x00, 0x00, 0x00, 0x00, 0x00, 0x00, 0x00,  // Line 111
        0x00, 0x00, 0x00, 0x00, 0x00, 0x00, 0x00, 0x00, 0x00, 0x00, 0x00, 0x00, 0x00, 0x00, 0x00, 0x00,  // Line 112
        0x00, 0x00, 0x00, 0x00, 0x00, 0x00, 0x00, 0x00, 0x00, 0x00, 0x00, 0x00, 0x00, 0x00, 0x00, 0x00,  // Line 113
        0x00, 0x00, 0x00, 0x00, 0x00, 0x00, 0x00, 0x00, 0x00, 0x00, 0x00, 0x00, 0x00, 0x00, 0x00, 0x00,  // Line 114
        0x00, 0x00, 0x00, 0x00, 0x00, 0x00, 0x00, 0x00, 0x00, 0x00, 0x00, 0x00, 0x00, 0x00, 0x00, 0x00,  // Line 115
        0x00, 0x00, 0x00, 0x00, 0x00, 0x00, 0x00, 0x00, 0x00, 0x00, 0x00, 0x00, 0x00, 0x00, 0x00, 0x00,  // Line 116
        0x00, 0x00, 0x00, 0x00, 0x00, 0x00, 0x00, 0x00, 0x00, 0x00, 0x00, 0x00, 0x00, 0x00, 0x00, 0x00,  // Line 117
        0x00, 0x00, 0x00, 0x00, 0x00, 0x00, 0x00, 0x00, 0x00, 0x00, 0x00, 0x00, 0x00, 0x00, 0x00, 0x00,  // Line 118
        0x00, 0x00, 0x00, 0x00, 0x00, 0x00, 0x00, 0x00, 0x00, 0x00, 0x00, 0x00, 0x00, 0x00, 0x00, 0x00,  // Line 119
        0x00, 0x00, 0x00, 0x00, 0x00, 0x00, 0x00, 0x00, 0x00, 0x00, 0x00, 0x00, 0x00, 0x00, 0x00, 0x00,  // Line 120
        0x00, 0x00, 0x00, 0x00, 0x00, 0x00, 0x00, 0x00, 0x00, 0x00, 0x00, 0x00, 0x00, 0x00, 0x00, 0x00,  // Line 121
        0x00, 0x00, 0x00, 0x00, 0x00, 0x00, 0x00, 0x00, 0x00, 0x00, 0x00, 0x00, 0x00, 0x00, 0x00, 0x00,  // Line 122
        0x00, 0x00, 0x00, 0x00, 0x00, 0x00, 0x00, 0x00, 0x00, 0x00, 0x00, 0x00, 0x00, 0x00, 0x00, 0x00,  // Line 123
        0x00, 0x00, 0x00, 0x00, 0x00, 0x00, 0x00, 0x00, 0x00, 0x00, 0x00, 0x00, 0x00, 0x00, 0x00, 0x00,  // Line 124
        0x00, 0x00, 0x00, 0x00, 0x00, 0x00, 0x00, 0x00, 0x00, 0x00, 0x00, 0x00, 0x00, 0x00, 0x00, 0x00,  // Line 125
        0x00, 0x00, 0x00, 0x00, 0x00, 0x00, 0x00, 0x00, 0x00, 0x00, 0x00, 0x00, 0x00, 0x00, 0x00, 0x00,  // Line 126
        0x00, 0x00, 0x00, 0x00, 0x00, 0x00, 0x00, 0x00, 0x00, 0x00, 0x00, 0x00, 0x00, 0x00, 0x00, 0x00,  // Line 127
    },
    { /* Frame 11 */
        0x00, 0x00, 0x00, 0x00, 0x00, 0x00, 0x00, 0x00, 0xff, 0xff, 0xff, 0xff, 0xff, 0xff, 0xff, 0xff,  // Line 0
        0x00, 0x00, 0x00, 0x00, 0x00, 0x00, 0x00, 0x00, 0x0f, 0xfc, 0xff, 0xff, 0xff, 0xff, 0xff, 0xff,  // Line 1
        0x00, 0x00, 0x00, 0x00, 0x00, 0x00, 0x07, 0x00, 0x07, 0xf3, 0xff, 0xff, 0xff, 0xff, 0xff, 0xff,  // Line 2
        0x00, 0x00, 0x00, 0x00, 0x00, 0x00, 0x0e, 0x00, 0x0f, 0xc7, 0xff, 0xff, 0xff, 0xff, 0xff, 0xff,  // Line 3
        0x00, 0x00, 0x00, 0x00, 0x00, 0x03, 0x9c, 0x00, 0x7e, 0x1f, 0xff, 0xff, 0xff, 0xff, 0xff, 0xff,  // Line 4
        0x00, 0x00, 0x00, 0x00, 0x00, 0x03, 0xb8, 0x00, 0x00, 0x3f, 0xff, 0xff, 0xff, 0xff, 0xff, 0xff,  // Line 5
        0x00, 0x00, 0x00, 0x00, 0x00, 0x03, 0x70, 0x00, 0x04, 0xff, 0xff, 0xff, 0xff, 0xff, 0xff, 0xff,  // Line 6
        0x00, 0x00, 0x00, 0x00, 0x00, 0x81, 0xe0, 0x00, 0x89, 0xff, 0xff, 0xff, 0xff, 0xff, 0xff, 0xff,  // Line 7
        0x00, 0x00, 0x00, 0x00, 0x01, 0xf3, 0xff, 0xd0, 0x73, 0xff, 0xff, 0xff, 0xff, 0xff, 0xff, 0xff,  // Line 8
        0x00, 0x00, 0x00, 0x00, 0x03, 0xf3, 0xbf, 0xf8, 0x67, 0xff, 0xff, 0xff, 0xff, 0xff, 0xff, 0xff,  // Line 9
        0x00, 0x00, 0x00, 0x00, 0x0f, 0xff, 0x7f, 0xfc, 0x4f, 0xff, 0xff, 0xff, 0xff, 0xff, 0xff, 0xff,  // Line 10
        0x00, 0x00, 0x00, 0x00, 0x0f, 0xff, 0xff, 0xfc, 0x1f, 0xff, 0xff, 0xff, 0xff, 0xff, 0xff, 0xff,  // Line 11
        0x00, 0x00, 0x00, 0x00, 0x1f, 0xff, 0xe0, 0x1c, 0x3f, 0xff, 0x00, 0x7f, 0xff, 0xff, 0xff, 0xff,  // Line 12
        0x00, 0x00, 0x00, 0x00, 0x00, 0x7f, 0xc0, 0x06, 0x7f, 0xe0, 0x00, 0x7f, 0xff, 0xff, 0xff, 0xff,  // Line 13
        0x00, 0x00, 0x00, 0x00, 0x00, 0xff, 0x80, 0x00, 0xff, 0x00, 0x00, 0xff, 0xff, 0xff, 0xff, 0xff,  // Line 14
        0x00, 0x00, 0x00, 0x00, 0x03, 0xff, 0x80, 0x01, 0xfe, 0x00, 0x01, 0xff, 0xff, 0xff, 0xff, 0xff,  // Line 15
        0x00, 0x00, 0x00, 0x00, 0x07, 0xff, 0x80, 0x01, 0xf8, 0x00, 0x01, 0xff, 0xff, 0xff, 0xff, 0xff,  // Line 16
        0x00, 0x00, 0x00, 0x00, 0x0f, 0xff, 0x0f, 0xf3, 0xe0, 0x00, 0x03, 0xff, 0xff, 0xff, 0xff, 0xff,  // Line 17
        0x00, 0x00, 0x00, 0x00, 0x1f, 0xff, 0x0f, 0xf7, 0x0f, 0xff, 0x07, 0xff, 0xff, 0xff, 0xff, 0xff,  // Line 18
        0x00, 0x00, 0x00, 0x00, 0x1f, 0xff, 0x8f, 0xcc, 0x1f, 0xff, 0xc7, 0xff, 0xff, 0xff, 0xff, 0xff,  // Line 19
        0x00, 0x00, 0x00, 0x00, 0x3f, 0xff, 0x9f, 0xc2, 0x0f, 0xff, 0xcf, 0xff, 0xff, 0xff, 0xff, 0xff,  // Line 20
        0x00, 0x00, 0x00, 0x00, 0x3f, 0xff, 0x9e, 0x01, 0x0f, 0xff, 0xcf, 0xff, 0xff, 0xff, 0xff, 0xff,  // Line 21
        0x00, 0x00, 0x00, 0x00, 0x77, 0xff, 0x9c, 0x11, 0x0f, 0xff, 0xdf, 0xff, 0xff, 0xff, 0xff, 0xff,  // Line 22
        0x00, 0x00, 0x00, 0x00, 0x6f, 0xff, 0xdc, 0x19, 0x8f, 0xff, 0xdf, 0xff, 0xff, 0xff, 0xff, 0xff,  // Line 23
        0x00, 0x00, 0x00, 0x04, 0xcf, 0xff, 0xdc, 0x89, 0x87, 0xff, 0x9f, 0xff, 0xff, 0xff, 0xff, 0xff,  // Line 24
        0x00, 0x00, 0x00, 0x05, 0x9f, 0xff, 0xec, 0x41, 0x07, 0xff, 0xbf, 0xff, 0xff, 0xff, 0xff, 0xff,  // Line 25
        0x00, 0x00, 0x00, 0x08, 0x3f, 0xff, 0xf4, 0x89, 0x07, 0xff, 0x3f, 0xff, 0xff, 0xff, 0xff, 0xff,  // Line 26
        0x00, 0x00, 0x00, 0x00, 0x7f, 0xff, 0xf8, 0x73, 0x07, 0xff, 0x3f, 0xff, 0xff, 0xff, 0xff, 0xff,  // Line 27
        0x00, 0x00, 0x00, 0x00, 0x79, 0xff, 0xfc, 0x07, 0x07, 0xfd, 0x7f, 0xff, 0xfb, 0xff, 0xff, 0xff,  // Line 28
        0x00, 0x00, 0x00, 0x00, 0xfe, 0x3f, 0xfe, 0x8f, 0x03, 0xf9, 0x7f, 0xfe, 0x7b, 0xff, 0xff, 0xff,  // Line 29
        0x00, 0x00, 0x00, 0x01, 0xff, 0xcf, 0xfe, 0x7f, 0x03, 0xfa, 0x7f, 0xfc, 0xe3, 0xff, 0xff, 0xff,  // Line 30
        0x00, 0x00, 0x00, 0x03, 0xff, 0xf3, 0xfe, 0x3f, 0x03, 0xf6, 0x7f, 0xf9, 0x83, 0xff, 0xff, 0xff,  // Line 31
        0x00, 0x00, 0x00, 0x07, 0xff, 0xff, 0xff, 0x1f, 0x83, 0xf6, 0xff, 0xf1, 0x13, 0xff, 0xff, 0xff,  // Line 32
        0x00, 0x00, 0x00, 0x07, 0xff, 0xff, 0xff, 0xbf, 0xc1, 0xee, 0xff, 0xe2, 0x43, 0xff, 0xff, 0xff,  // Line 33
        0x00, 0x00, 0x00, 0x0f, 0xff, 0xff, 0xff, 0xff, 0xf9, 0xfe, 0xff, 0xc4, 0xc3, 0xff, 0xff, 0xff,  // Line 34
        0x00, 0x00, 0x00, 0x1f, 0xff, 0xff, 0xff, 0xff, 0xf8, 0xfc, 0xff, 0xa1, 0xc3, 0xff, 0xff, 0xff,  // Line 35
        0x00, 0x00, 0x00, 0x1f, 0xff, 0xff, 0xff, 0xf0, 0xfb, 0xfc, 0xff, 0x23, 0xc3, 0xff, 0xff, 0xff,  // Line 36
        0x00, 0x00, 0x00, 0x3f, 0xff, 0xff, 0xff, 0xfc, 0x7d, 0xfc, 0xfe, 0x47, 0xc3, 0xff, 0xff, 0xff,  // Line 37
        0x00, 0x00, 0x00, 0x3c, 0x01, 0xff, 0xff, 0xff, 0x3e, 0xf5, 0xfe, 0xcf, 0xc1, 0xff, 0xff, 0xff,  // Line 38
        0x00, 0x00, 0x00, 0x40, 0x3f, 0xff, 0xff, 0xff, 0xbf, 0x75, 0xfd, 0x9f, 0xc1, 0xff, 0xff, 0xff,  // Line 39
        0x00, 0x00, 0x00, 0x7f, 0xff, 0xff, 0xff, 0xff, 0xff, 0x35, 0xf9, 0xff, 0xc1, 0xff, 0xff, 0xff,  // Line 40
        0x00, 0x00, 0x00, 0xff, 0xff, 0xff, 0xff, 0xff, 0xff, 0xb5, 0xfb, 0xff, 0xe1, 0xff, 0xff, 0xff,  // Line 41
        0x00, 0x00, 0x00, 0xff, 0xff, 0xff, 0xff, 0xff, 0xff, 0x95, 0xf3, 0xff, 0xe3, 0xff, 0xff, 0xff,  // Line 42
        0x00, 0x00, 0x01, 0xff, 0xff, 0xff, 0xff, 0xff, 0xff, 0xc5, 0xf0, 0x1f, 0xe3, 0xff, 0xff, 0xff,  // Line 43
        0x00, 0x00, 0x03, 0xff, 0xff, 0xff, 0xff, 0xff, 0xfc, 0x61, 0xe0, 0x01, 0xe3, 0xff, 0xef, 0xff,  // Line 44
        0x00, 0x00, 0x03, 0xff, 0xff, 0xff, 0xff, 0xff, 0xfe, 0x61, 0xe0, 0x00, 0x03, 0xff, 0xef, 0xff,  // Line 45
        0x00, 0x00, 0x03, 0xff, 0xff, 0xff, 0xff, 0xff, 0xff, 0x21, 0xcf, 0x00, 0x03, 0xff, 0xcf, 0xff,  // Line 46
        0x00, 0x00, 0x07, 0xf1, 0xff, 0xff, 0xff, 0xff, 0xff, 0xa1, 0xdc, 0x00, 0x03, 0xff, 0xcf, 0xff,  // Line 47
        0x00, 0x00, 0x07, 0xc7, 0xff, 0xff, 0xff, 0xff, 0xff, 0x81, 0x90, 0x3e, 0x03, 0xff, 0x8f, 0xff,  // Line 48
        0x00, 0x00, 0x0f, 0xbf, 0xff, 0xff, 0xff, 0xff, 0xff, 0x80, 0x83, 0xff, 0x03, 0xff, 0x8f, 0xff,  // Line 49
        0x00, 0x00, 0x0e, 0x7f, 0xff, 0xff, 0xfb, 0xff, 0xff, 0xd0, 0x3f, 0xff, 0x83, 0xff, 0x07, 0xff,  // Line 50
        0x00, 0x00, 0x09, 0xff, 0xff, 0xff, 0xf9, 0xff, 0xff, 0xd0, 0x7f, 0xc3, 0xc3, 0xff, 0x07, 0xff,  // Line 51
        0x00, 0x00, 0x03, 0xff, 0xff, 0xff, 0xff, 0xff, 0xff, 0xd8, 0x7f, 0x21, 0xc3, 0xfe, 0x07, 0xff,  // Line 52
        0x00, 0x00, 0x17, 0xff, 0xff, 0x7f, 0xff, 0xff, 0xff, 0xcc, 0x7e, 0x10, 0xe3, 0xfe, 0x07, 0xff,  // Line 53
        0x00, 0x00, 0x1f, 0xff, 0xfe, 0xdf, 0xff, 0xff, 0xff, 0xee, 0x9e, 0x08, 0xe3, 0xfc, 0x83, 0xff,  // Line 54
        0x00, 0x00, 0x1f, 0xff, 0xff, 0xe7, 0xff, 0x9f, 0xff, 0xff, 0x8c, 0x44, 0x73, 0xfc, 0x83, 0xfe,  // Line 55
        0x00, 0x00, 0x1f, 0xff, 0xfb, 0xfb, 0xff, 0xdf, 0xff, 0xff, 0xc4, 0xa4, 0xf3, 0xf8, 0x03, 0xfe,  // Line 56
        0x00, 0x00, 0x1f, 0xff, 0xf3, 0xfc, 0xff, 0xff, 0xff, 0xff, 0xe0, 0x90, 0xf3, 0xfa, 0x03, 0xfe,  // Line 57
        0x00, 0x00, 0x3f, 0xff, 0xe0, 0xff, 0x7f, 0xff, 0xff, 0xff, 0xe0, 0x5c, 0xf3, 0xf6, 0x03, 0xfe,  // Line 58
        0x00, 0x00, 0x3f, 0xff, 0xc0, 0x7f, 0x9f, 0xff, 0xff, 0xff, 0xf2, 0x11, 0xf7, 0xfe, 0x01, 0xfe,  // Line 59
        0x00, 0x00, 0x3f, 0xff, 0xc0, 0x3f, 0xcf, 0xff, 0xff, 0xff, 0xff, 0x03, 0xf7, 0xee, 0x01, 0xfc,  // Line 60
        0x00, 0x00, 0x3f, 0xff, 0x80, 0x1f, 0xf7, 0xff, 0xff, 0xff, 0xff, 0xaf, 0xf7, 0xde, 0x01, 0xfc,  // Line 61
        0x00, 0x00, 0x3f, 0xff, 0x00, 0x07, 0xf9, 0xff, 0xff, 0xff, 0xff, 0xff, 0xc7, 0xbe, 0x01, 0xfc,  // Line 62
        0x00, 0x00, 0x3f, 0xfe, 0x00, 0x03, 0xfc, 0xff, 0xff, 0xff, 0xff, 0xef, 0x07, 0xbe, 0x01, 0xfc,  // Line 63
        0x00, 0x00, 0x3f, 0xfe, 0x00, 0x01, 0xff, 0x7f, 0xff, 0xff, 0xff, 0xf4, 0x0f, 0x7f, 0x01, 0xfc,  // Line 64
        0x00, 0x00, 0x3f, 0xfc, 0x00, 0x00, 0x7f, 0xbf, 0xff, 0xff, 0xff, 0xf8, 0x0e, 0xff, 0x30, 0xfc,  // Line 65
        0x00, 0x00, 0x3f, 0xfd, 0x80, 0x00, 0x3f, 0xdf, 0xff, 0xff, 0xdf, 0xff, 0x8d, 0xff, 0x70, 0xfc,  // Line 66
        0x00, 0x00, 0x3f, 0xfe, 0xc0, 0x00, 0x1f, 0xe7, 0xff, 0xff, 0xdf, 0xff, 0xeb, 0xfe, 0xf0, 0xf8,  // Line 67
        0x00, 0x00, 0x3f, 0xff, 0x60, 0x00, 0x0f, 0xf7, 0xff, 0xff, 0xef, 0xff, 0xdb, 0xfd, 0xf0, 0xf8,  // Line 68
        0x00, 0x00, 0x3f, 0xff, 0xb0, 0x00, 0x03, 0xfb, 0xff, 0xff, 0xe7, 0xff, 0xd7, 0xff, 0xf0, 0xf8,  // Line 69
        0x00, 0x00, 0x3f, 0xff, 0x98, 0x00, 0x01, 0xf9, 0xff, 0xff, 0xf7, 0xff, 0xcf, 0xff, 0xe0, 0xf8,  // Line 70
        0x00, 0x00, 0x3f, 0xff, 0xcc, 0x00, 0x00, 0xf9, 0xff, 0xff, 0xfb, 0xff, 0x9f, 0xef, 0xc0, 0xf8,  // Line 71
        0x00, 0x00, 0x3f, 0xff, 0xf6, 0x00, 0x00, 0x39, 0xff, 0xff, 0xfb, 0xff, 0xbf, 0xff, 0xb0, 0x78,  // Line 72
        0x00, 0x00, 0x3f, 0xff, 0xf3, 0x00, 0x00, 0x19, 0xff, 0xff, 0xfd, 0xff, 0xff, 0xfe, 0x78, 0x78,  // Line 73
        0x00, 0x00, 0x1f, 0xff, 0xfd, 0x80, 0x00, 0x09, 0xff, 0xff, 0xfc, 0xff, 0xff, 0xfc, 0x98, 0x78,  // Line 74
        0x00, 0x00, 0x1f, 0xff, 0xfe, 0xe0, 0x00, 0x03, 0xff, 0xf7, 0xfe, 0xff, 0xff, 0xf9, 0xc8, 0x78,  // Line 75
        0x00, 0x00, 0x1f, 0xff, 0xff, 0x70, 0x00, 0x03, 0xff, 0xf7, 0xff, 0x7f, 0xff, 0xf3, 0xd8, 0x78,  // Line 76
        0x00, 0x00, 0x1f, 0xff, 0xff, 0xb8, 0x00, 0x03, 0xff, 0xf7, 0xff, 0x7f, 0xf7, 0xef, 0x90, 0x78,  // Line 77
        0x00, 0x00, 0x1f, 0xff, 0xff, 0xdc, 0x00, 0x03, 0xff, 0xf3, 0xff, 0xbf, 0xef, 0xdf, 0xa0, 0x38,  // Line 78
        0x00, 0x00, 0x1f, 0xff, 0xff, 0xe6, 0x00, 0x07, 0xff, 0xfb, 0xff, 0xbf, 0xdf, 0xbf, 0x40, 0x38,  // Line 79
        0x00, 0x00, 0x1f, 0xff, 0xff, 0xf3, 0x80, 0x07, 0xff, 0xfb, 0xff, 0xdf, 0x3f, 0x7e, 0x00, 0x1c,  // Line 80
        0x00, 0x00, 0x1f, 0xff, 0xff, 0xfd, 0xc0, 0x07, 0xff, 0xfb, 0xff, 0xfe, 0x7e, 0x7c, 0x00, 0x1c,  // Line 81
        0x00, 0x00, 0x0f, 0xff, 0xff, 0xfe, 0xe0, 0x0f, 0xef, 0xf9, 0xff, 0xfd, 0xfc, 0x3c, 0x00, 0x0c,  // Line 82
        0x00, 0x00, 0x0f, 0xff, 0xff, 0xff, 0x30, 0x0f, 0xef, 0xf9, 0xff, 0xfb, 0xf1, 0x7c, 0x00, 0x04,  // Line 83
        0x00, 0x00, 0x07, 0xff, 0xff, 0xff, 0xdc, 0x1f, 0xef, 0xfd, 0xff, 0xf7, 0xe2, 0x78, 0x00, 0x04,  // Line 84
        0x00, 0x00, 0x07, 0xff, 0xff, 0xff, 0xee, 0x3f, 0xcf, 0xfd, 0xff, 0xcf, 0xc4, 0xf0, 0x00, 0x00,  // Line 85
        0x00, 0x00, 0x03, 0xff, 0xff, 0xff, 0xff, 0xff, 0xcf, 0xfd, 0xff, 0x9f, 0x91, 0xe0, 0x00, 0x00,  // Line 86
        0x00, 0x00, 0x03, 0xff, 0xff, 0xff, 0xff, 0xff, 0xdf, 0xfd, 0xff, 0x3c, 0x23, 0x80, 0x00, 0x00,  // Line 87
        0x00, 0x00, 0x01, 0xff, 0xff, 0xff, 0xff, 0xff, 0xdf, 0xfe, 0xfc, 0x40, 0x0f, 0x00, 0x00, 0x00,  // Line 88
        0x00, 0x00, 0x00, 0xff, 0xff, 0xff, 0xff, 0xff, 0xdf, 0xff, 0xf9, 0xa0, 0x3c, 0x00, 0x00, 0x00,  // Line 89
        0x00, 0x00, 0x00, 0x7f, 0xff, 0xff, 0xff, 0xff, 0x9f, 0xff, 0xf0, 0xf9, 0xe0, 0x00, 0x00, 0x00,  // Line 90
        0x00, 0x00, 0x00, 0x7f, 0xff, 0xff, 0xff, 0xff, 0x9f, 0xff, 0xc7, 0xf3, 0x00, 0x00, 0x00, 0x00,  // Line 91
        0x00, 0x00, 0x00, 0x3f, 0xff, 0xff, 0xff, 0xff, 0xbf, 0xff, 0x8f, 0xf0, 0x00, 0x00, 0x00, 0x00,  // Line 92
        0x00, 0x00, 0x00, 0x0f, 0xff, 0xff, 0xff, 0xff, 0xbf, 0xfe, 0x1f, 0x80, 0x00, 0x00, 0x00, 0x00,  // Line 93
        0x00, 0x00, 0x00, 0x07, 0xff, 0xff, 0xff, 0xff, 0x3f, 0xf8, 0x04, 0x00, 0x00, 0x00, 0x00, 0x00,  // Line 94
        0x00, 0x00, 0x00, 0x03, 0xff, 0xff, 0xff, 0xff, 0x7f, 0xe0, 0x00, 0x00, 0x00, 0x00, 0x00, 0x00,  // Line 95
        0x00, 0x00, 0x00, 0x01, 0xff, 0xff, 0xff, 0xff, 0x7f, 0x80, 0x00, 0x00, 0x00, 0x00, 0x00, 0x00,  // Line 96
        0x00, 0x00, 0x00, 0x00, 0x7f, 0xff, 0xff, 0xfe, 0xfe, 0x00, 0x00, 0x00, 0x00, 0x00, 0x00, 0x00,  // Line 97
        0x00, 0x00, 0x00, 0x00, 0x3f, 0xff, 0xff, 0xff, 0xf8, 0x00, 0x00, 0x00, 0x00, 0x00, 0x00, 0x00,  // Line 98
        0x00, 0x00, 0x00, 0x00, 0x07, 0xff, 0xff, 0xff, 0xc0, 0x00, 0x00, 0x00, 0x00, 0x00, 0x00, 0x00,  // Line 99
        0x00, 0x00, 0x00, 0x00, 0x00, 0xff, 0xff, 0xfc, 0x00, 0x00, 0x00, 0x00, 0x00, 0x00, 0x00, 0x00,  // Line 100
        0x00, 0x00, 0x00, 0x00, 0x00, 0x00, 0x00, 0x00, 0x00, 0x00, 0x00, 0x00, 0x00, 0x00, 0x00, 0x00,  // Line 101
        0x00, 0x10, 0x00, 0x00, 0x00, 0x00, 0x00, 0x00, 0x00, 0x00, 0x00, 0x00, 0x00, 0x00, 0x00, 0x00,  // Line 102
        0x00, 0xf0, 0x00, 0x00, 0x00, 0x00, 0x00, 0x00, 0x00, 0x00, 0x00, 0x00, 0x00, 0x00, 0x00, 0x00,  // Line 103
        0x03, 0x80, 0x00, 0x00, 0x00, 0x00, 0x00, 0x00, 0x00, 0x00, 0x00, 0x00, 0x00, 0x00, 0x00, 0x00,  // Line 104
        0x02, 0x00, 0x00, 0x00, 0x00, 0x00, 0x00, 0x00, 0x00, 0x00, 0x00, 0x00, 0x00, 0x00, 0x00, 0x00,  // Line 105
        0x04, 0x00, 0x00, 0x00, 0x00, 0x00, 0x00, 0x00, 0x00, 0x00, 0x00, 0x00, 0x00, 0x00, 0x00, 0x00,  // Line 106
        0x00, 0x00, 0x00, 0x00, 0x00, 0x00, 0x00, 0x00, 0x00, 0x00, 0x00, 0x00, 0x00, 0x00, 0x00, 0x00,  // Line 107
        0x00, 0x00, 0x00, 0x00, 0x00, 0x00, 0x00, 0x00, 0x00, 0x00, 0x00, 0x00, 0x00, 0x00, 0x00, 0x00,  // Line 108
        0x00, 0x00, 0x00, 0x00, 0x00, 0x00, 0x00, 0x00, 0x00, 0x00, 0x00, 0x00, 0x00, 0x00, 0x00, 0x00,  // Line 109
        0x40, 0x00, 0x00, 0x00, 0x00, 0x00, 0x00, 0x00, 0x00, 0x00, 0x00, 0x00, 0x00, 0x00, 0x00, 0x00,  // Line 110
        0xc0, 0x00, 0x00, 0x00, 0x00, 0x00, 0x00, 0x00, 0x00, 0x00, 0x00, 0x00, 0x00, 0x00, 0x00, 0x00,  // Line 111
        0x80, 0x00, 0x00, 0x00, 0x00, 0x00, 0x00, 0x00, 0x00, 0x00, 0x00, 0x00, 0x00, 0x00, 0x00, 0x00,  // Line 112
        0x00, 0x00, 0x00, 0x00, 0x00, 0x00, 0x00, 0x00, 0x00, 0x00, 0x00, 0x00, 0x00, 0x00, 0x00, 0x00,  // Line 113
        0x00, 0x00, 0x00, 0x00, 0x00, 0x00, 0x00, 0x00, 0x00, 0x00, 0x00, 0x00, 0x00, 0x00, 0x00, 0x00,  // Line 114
        0x00, 0x00, 0x00, 0x00, 0x00, 0x00, 0x00, 0x00, 0x00, 0x00, 0x00, 0x00, 0x00, 0x00, 0x00, 0x00,  // Line 115
        0x00, 0x00, 0x00, 0x00, 0x00, 0x00, 0x00, 0x00, 0x00, 0x00, 0x00, 0x00, 0x00, 0x00, 0x00, 0x00,  // Line 116
        0x00, 0x00, 0x00, 0x00, 0x00, 0x00, 0x00, 0x00, 0x00, 0x00, 0x00, 0x00, 0x00, 0x00, 0x00, 0x00,  // Line 117
        0x00, 0x00, 0x00, 0x00, 0x00, 0x00, 0x00, 0x00, 0x00, 0x00, 0x00, 0x00, 0x00, 0x00, 0x00, 0x00,  // Line 118
        0x00, 0x00, 0x00, 0x00, 0x00, 0x00, 0x00, 0x00, 0x00, 0x00, 0x00, 0x00, 0x00, 0x00, 0x00, 0x00,  // Line 119
        0x00, 0x00, 0x00, 0x00, 0x00, 0x00, 0x00, 0x00, 0x00, 0x00, 0x00, 0x00, 0x00, 0x00, 0x00, 0x00,  // Line 120
        0x00, 0x00, 0x00, 0x00, 0x00, 0x00, 0x00, 0x00, 0x00, 0x00, 0x00, 0x00, 0x00, 0x00, 0x00, 0x00,  // Line 121
        0x00, 0x00, 0x00, 0x00, 0x00, 0x00, 0x00, 0x00, 0x00, 0x00, 0x00, 0x00, 0x00, 0x00, 0x00, 0x00,  // Line 122
        0x00, 0x00, 0x00, 0x00, 0x00, 0x00, 0x00, 0x00, 0x00, 0x00, 0x00, 0x00, 0x00, 0x00, 0x00, 0x00,  // Line 123
        0x00, 0x00, 0x00, 0x00, 0x00, 0x00, 0x00, 0x00, 0x00, 0x00, 0x00, 0x00, 0x00, 0x00, 0x00, 0x00,  // Line 124
        0x00, 0x00, 0x00, 0x00, 0x00, 0x00, 0x00, 0x00, 0x00, 0x00, 0x00, 0x00, 0x00, 0x00, 0x00, 0x00,  // Line 125
        0x00, 0x00, 0x00, 0x00, 0x00, 0x00, 0x00, 0x00, 0x00, 0x00, 0x00, 0x00, 0x00, 0x00, 0x00, 0x00,  // Line 126
        0x00, 0x00, 0x00, 0x00, 0x00, 0x00, 0x00, 0x00, 0x00, 0x00, 0x00, 0x00, 0x00, 0x00, 0x00, 0x00,  // Line 127
    },
    { /* Frame 12 */
        0x00, 0x00, 0x00, 0x00, 0x00, 0x01, 0xff, 0xff, 0xff, 0xff, 0xff, 0xff, 0xff, 0xff, 0xff, 0xff,  // Line 0
        0x00, 0x00, 0x00, 0x00, 0x00, 0x00, 0xff, 0xff, 0xff, 0xff, 0xff, 0xff, 0xff, 0xff, 0xff, 0xff,  // Line 1
        0x00, 0x00, 0x00, 0x00, 0x00, 0x00, 0x7f, 0xff, 0xff, 0xff, 0xff, 0xff, 0xff, 0xff, 0xff, 0xff,  // Line 2
        0x00, 0x00, 0x00, 0x00, 0x00, 0x00, 0x3f, 0xff, 0xff, 0xff, 0xff, 0xff, 0xff, 0xff, 0xff, 0xff,  // Line 3
        0x00, 0x00, 0x00, 0x00, 0x00, 0x00, 0x1f, 0xff, 0xff, 0xff, 0xff, 0xff, 0xff, 0xff, 0xff, 0xff,  // Line 4
        0x00, 0x00, 0x00, 0x00, 0x00, 0x00, 0x07, 0xff, 0xff, 0xff, 0xff, 0xff, 0xff, 0xff, 0xff, 0xff,  // Line 5
        0x00, 0x00, 0x00, 0x00, 0x00, 0x00, 0x03, 0xff, 0xff, 0xff, 0xff, 0xff, 0xff, 0xff, 0xff, 0xff,  // Line 6
        0x00, 0x00, 0x00, 0x00, 0x00, 0x00, 0x00, 0xff, 0xff, 0xff, 0xff, 0xff, 0xff, 0xff, 0xff, 0xff,  // Line 7
        0x00, 0x00, 0x00, 0x00, 0x00, 0x00, 0x00, 0x7f, 0xff, 0xff, 0xff, 0xff, 0xff, 0xff, 0xff, 0xff,  // Line 8
        0x00, 0x00, 0x00, 0x00, 0x00, 0x00, 0x00, 0x1f, 0xff, 0xff, 0xff, 0xff, 0xff, 0xff, 0xff, 0xff,  // Line 9
        0x00, 0x00, 0x00, 0x00, 0x00, 0x00, 0x00, 0x07, 0xff, 0xff, 0xff, 0xff, 0xff, 0xff, 0xff, 0xff,  // Line 10
        0x00, 0x00, 0x00, 0x00, 0x00, 0x00, 0x00, 0x01, 0xff, 0xff, 0xff, 0xff, 0xff, 0xff, 0xff, 0xff,  // Line 11
        0x00, 0x00, 0x00, 0x00, 0x00, 0x00, 0x00, 0x00, 0x3f, 0xff, 0xff, 0xff, 0xff, 0xff, 0xff, 0xff,  // Line 12
        0x00, 0x00, 0x00, 0x00, 0x00, 0x00, 0x3c, 0x00, 0xff, 0xff, 0xff, 0xff, 0xff, 0xff, 0xff, 0xff,  // Line 13
        0x00, 0x00, 0x00, 0x00, 0x00, 0x00, 0x3a, 0x07, 0xff, 0xff, 0xff, 0xff, 0xff, 0xff, 0xff, 0xff,  // Line 14
        0x00, 0x00, 0x00, 0x00, 0x00, 0x00, 0x16, 0x3f, 0xff, 0xff, 0xff, 0xff, 0xff, 0xff, 0xff, 0xff,  // Line 15
        0x00, 0x00, 0x00, 0x00, 0x00, 0x04, 0x0c, 0xff, 0xff, 0xff, 0xff, 0xff, 0xff, 0xff, 0xff, 0xff,  // Line 16
        0x00, 0x00, 0x00, 0x00, 0x00, 0x0f, 0x97, 0xff, 0xff, 0xff, 0xff, 0xff, 0xff, 0xff, 0xff, 0xff,  // Line 17
        0x00, 0x00, 0x00, 0x00, 0x00, 0x1f, 0x0f, 0xff, 0xff, 0xff, 0xff, 0xff, 0xff, 0xff, 0xff, 0xff,  // Line 18
        0x00, 0x00, 0x00, 0x00, 0x00, 0x3e, 0x3f, 0xff, 0xff, 0xff, 0xff, 0xff, 0xff, 0xff, 0xff, 0xff,  // Line 19
        0x00, 0x00, 0x00, 0x00, 0x00, 0x7c, 0x03, 0xff, 0xff, 0xff, 0xff, 0xff, 0xff, 0xff, 0xff, 0xff,  // Line 20
        0x00, 0x00, 0x00, 0x00, 0x00, 0xf8, 0x00, 0x03, 0xff, 0xff, 0xff, 0xff, 0xff, 0xff, 0xff, 0xff,  // Line 21
        0x00, 0x00, 0x00, 0x00, 0x00, 0x0f, 0x98, 0x00, 0x00, 0x00, 0x07, 0xff, 0xff, 0xff, 0xff, 0xff,  // Line 22
        0x00, 0x00, 0x00, 0x00, 0x00, 0x1f, 0xf8, 0x00, 0x00, 0x00, 0x07, 0xff, 0xff, 0xff, 0xff, 0xff,  // Line 23
        0x00, 0x00, 0x00, 0x00, 0x00, 0x3f, 0xf0, 0x00, 0x00, 0x00, 0x0f, 0xff, 0xff, 0xff, 0xff, 0xff,  // Line 24
        0x00, 0x00, 0x00, 0x00, 0x00, 0x7f, 0xf0, 0x00, 0x00, 0x00, 0x1f, 0xff, 0xff, 0xff, 0xff, 0xff,  // Line 25
        0x00, 0x00, 0x00, 0x00, 0x00, 0x7f, 0xf0, 0x00, 0x04, 0x00, 0x7f, 0xff, 0xff, 0xff, 0xff, 0xff,  // Line 26
        0x00, 0x00, 0x00, 0x00, 0x00, 0x7f, 0xf1, 0xfe, 0x07, 0xc4, 0xff, 0xff, 0xff, 0xff, 0xff, 0xff,  // Line 27
        0x00, 0x00, 0x00, 0x00, 0x00, 0x7f, 0xf1, 0xff, 0x07, 0xf9, 0xff, 0xff, 0xff, 0xff, 0xff, 0xff,  // Line 28
        0x00, 0x00, 0x00, 0x00, 0x00, 0xff, 0xf1, 0xfb, 0x07, 0xf3, 0xff, 0xff, 0xff, 0xff, 0xff, 0xff,  // Line 29
        0x00, 0x00, 0x00, 0x00, 0x01, 0xff, 0xf3, 0xc0, 0x87, 0xe7, 0xff, 0xff, 0xff, 0xff, 0xff, 0xff,  // Line 30
        0x00, 0x00, 0x00, 0x00, 0x03, 0xff, 0xf3, 0x98, 0x07, 0xcf, 0xff, 0xff, 0xff, 0xff, 0xff, 0xff,  // Line 31
        0x00, 0x00, 0x00, 0x00, 0x07, 0xff, 0xf3, 0x88, 0x47, 0x9f, 0xff, 0xff, 0xff, 0xff, 0xff, 0xff,  // Line 32
        0x00, 0x00, 0x00, 0x00, 0x07, 0xff, 0xf3, 0x24, 0x47, 0x7f, 0xff, 0xff, 0xff, 0xff, 0xff, 0xff,  // Line 33
        0x00, 0x00, 0x00, 0x00, 0x0f, 0xff, 0xfb, 0x22, 0x46, 0xff, 0xff, 0xff, 0xff, 0xff, 0xff, 0xff,  // Line 34
        0x00, 0x00, 0x00, 0x00, 0x05, 0xff, 0xfd, 0x22, 0x41, 0xff, 0xff, 0xff, 0xff, 0xff, 0xff, 0xff,  // Line 35
        0x00, 0x00, 0x00, 0x00, 0x01, 0xff, 0xff, 0x24, 0x43, 0xff, 0xff, 0xff, 0xff, 0xff, 0xff, 0xff,  // Line 36
        0x00, 0x00, 0x00, 0x00, 0x03, 0xff, 0xff, 0x00, 0xc7, 0xff, 0xff, 0xff, 0xff, 0xff, 0xff, 0xff,  // Line 37
        0x00, 0x00, 0x00, 0x00, 0x07, 0xff, 0xff, 0x01, 0x9f, 0xff, 0xff, 0xff, 0xff, 0xff, 0xff, 0xff,  // Line 38
        0x00, 0x00, 0x00, 0x00, 0x07, 0xfc, 0xff, 0x87, 0xff, 0xff, 0xff, 0xbf, 0xff, 0xff, 0xff, 0xff,  // Line 39
        0x00, 0x00, 0x00, 0x00, 0x0f, 0xff, 0x7f, 0x9f, 0xff, 0xff, 0xfe, 0x7f, 0xff, 0xff, 0xff, 0xff,  // Line 40
        0x00, 0x00, 0x00, 0x00, 0x1f, 0xff, 0xff, 0x8f, 0xff, 0xff, 0xf9, 0xff, 0xfe, 0x7f, 0xff, 0xff,  // Line 41
        0x00, 0x00, 0x00, 0x00, 0x1f, 0xff, 0xff, 0xc3, 0xff, 0xff, 0xb7, 0xff, 0xc0, 0xff, 0xff, 0xff,  // Line 42
        0x00, 0x00, 0x00, 0x00, 0x3f, 0xff, 0xff, 0xe7, 0xff, 0xfe, 0x2f, 0xfc, 0x00, 0xff, 0xff, 0xff,  // Line 43
        0x00, 0x00, 0x00, 0x00, 0x7f, 0xff, 0xff, 0xcf, 0xf0, 0x7f, 0x1f, 0xc0, 0x01, 0xff, 0xff, 0xff,  // Line 44
        0x00, 0x00, 0x00, 0x00, 0x7f, 0xff, 0xff, 0xf3, 0xf3, 0xfd, 0x7f, 0xff, 0xc1, 0xff, 0xff, 0xff,  // Line 45
        0x00, 0x00, 0x00, 0x00, 0xff, 0xff, 0xff, 0xff, 0x7f, 0xfe, 0x7f, 0xff, 0xe1, 0xff, 0xff, 0xff,  // Line 46
        0x00, 0x00, 0x00, 0x00, 0xff, 0xff, 0xff, 0xff, 0xbe, 0xf8, 0x7f, 0xff, 0xc3, 0xff, 0xff, 0xff,  // Line 47
        0x00, 0x00, 0x00, 0x01, 0xff, 0xff, 0xff, 0xff, 0x9e, 0x73, 0xff, 0xff, 0xc3, 0xff, 0xff, 0xff,  // Line 48
        0x00, 0x00, 0x00, 0x01, 0xff, 0xff, 0xff, 0xff, 0x9f, 0x67, 0xff, 0xff, 0xc3, 0xff, 0xff, 0xff,  // Line 49
        0x00, 0x00, 0x00, 0x03, 0xff, 0xff, 0xff, 0xff, 0xff, 0xb5, 0xff, 0xff, 0xc7, 0xff, 0xff, 0xff,  // Line 50
        0x00, 0x00, 0x00, 0x03, 0xff, 0xff, 0xff, 0xff, 0xff, 0xb0, 0x00, 0xff, 0xc7, 0xff, 0xff, 0xff,  // Line 51
        0x00, 0x00, 0x00, 0x07, 0xff, 0xff, 0xff, 0xff, 0xff, 0xd0, 0x00, 0x01, 0xe7, 0xff, 0xff, 0xff,  // Line 52
        0x00, 0x00, 0x00, 0x07, 0xff, 0xff, 0xff, 0xff, 0xfc, 0xd0, 0x00, 0x00, 0x0f, 0xff, 0xff, 0xff,  // Line 53
        0x00, 0x00, 0x00, 0x07, 0xff, 0xff, 0xff, 0xff, 0xfe, 0x70, 0x00, 0x00, 0x0f, 0xff, 0xff, 0xff,  // Line 54
        0x00, 0x00, 0x00, 0x0f, 0xff, 0xff, 0xff, 0xff, 0xff, 0xb0, 0x00, 0x00, 0x0f, 0xff, 0x7f, 0xff,  // Line 55
        0x00, 0x00, 0x00, 0x0f, 0xff, 0xff, 0xff, 0xff, 0xff, 0xb0, 0x00, 0x3e, 0x1f, 0xfe, 0x7f, 0xff,  // Line 56
        0x00, 0x00, 0x00, 0x0f, 0x9f, 0xff, 0xff, 0xff, 0xff, 0xb0, 0x31, 0xfd, 0x1f, 0xfe, 0x7f, 0xff,  // Line 57
        0x00, 0x00, 0x00, 0x1e, 0x7f, 0xff, 0xfe, 0xff, 0xff, 0xd8, 0x7f, 0x83, 0x9f, 0xfc, 0x7f, 0xff,  // Line 58
        0x00, 0x00, 0x00, 0x19, 0xff, 0xff, 0xfe, 0xff, 0xff, 0xdc, 0xff, 0x21, 0x9f, 0xf8, 0x3f, 0xff,  // Line 59
        0x00, 0x00, 0x00, 0x17, 0xff, 0xff, 0xff, 0xff, 0xff, 0xdf, 0xfe, 0x68, 0x9f, 0xf8, 0x3f, 0xff,  // Line 60
        0x00, 0x00, 0x00, 0x1f, 0xff, 0xeb, 0xff, 0xff, 0xff, 0xdf, 0xfe, 0x04, 0xdf, 0xf0, 0x3f, 0xfb,  // Line 61
        0x00, 0x00, 0x00, 0x1f, 0xff, 0xfd, 0xff, 0xef, 0xff, 0xff, 0xde, 0x0c, 0xff, 0xf0, 0x1f, 0xfb,  // Line 62
        0x00, 0x00, 0x00, 0x3f, 0xff, 0xbf, 0x7f, 0xe7, 0xff, 0xff, 0xce, 0x44, 0xff, 0xe0, 0x1f, 0xfb,  // Line 63
        0x00, 0x00, 0x00, 0x3f, 0xff, 0x3f, 0xbf, 0xff, 0xff, 0xff, 0xe2, 0x64, 0xff, 0xe0, 0x0f, 0xfb,  // Line 64
        0x00, 0x00, 0x00, 0x3f, 0xff, 0x1f, 0xef, 0xff, 0xff, 0xff, 0xe0, 0x30, 0xff, 0xd8, 0x0f, 0xfb,  // Line 65
        0x00, 0x00, 0x00, 0x3f, 0xfe, 0x0f, 0xf3, 0xff, 0xff, 0xff, 0xfe, 0x01, 0xff, 0xf0, 0x0f, 0xf9,  // Line 66
        0x00, 0x00, 0x00, 0x3f, 0xfc, 0x03, 0xfd, 0xff, 0xff, 0xff, 0xff, 0x03, 0xff, 0xb0, 0x07, 0xf8,  // Line 67
        0x00, 0x00, 0x00, 0x3f, 0xfc, 0x01, 0xfe, 0x7f, 0xff, 0xff, 0xff, 0xbf, 0xbf, 0xf8, 0x07, 0xf8,  // Line 68
        0x00, 0x00, 0x00, 0x3f, 0xf8, 0x00, 0xff, 0xbf, 0xff, 0xff, 0xff, 0xff, 0x3f, 0x78, 0x03, 0xf8,  // Line 69
        0x00, 0x00, 0x00, 0x3f, 0xf0, 0x00, 0x7f, 0xcf, 0xff, 0xff, 0xff, 0xfe, 0x3f, 0xf8, 0x03, 0xf8,  // Line 70
        0x00, 0x00, 0x00, 0x3f, 0xe0, 0x00, 0x1f, 0xf7, 0xff, 0xff, 0xff, 0xf0, 0x3f, 0xfc, 0x03, 0xf8,  // Line 71
        0x00, 0x00, 0x00, 0x3f, 0xe0, 0x00, 0x0f, 0xfb, 0xff, 0xff, 0xff, 0xfc, 0x3f, 0xfc, 0x81, 0xf8,  // Line 72
        0x00, 0x00, 0x00, 0x3f, 0xcc, 0x00, 0x03, 0xfd, 0xff, 0xff, 0xcf, 0xff, 0xbf, 0xfd, 0xc1, 0xf8,  // Line 73
        0x00, 0x00, 0x00, 0x3f, 0x90, 0x00, 0x01, 0xfe, 0x7f, 0xff, 0xef, 0xff, 0x3f, 0xfb, 0xe1, 0xf8,  // Line 74
        0x00, 0x00, 0x00, 0x3f, 0x80, 0x00, 0x00, 0xff, 0x7f, 0xff, 0xf7, 0xff, 0x3f, 0xf7, 0xe0, 0xf8,  // Line 75
        0x00, 0x00, 0x00, 0x3f, 0x10, 0x00, 0x00, 0x3f, 0x3f, 0xff, 0xfb, 0xff, 0xbf, 0xff, 0x90, 0xf8,  // Line 76
        0x00, 0x00, 0x00, 0x3f, 0x00, 0x00, 0x00, 0x1f, 0x3f, 0xff, 0xf9, 0xff, 0xbf, 0xbf, 0x08, 0xf8,  // Line 77
        0x00, 0x00, 0x00, 0x3e, 0x40, 0x00, 0x00, 0x0f, 0x3f, 0xff, 0xfc, 0xff, 0xbf, 0x7f, 0x60, 0xf8,  // Line 78
        0x00, 0x00, 0x00, 0x3c, 0x80, 0x00, 0x00, 0x03, 0x7f, 0xff, 0xfe, 0xff, 0xbe, 0xfe, 0xe4, 0xf0,  // Line 79
        0x00, 0x00, 0x00, 0x3c, 0x00, 0x00, 0x00, 0x00, 0x7f, 0xff, 0xff, 0x7f, 0xbd, 0xf9, 0xe4, 0xf0,  // Line 80
        0x00, 0x00, 0x00, 0x39, 0x00, 0x00, 0x00, 0x00, 0x7f, 0xf3, 0xff, 0xbf, 0xff, 0xfb, 0xe8, 0x70,  // Line 81
        0x00, 0x00, 0x00, 0x3a, 0x00, 0x00, 0x00, 0x00, 0xff, 0xfb, 0xff, 0x9f, 0xe7, 0xe7, 0xc8, 0x70,  // Line 82
        0x00, 0x00, 0x00, 0x3a, 0x00, 0x00, 0x00, 0x00, 0xff, 0xff, 0xff, 0xdf, 0xcf, 0xcf, 0x90, 0x70,  // Line 83
        0x00, 0x00, 0x00, 0x3b, 0x00, 0x00, 0x00, 0x00, 0xff, 0xfd, 0xff, 0xef, 0x9f, 0x9f, 0xe0, 0x50,  // Line 84
        0x00, 0x00, 0x00, 0x3b, 0x00, 0x00, 0x00, 0x01, 0xff, 0xfd, 0xff, 0xf7, 0x9f, 0x1f, 0xc0, 0x40,  // Line 85
        0x00, 0x00, 0x00, 0x3f, 0x80, 0x00, 0x00, 0x01, 0xff, 0xfe, 0xff, 0xff, 0x7e, 0x5f, 0x80, 0x00,  // Line 86
        0x00, 0x00, 0x00, 0x3d, 0xc0, 0x00, 0x00, 0x03, 0xff, 0xfe, 0xff, 0xfc, 0xfc, 0x9f, 0x00, 0x00,  // Line 87
        0x00, 0x00, 0x00, 0x1e, 0xe0, 0x00, 0x00, 0x03, 0xff, 0xfe, 0x7f, 0xf9, 0xf9, 0x3c, 0x00, 0x00,  // Line 88
        0x00, 0x00, 0x00, 0x1f, 0x70, 0x00, 0x00, 0x07, 0xfb, 0xff, 0x7f, 0xf3, 0xc0, 0x78, 0x00, 0x00,  // Line 89
        0x00, 0x00, 0x00, 0x1f, 0xb8, 0x00, 0x00, 0x07, 0xfb, 0xff, 0x7f, 0xe7, 0x00, 0xf0, 0x00, 0x00,  // Line 90
        0x00, 0x00, 0x00, 0x1f, 0xdc, 0x00, 0x00, 0x0f, 0xfb, 0xff, 0xbf, 0xc8, 0x03, 0xc0, 0x00, 0x00,  // Line 91
        0x00, 0x00, 0x00, 0x1f, 0xef, 0x00, 0x00, 0x1f, 0xfb, 0xff, 0xbf, 0x81, 0xdf, 0x00, 0x00, 0x00,  // Line 92
        0x00, 0x00, 0x00, 0x0f, 0xf7, 0x80, 0x00, 0x3f, 0xfb, 0xff, 0xfe, 0x1f, 0xf8, 0x00, 0x00, 0x00,  // Line 93
        0x00, 0x00, 0x00, 0x0f, 0xfb, 0xe0, 0x00, 0x7f, 0xfb, 0xff, 0xf8, 0x7f, 0x80, 0x00, 0x00, 0x00,  // Line 94
        0x00, 0x00, 0x00, 0x07, 0xfc, 0xf0, 0x00, 0xff, 0xfb, 0xff, 0xf0, 0xf8, 0x00, 0x00, 0x00, 0x00,  // Line 95
        0x00, 0x00, 0x00, 0x03, 0xff, 0x7c, 0x01, 0xff, 0xfb, 0xff, 0xc0, 0x00, 0x00, 0x00, 0x00, 0x00,  // Line 96
        0x00, 0x00, 0x00, 0x01, 0xff, 0x9f, 0x03, 0xff, 0xfb, 0xff, 0x00, 0x00, 0x00, 0x00, 0x00, 0x00,  // Line 97
        0x00, 0x00, 0x00, 0x00, 0xff, 0xef, 0x8f, 0xff, 0xfb, 0xfc, 0x00, 0x00, 0x00, 0x00, 0x00, 0x00,  // Line 98
        0x00, 0x00, 0x00, 0x00, 0x3f, 0xf3, 0x3f, 0xff, 0xfb, 0xf0, 0x00, 0x00, 0x00, 0x00, 0x00, 0x00,  // Line 99
        0x00, 0x00, 0x00, 0x00, 0x1f, 0xff, 0xff, 0xff, 0xff, 0xc0, 0x00, 0x00, 0x00, 0x00, 0x00, 0x00,  // Line 100
        0x00, 0x00, 0x00, 0x00, 0x0f, 0xff, 0xff, 0xff, 0xfe, 0x00, 0x00, 0x00, 0x00, 0x00, 0x00, 0x00,  // Line 101
        0x00, 0x00, 0x00, 0x00, 0x03, 0xdf, 0xff, 0xff, 0xf0, 0x00, 0x00, 0x00, 0x00, 0x00, 0x00, 0x00,  // Line 102
        0x00, 0x00, 0x04, 0x00, 0x00, 0xdf, 0xff, 0xfe, 0x00, 0x00, 0x00, 0x00, 0x00, 0x00, 0x00, 0x00,  // Line 103
        0x00, 0x00, 0x1c, 0x00, 0x00, 0x00, 0x02, 0x00, 0x00, 0x00, 0x00, 0x00, 0x00, 0x00, 0x00, 0x00,  // Line 104
        0x00, 0x00, 0x30, 0x00, 0x00, 0x00, 0x00, 0x00, 0x00, 0x00, 0x00, 0x00, 0x00, 0x00, 0x00, 0x00,  // Line 105
        0x00, 0x00, 0x40, 0x00, 0x00, 0x00, 0x00, 0x00, 0x00, 0x00, 0x00, 0x00, 0x00, 0x00, 0x00, 0x00,  // Line 106
        0x00, 0x00, 0x00, 0x00, 0x00, 0x00, 0x00, 0x00, 0x00, 0x00, 0x00, 0x00, 0x00, 0x00, 0x00, 0x00,  // Line 107
        0x00, 0x00, 0x00, 0x00, 0x00, 0x00, 0x00, 0x00, 0x00, 0x00, 0x00, 0x00, 0x00, 0x00, 0x00, 0x00,  // Line 108
        0x00, 0x00, 0x00, 0x00, 0x00, 0x00, 0x00, 0x00, 0x00, 0x00, 0x00, 0x00, 0x00, 0x00, 0x00, 0x00,  // Line 109
        0x00, 0x04, 0x00, 0x00, 0x00, 0x00, 0x00, 0x00, 0x00, 0x00, 0x00, 0x00, 0x00, 0x00, 0x00, 0x00,  // Line 110
        0x00, 0x08, 0x00, 0x00, 0x00, 0x00, 0x00, 0x00, 0x00, 0x00, 0x00, 0x00, 0x00, 0x00, 0x00, 0x00,  // Line 111
        0x00, 0x10, 0x00, 0x00, 0x00, 0x00, 0x00, 0x00, 0x00, 0x00, 0x00, 0x00, 0x00, 0x00, 0x00, 0x00,  // Line 112
        0x00, 0x60, 0x00, 0x00, 0x00, 0x00, 0x00, 0x00, 0x00, 0x00, 0x00, 0x00, 0x00, 0x00, 0x00, 0x00,  // Line 113
        0x00, 0x40, 0x00, 0x00, 0x00, 0x00, 0x00, 0x00, 0x00, 0x00, 0x00, 0x00, 0x00, 0x00, 0x00, 0x00,  // Line 114
        0x00, 0x80, 0x00, 0x00, 0x00, 0x00, 0x00, 0x00, 0x00, 0x00, 0x00, 0x00, 0x00, 0x00, 0x00, 0x00,  // Line 115
        0x00, 0x00, 0x00, 0x00, 0x00, 0x00, 0x00, 0x00, 0x00, 0x00, 0x00, 0x00, 0x00, 0x00, 0x00, 0x00,  // Line 116
        0x00, 0x00, 0x00, 0x00, 0x00, 0x00, 0x00, 0x00, 0x00, 0x00, 0x00, 0x00, 0x00, 0x00, 0x00, 0x00,  // Line 117
        0x00, 0x00, 0x00, 0x00, 0x00, 0x00, 0x00, 0x00, 0x00, 0x00, 0x00, 0x00, 0x00, 0x00, 0x00, 0x00,  // Line 118
        0x00, 0x00, 0x00, 0x00, 0x00, 0x00, 0x00, 0x00, 0x00, 0x00, 0x00, 0x00, 0x00, 0x00, 0x00, 0x00,  // Line 119
        0x00, 0x00, 0x00, 0x00, 0x00, 0x00, 0x00, 0x00, 0x00, 0x00, 0x00, 0x00, 0x00, 0x00, 0x00, 0x00,  // Line 120
        0x00, 0x00, 0x00, 0x00, 0x00, 0x00, 0x00, 0x00, 0x00, 0x00, 0x00, 0x00, 0x00, 0x00, 0x00, 0x00,  // Line 121
        0x00, 0x00, 0x00, 0x00, 0x00, 0x00, 0x00, 0x00, 0x00, 0x00, 0x00, 0x00, 0x00, 0x00, 0x00, 0x00,  // Line 122
        0x00, 0x00, 0x00, 0x00, 0x00, 0x00, 0x00, 0x00, 0x00, 0x00, 0x00, 0x00, 0x00, 0x00, 0x00, 0x00,  // Line 123
        0x00, 0x00, 0x00, 0x00, 0x00, 0x00, 0x00, 0x00, 0x00, 0x00, 0x00, 0x00, 0x00, 0x00, 0x00, 0x00,  // Line 124
        0x00, 0x00, 0x00, 0x00, 0x00, 0x00, 0x00, 0x00, 0x00, 0x00, 0x00, 0x00, 0x00, 0x00, 0x00, 0x00,  // Line 125
        0x00, 0x00, 0x00, 0x00, 0x00, 0x00, 0x00, 0x00, 0x00, 0x00, 0x00, 0x00, 0x00, 0x00, 0x00, 0x00,  // Line 126
        0x00, 0x00, 0x00, 0x00, 0x00, 0x00, 0x00, 0x00, 0x00, 0x00, 0x00, 0x00, 0x00, 0x00, 0x00, 0x00,  // Line 127
    },
    { /* Frame 13 */
        0x00, 0x00, 0x00, 0x00, 0x00, 0x00, 0x00, 0x03, 0xff, 0xff, 0xff, 0xff, 0xff, 0xff, 0xff, 0xef,  // Line 0
        0x00, 0x00, 0x00, 0x00, 0x00, 0x00, 0x00, 0x03, 0xff, 0xff, 0xff, 0xff, 0xff, 0xff, 0xff, 0xfc,  // Line 1
        0x00, 0x00, 0x00, 0x00, 0x00, 0x00, 0x00, 0x03, 0xff, 0xff, 0xff, 0xff, 0xff, 0xff, 0xff, 0xff,  // Line 2
        0x00, 0x00, 0x00, 0x00, 0x00, 0x1f, 0xff, 0x83, 0xff, 0xff, 0xff, 0xff, 0xff, 0xff, 0xff, 0xff,  // Line 3
        0x00, 0x00, 0x00, 0x00, 0x00, 0x0f, 0xff, 0xff, 0xff, 0xff, 0xff, 0xff, 0xff, 0xff, 0xff, 0xff,  // Line 4
        0x00, 0x00, 0x00, 0x00, 0x00, 0x03, 0xff, 0xff, 0xff, 0xff, 0xff, 0xff, 0xff, 0xff, 0xff, 0xff,  // Line 5
        0x00, 0x00, 0x00, 0x00, 0x00, 0x00, 0xff, 0xff, 0xff, 0xff, 0xff, 0xff, 0xff, 0xff, 0xff, 0xff,  // Line 6
        0x00, 0x00, 0x00, 0x00, 0x00, 0x00, 0x3f, 0xff, 0xff, 0xff, 0xff, 0xff, 0xff, 0xff, 0xff, 0xff,  // Line 7
        0x00, 0x00, 0x00, 0x00, 0x00, 0x00, 0x07, 0xff, 0xff, 0xff, 0xff, 0xff, 0xff, 0xff, 0xff, 0xff,  // Line 8
        0x00, 0x00, 0x00, 0x00, 0x00, 0x00, 0x00, 0x3f, 0xff, 0xff, 0xff, 0xff, 0xff, 0xff, 0xff, 0xff,  // Line 9
        0x00, 0x00, 0x00, 0x00, 0x00, 0x00, 0x00, 0x7f, 0xff, 0xff, 0xff, 0xff, 0xff, 0xff, 0xff, 0xff,  // Line 10
        0x00, 0x00, 0x00, 0x00, 0x00, 0x00, 0x00, 0xff, 0xff, 0xff, 0xff, 0xff, 0xff, 0xff, 0xff, 0xff,  // Line 11
        0x00, 0x00, 0x00, 0x00, 0x00, 0x00, 0x03, 0xff, 0xff, 0xff, 0xff, 0xff, 0xff, 0xff, 0xff, 0xff,  // Line 12
        0x00, 0x00, 0x00, 0x00, 0x00, 0x00, 0x0f, 0xff, 0xff, 0xff, 0xff, 0xff, 0xff, 0xff, 0xff, 0xff,  // Line 13
        0x00, 0x00, 0x00, 0x00, 0x00, 0x00, 0x1f, 0xff, 0xff, 0xff, 0xff, 0xff, 0xff, 0xff, 0xff, 0xff,  // Line 14
        0x00, 0x00, 0x00, 0x00, 0x00, 0x00, 0x3f, 0xff, 0xff, 0xff, 0xff, 0xff, 0xff, 0xff, 0xff, 0xff,  // Line 15
        0x00, 0x00, 0x00, 0x00, 0x00, 0x00, 0xff, 0xff, 0xd7, 0xff, 0xff, 0xff, 0xff, 0xff, 0xff, 0xff,  // Line 16
        0x00, 0x00, 0x00, 0x00, 0x00, 0x01, 0xff, 0xfc, 0x07, 0xff, 0xff, 0xff, 0xff, 0xff, 0xff, 0xff,  // Line 17
        0x00, 0x00, 0x00, 0x00, 0x00, 0x03, 0xff, 0xe0, 0x0f, 0xff, 0xff, 0xff, 0xff, 0xff, 0xff, 0xff,  // Line 18
        0x00, 0x00, 0x00, 0x00, 0x00, 0x07, 0xff, 0x00, 0x1f, 0xff, 0xff, 0xff, 0xff, 0xff, 0xff, 0xff,  // Line 19
        0x00, 0x00, 0x00, 0x00, 0x00, 0x1f, 0xf8, 0x00, 0x3f, 0xff, 0xff, 0xff, 0xff, 0xff, 0xff, 0xff,  // Line 20
        0x00, 0x00, 0x00, 0x00, 0x00, 0x3f, 0xe0, 0x02, 0x7f, 0xff, 0xff, 0xff, 0xff, 0xff, 0xff, 0xff,  // Line 21
        0x00, 0x00, 0x00, 0x00, 0x00, 0x7f, 0xc0, 0x04, 0xff, 0xff, 0xff, 0xff, 0xff, 0xff, 0xff, 0xff,  // Line 22
        0x00, 0x00, 0x00, 0x00, 0x00, 0xff, 0x00, 0x3d, 0xff, 0xff, 0xbf, 0xff, 0xff, 0xff, 0xff, 0xff,  // Line 23
        0x00, 0x00, 0x00, 0x00, 0x01, 0xfc, 0x21, 0xfb, 0xff, 0xf0, 0x1f, 0xff, 0xff, 0xff, 0xff, 0xff,  // Line 24
        0x00, 0x00, 0x00, 0x00, 0x03, 0xf9, 0xec, 0x07, 0xff, 0x00, 0x3f, 0xff, 0xff, 0xff, 0xff, 0xff,  // Line 25
        0x00, 0x00, 0x00, 0x00, 0x03, 0xf3, 0xf8, 0x07, 0xfc, 0x00, 0x7f, 0xff, 0xff, 0xff, 0xff, 0xff,  // Line 26
        0x00, 0x00, 0x00, 0x00, 0x07, 0x0f, 0xf8, 0x0f, 0xf0, 0x00, 0xff, 0xff, 0xff, 0xff, 0xff, 0xff,  // Line 27
        0x00, 0x00, 0x00, 0x00, 0x0c, 0x1f, 0xf0, 0x1f, 0xc0, 0x01, 0xff, 0xff, 0xff, 0xff, 0xff, 0xff,  // Line 28
        0x00, 0x00, 0x00, 0x00, 0x00, 0x3f, 0xf0, 0x1f, 0x80, 0x01, 0xff, 0xff, 0xff, 0xff, 0xff, 0xff,  // Line 29
        0x00, 0x00, 0x00, 0x00, 0x00, 0x1f, 0xf0, 0x3e, 0x00, 0x13, 0xef, 0xff, 0xff, 0xff, 0xff, 0xff,  // Line 30
        0x00, 0x00, 0x00, 0x00, 0x00, 0x1f, 0xf1, 0x7c, 0x00, 0x17, 0xcf, 0xff, 0xff, 0xff, 0xff, 0xff,  // Line 31
        0x00, 0x00, 0x00, 0x00, 0x00, 0x3f, 0xf9, 0xf8, 0x03, 0xef, 0xdf, 0xff, 0xff, 0xff, 0xff, 0xff,  // Line 32
        0x00, 0x00, 0x00, 0x00, 0x00, 0x7f, 0xf9, 0xe0, 0x0f, 0xef, 0xff, 0xff, 0xff, 0xff, 0xff, 0xff,  // Line 33
        0x00, 0x00, 0x00, 0x00, 0x00, 0x3f, 0xf9, 0xc0, 0x0f, 0xdf, 0xbf, 0xff, 0xff, 0xff, 0xff, 0xff,  // Line 34
        0x00, 0x00, 0x00, 0x00, 0x00, 0x1f, 0xf9, 0x81, 0x0f, 0xbf, 0x3f, 0xff, 0xff, 0xff, 0xff, 0xff,  // Line 35
        0x00, 0x00, 0x00, 0x00, 0x00, 0x5f, 0xf9, 0x00, 0x0f, 0xbe, 0x7f, 0xff, 0xff, 0xff, 0xff, 0xff,  // Line 36
        0x00, 0x00, 0x00, 0x00, 0x00, 0x3f, 0xfa, 0x00, 0x0f, 0x7c, 0x7f, 0xff, 0xff, 0xff, 0xff, 0xff,  // Line 37
        0x00, 0x00, 0x00, 0x00, 0x00, 0x3f, 0xf4, 0x04, 0x0f, 0xfa, 0xff, 0xff, 0xff, 0xff, 0xff, 0xff,  // Line 38
        0x00, 0x00, 0x00, 0x00, 0x00, 0x7f, 0xf1, 0x09, 0x0e, 0xe4, 0xff, 0xff, 0xff, 0xff, 0xff, 0xff,  // Line 39
        0x00, 0x00, 0x00, 0x00, 0x00, 0xff, 0xe6, 0x83, 0x0c, 0xcc, 0xff, 0xff, 0xbf, 0xff, 0xff, 0xff,  // Line 40
        0x00, 0x00, 0x00, 0x00, 0x00, 0xf3, 0xff, 0xef, 0x0d, 0x9d, 0xff, 0xff, 0x7f, 0xff, 0xff, 0xff,  // Line 41
        0x00, 0x00, 0x00, 0x00, 0x01, 0xfd, 0xff, 0xbf, 0x01, 0x19, 0xff, 0xfe, 0xff, 0xff, 0xff, 0xff,  // Line 42
        0x00, 0x00, 0x00, 0x00, 0x03, 0xfe, 0x7f, 0x9f, 0x02, 0x79, 0xff, 0xfc, 0xff, 0xff, 0xff, 0xff,  // Line 43
        0x00, 0x00, 0x00, 0x00, 0x03, 0xff, 0xff, 0x8f, 0x02, 0xf9, 0xff, 0xf8, 0xff, 0xff, 0xff, 0xff,  // Line 44
        0x00, 0x00, 0x00, 0x00, 0x07, 0xff, 0xff, 0xc7, 0x01, 0x73, 0xff, 0xf0, 0xff, 0xff, 0xff, 0xff,  // Line 45
        0x00, 0x00, 0x00, 0x00, 0x07, 0xff, 0xff, 0xe7, 0x00, 0xf3, 0xff, 0xe0, 0xff, 0xff, 0xff, 0xff,  // Line 46
        0x00, 0x00, 0x00, 0x00, 0x0f, 0xff, 0xff, 0xff, 0x01, 0xf3, 0xff, 0xc8, 0xff, 0xff, 0xff, 0xff,  // Line 47
        0x00, 0x00, 0x00, 0x00, 0x0f, 0xff, 0xff, 0xff, 0xe7, 0xf7, 0xff, 0x90, 0xff, 0xff, 0xff, 0xff,  // Line 48
        0x00, 0x00, 0x00, 0x00, 0x14, 0xff, 0xff, 0xfd, 0xc7, 0xe7, 0xff, 0x20, 0xff, 0xff, 0xff, 0xff,  // Line 49
        0x00, 0x00, 0x00, 0x00, 0x1f, 0xdf, 0xff, 0xfe, 0xf3, 0xc7, 0xfe, 0x70, 0xff, 0xff, 0xff, 0xff,  // Line 50
        0x00, 0x00, 0x00, 0x00, 0x3f, 0xff, 0xff, 0xff, 0x79, 0xc7, 0xfc, 0xf8, 0xff, 0xff, 0xff, 0xff,  // Line 51
        0x00, 0x00, 0x00, 0x00, 0x3f, 0xff, 0xff, 0xff, 0x7c, 0x87, 0xfd, 0xf8, 0xff, 0xff, 0xff, 0xff,  // Line 52
        0x00, 0x00, 0x00, 0x00, 0x7f, 0xff, 0xff, 0xff, 0x7e, 0x8f, 0xfb, 0xfc, 0xff, 0xff, 0xff, 0xff,  // Line 53
        0x00, 0x00, 0x00, 0x00, 0x7f, 0xff, 0xff, 0xff, 0xff, 0x4f, 0xf3, 0xfc, 0xff, 0xff, 0xff, 0xff,  // Line 54
        0x00, 0x00, 0x00, 0x00, 0x7f, 0xff, 0xff, 0xff, 0xff, 0x4f, 0xe0, 0x00, 0xff, 0xff, 0xff, 0xff,  // Line 55
        0x00, 0x00, 0x00, 0x00, 0xff, 0xff, 0xff, 0xff, 0xff, 0x4f, 0xe0, 0x00, 0x7f, 0xff, 0xff, 0xff,  // Line 56
        0x00, 0x00, 0x00, 0x00, 0xff, 0xff, 0xff, 0xff, 0xf8, 0xcf, 0xd8, 0x00, 0x7f, 0xff, 0xff, 0xff,  // Line 57
        0x00, 0x00, 0x00, 0x00, 0xff, 0xff, 0xff, 0xff, 0xfe, 0xcf, 0xa0, 0x06, 0x7f, 0xff, 0xff, 0xff,  // Line 58
        0x00, 0x00, 0x00, 0x00, 0xe7, 0xff, 0xff, 0xff, 0xff, 0x4f, 0x03, 0xc3, 0x7f, 0xf7, 0xff, 0xff,  // Line 59
        0x00, 0x00, 0x00, 0x00, 0x1f, 0xff, 0xff, 0xff, 0xff, 0x5e, 0x7c, 0x10, 0x7f, 0xf7, 0xff, 0xff,  // Line 60
        0x00, 0x00, 0x00, 0x00, 0x7f, 0xff, 0xff, 0xff, 0xff, 0xde, 0xf9, 0x88, 0x7f, 0xf7, 0xff, 0xff,  // Line 61
        0x00, 0x00, 0x00, 0x00, 0xff, 0xff, 0xff, 0xff, 0xff, 0xdd, 0xf3, 0x8c, 0x3f, 0xf7, 0xff, 0xff,  // Line 62
        0x00, 0x00, 0x00, 0x01, 0xff, 0xf9, 0xfe, 0xff, 0xff, 0xdd, 0xf4, 0x86, 0x3f, 0xf7, 0xff, 0xff,  // Line 63
        0x00, 0x00, 0x00, 0x01, 0xff, 0xf6, 0xff, 0xff, 0xff, 0xdb, 0x74, 0x47, 0x3f, 0xf7, 0xff, 0xff,  // Line 64
        0x00, 0x00, 0x00, 0x01, 0xff, 0xef, 0x3f, 0xff, 0xff, 0xd3, 0x30, 0x27, 0x1f, 0xf7, 0xff, 0xff,  // Line 65
        0x00, 0x00, 0x00, 0x03, 0xff, 0xc7, 0xdf, 0xff, 0xff, 0xd7, 0x10, 0x0f, 0x1f, 0xf7, 0xff, 0xff,  // Line 66
        0x00, 0x00, 0x00, 0x03, 0xff, 0x83, 0xef, 0xff, 0xff, 0xc7, 0x88, 0x0f, 0x1f, 0xf3, 0xff, 0xff,  // Line 67
        0x00, 0x00, 0x00, 0x03, 0xff, 0x01, 0xf7, 0xff, 0xff, 0xcf, 0xf0, 0x1f, 0x0f, 0xe3, 0xff, 0xff,  // Line 68
        0x00, 0x00, 0x00, 0x03, 0xff, 0x00, 0xf9, 0xff, 0xff, 0xcf, 0xff, 0xff, 0x0f, 0xe3, 0xff, 0xff,  // Line 69
        0x00, 0x00, 0x00, 0x03, 0xfe, 0x08, 0x7e, 0xff, 0xff, 0xdf, 0xff, 0xfc, 0x0f, 0xe1, 0xff, 0xff,  // Line 70
        0x00, 0x00, 0x00, 0x03, 0xfc, 0x10, 0x3f, 0x7f, 0xff, 0xff, 0xff, 0xf8, 0x07, 0xe1, 0xff, 0xff,  // Line 71
        0x00, 0x00, 0x00, 0x03, 0xfc, 0x20, 0x1f, 0x9f, 0xff, 0xff, 0xff, 0xc0, 0x07, 0xc1, 0xff, 0xbf,  // Line 72
        0x00, 0x00, 0x00, 0x03, 0xf8, 0x40, 0x0f, 0xef, 0xff, 0xff, 0xff, 0xf0, 0xf7, 0xc0, 0xff, 0x9f,  // Line 73
        0x00, 0x00, 0x00, 0x03, 0xf8, 0x80, 0x07, 0xf3, 0xff, 0xff, 0xff, 0xff, 0xf3, 0xc0, 0xff, 0x9f,  // Line 74
        0x00, 0x00, 0x00, 0x03, 0xf0, 0x00, 0x03, 0xfd, 0xff, 0xff, 0xff, 0xff, 0xfb, 0xd0, 0x7f, 0x8f,  // Line 75
        0x00, 0x00, 0x00, 0x03, 0xe2, 0x00, 0x00, 0xfe, 0xff, 0xff, 0x7f, 0xff, 0xfb, 0xf8, 0x7f, 0xc7,  // Line 76
        0x00, 0x00, 0x00, 0x03, 0xe4, 0x00, 0x00, 0x7e, 0x7f, 0xff, 0x9f, 0xff, 0xf9, 0xf8, 0x7f, 0xc7,  // Line 77
        0x00, 0x00, 0x00, 0x03, 0xc8, 0x00, 0x00, 0x3e, 0x7f, 0xff, 0xcf, 0xff, 0xf9, 0xfc, 0x3f, 0xc3,  // Line 78
        0x00, 0x00, 0x00, 0x03, 0xd0, 0x00, 0x00, 0x0e, 0x7f, 0xff, 0xf7, 0xff, 0xf5, 0xbe, 0x3f, 0xe1,  // Line 79
        0x00, 0x00, 0x00, 0x01, 0xc0, 0x00, 0x00, 0x00, 0xff, 0xff, 0xfb, 0xff, 0xff, 0x9f, 0x1f, 0xe1,  // Line 80
        0x00, 0x00, 0x00, 0x01, 0xa0, 0x00, 0x00, 0x00, 0xff, 0xdf, 0xfc, 0xff, 0xfe, 0x3f, 0x9f, 0xe0,  // Line 81
        0x00, 0x00, 0x00, 0x01, 0xa0, 0x00, 0x00, 0x01, 0xff, 0xcf, 0xfe, 0x7f, 0xfe, 0x3f, 0x8f, 0xf0,  // Line 82
        0x00, 0x00, 0x00, 0x01, 0xb0, 0x00, 0x00, 0x01, 0xff, 0xef, 0xff, 0x9e, 0xfe, 0x3f, 0x07, 0xf0,  // Line 83
        0x00, 0x00, 0x00, 0x01, 0xf0, 0x00, 0x00, 0x03, 0xff, 0xe7, 0xff, 0xed, 0xfc, 0x3e, 0x03, 0xf0,  // Line 84
        0x00, 0x00, 0x00, 0x01, 0xf8, 0x00, 0x00, 0x03, 0xff, 0xf7, 0xff, 0xf9, 0xe0, 0x7c, 0x01, 0xf8,  // Line 85
        0x00, 0x00, 0x00, 0x01, 0xdc, 0x00, 0x00, 0x07, 0xff, 0xfb, 0xff, 0xf7, 0x84, 0xf8, 0x00, 0xf8,  // Line 86
        0x00, 0x00, 0x00, 0x01, 0xee, 0x00, 0x00, 0x07, 0xf7, 0xf9, 0xff, 0xec, 0x01, 0xf0, 0x00, 0x7c,  // Line 87
        0x00, 0x00, 0x00, 0x01, 0xff, 0x00, 0x00, 0x0f, 0xf7, 0xfd, 0xff, 0x90, 0x03, 0xc0, 0x00, 0x1c,  // Line 88
        0x00, 0x00, 0x00, 0x00, 0xff, 0x80, 0x00, 0x1f, 0xf7, 0xfc, 0xff, 0x03, 0xff, 0x00, 0x00, 0x06,  // Line 89
        0x00, 0x00, 0x00, 0x00, 0xff, 0xc0, 0x00, 0x1f, 0xf7, 0xfe, 0xfe, 0x3f, 0xf8, 0x00, 0x00, 0x03,  // Line 90
        0x00, 0x00, 0x00, 0x00, 0xff, 0xe0, 0x00, 0x3f, 0xf7, 0xff, 0xfc, 0x3f, 0x00, 0x00, 0x00, 0x00,  // Line 91
        0x00, 0x00, 0x00, 0x00, 0x7f, 0x78, 0x00, 0x7f, 0xf7, 0xff, 0xf0, 0x00, 0x00, 0x00, 0x00, 0x00,  // Line 92
        0x00, 0x00, 0x00, 0x00, 0x3f, 0xbc, 0x00, 0xff, 0xf7, 0xff, 0xc0, 0x00, 0x00, 0x00, 0x00, 0x00,  // Line 93
        0x00, 0x00, 0x00, 0x00, 0x1f, 0xdf, 0xc1, 0xff, 0xf7, 0xff, 0x00, 0x00, 0x00, 0x00, 0x00, 0x00,  // Line 94
        0x00, 0x00, 0x00, 0x00, 0x0f, 0xe7, 0xf3, 0xff, 0xf7, 0xfc, 0x00, 0x00, 0x00, 0x00, 0x00, 0x00,  // Line 95
        0x00, 0x00, 0x00, 0x00, 0x03, 0xff, 0xc7, 0xff, 0xf7, 0xe0, 0x00, 0x00, 0x00, 0x00, 0x00, 0x00,  // Line 96
        0x00, 0x00, 0x00, 0x00, 0x00, 0xff, 0xff, 0xff, 0xff, 0x80, 0x00, 0x00, 0x00, 0x00, 0x00, 0x00,  // Line 97
        0x00, 0x00, 0x00, 0x00, 0x00, 0x7f, 0xff, 0xff, 0xf8, 0x00, 0x00, 0x00, 0x00, 0x00, 0x00, 0x00,  // Line 98
        0x00, 0x00, 0x00, 0x00, 0x00, 0x07, 0xff, 0xff, 0xc0, 0x00, 0x00, 0x00, 0x00, 0x00, 0x00, 0x00,  // Line 99
        0x00, 0x00, 0x00, 0x20, 0x00, 0x00, 0x07, 0xe0, 0x00, 0x00, 0x00, 0x00, 0x00, 0x00, 0x00, 0x00,  // Line 100
        0x00, 0x00, 0x00, 0x40, 0x00, 0x00, 0x00, 0x00, 0x00, 0x00, 0x00, 0x00, 0x00, 0x00, 0x00, 0x00,  // Line 101
        0x00, 0x00, 0x01, 0x80, 0x00, 0x00, 0x00, 0x00, 0x00, 0x00, 0x00, 0x00, 0x00, 0x00, 0x00, 0x00,  // Line 102
        0x00, 0x00, 0x00, 0x00, 0x00, 0x00, 0x00, 0x00, 0x00, 0x00, 0x00, 0x00, 0x00, 0x00, 0x00, 0x00,  // Line 103
        0x00, 0x00, 0x00, 0x00, 0x00, 0x00, 0x00, 0x00, 0x00, 0x00, 0x00, 0x00, 0x00, 0x00, 0x00, 0x00,  // Line 104
        0x00, 0x00, 0x00, 0x00, 0x00, 0x00, 0x00, 0x00, 0x00, 0x00, 0x00, 0x00, 0x00, 0x00, 0x00, 0x00,  // Line 105
        0x00, 0x00, 0x00, 0x00, 0x00, 0x00, 0x00, 0x00, 0x00, 0x00, 0x00, 0x00, 0x00, 0x00, 0x00, 0x00,  // Line 106
        0x00, 0x00, 0x00, 0x00, 0x00, 0x00, 0x00, 0x00, 0x00, 0x00, 0x00, 0x00, 0x00, 0x00, 0x00, 0x00,  // Line 107
        0x00, 0x00, 0x00, 0x00, 0x00, 0x00, 0x00, 0x00, 0x00, 0x00, 0x00, 0x00, 0x00, 0x00, 0x00, 0x00,  // Line 108
        0x00, 0x00, 0x80, 0x00, 0x00, 0x00, 0x00, 0x00, 0x00, 0x00, 0x00, 0x00, 0x00, 0x00, 0x00, 0x00,  // Line 109
        0x00, 0x00, 0x00, 0x00, 0x00, 0x00, 0x00, 0x00, 0x00, 0x00, 0x00, 0x00, 0x00, 0x00, 0x00, 0x00,  // Line 110
        0x00, 0x02, 0x00, 0x00, 0x00, 0x00, 0x00, 0x00, 0x00, 0x00, 0x00, 0x00, 0x00, 0x00, 0x00, 0x00,  // Line 111
        0x00, 0x00, 0x00, 0x00, 0x00, 0x00, 0x00, 0x00, 0x00, 0x00, 0x00, 0x00, 0x00, 0x00, 0x00, 0x00,  // Line 112
        0x00, 0x00, 0x00, 0x00, 0x00, 0x00, 0x00, 0x00, 0x00, 0x00, 0x00, 0x00, 0x00, 0x00, 0x00, 0x00,  // Line 113
        0x00, 0x00, 0x00, 0x00, 0x00, 0x00, 0x00, 0x00, 0x00, 0x00, 0x00, 0x00, 0x00, 0x00, 0x00, 0x00,  // Line 114
        0x00, 0x00, 0x00, 0x00, 0x00, 0x00, 0x00, 0x00, 0x00, 0x00, 0x00, 0x00, 0x00, 0x00, 0x00, 0x00,  // Line 115
        0x00, 0x00, 0x00, 0x00, 0x00, 0x00, 0x00, 0x00, 0x00, 0x00, 0x00, 0x00, 0x00, 0x00, 0x00, 0x00,  // Line 116
        0x00, 0x00, 0x00, 0x00, 0x00, 0x00, 0x00, 0x00, 0x00, 0x00, 0x00, 0x00, 0x00, 0x00, 0x00, 0x00,  // Line 117
        0x00, 0x00, 0x00, 0x00, 0x00, 0x00, 0x00, 0x00, 0x00, 0x00, 0x00, 0x00, 0x00, 0x00, 0x00, 0x00,  // Line 118
        0x00, 0x00, 0x00, 0x00, 0x00, 0x00, 0x00, 0x00, 0x00, 0x00, 0x00, 0x00, 0x00, 0x00, 0x00, 0x00,  // Line 119
        0x00, 0x00, 0x00, 0x00, 0x00, 0x00, 0x00, 0x00, 0x00, 0x00, 0x00, 0x00, 0x00, 0x00, 0x00, 0x00,  // Line 120
        0x00, 0x00, 0x00, 0x00, 0x00, 0x00, 0x00, 0x00, 0x00, 0x00, 0x00, 0x00, 0x00, 0x00, 0x00, 0x00,  // Line 121
        0x00, 0x00, 0x00, 0x00, 0x00, 0x00, 0x00, 0x00, 0x00, 0x00, 0x00, 0x00, 0x00, 0x00, 0x00, 0x00,  // Line 122
        0x00, 0x00, 0x00, 0x00, 0x00, 0x00, 0x00, 0x00, 0x00, 0x00, 0x00, 0x00, 0x00, 0x00, 0x00, 0x00,  // Line 123
        0x00, 0x00, 0x00, 0x00, 0x00, 0x00, 0x00, 0x00, 0x00, 0x00, 0x00, 0x00, 0x00, 0x00, 0x00, 0x00,  // Line 124
        0x00, 0x00, 0x00, 0x00, 0x00, 0x00, 0x00, 0x00, 0x00, 0x00, 0x00, 0x00, 0x00, 0x00, 0x00, 0x00,  // Line 125
        0x00, 0x00, 0x00, 0x00, 0x00, 0x00, 0x00, 0x00, 0x00, 0x00, 0x00, 0x00, 0x00, 0x00, 0x00, 0x00,  // Line 126
        0x00, 0x00, 0x00, 0x00, 0x00, 0x00, 0x00, 0x00, 0x00, 0x00, 0x00, 0x00, 0x00, 0x00, 0x00, 0x00,  // Line 127
    },
    { /* Frame 14 */
        0x00, 0x00, 0x00, 0x00, 0x00, 0x00, 0x00, 0xff, 0xe7, 0xff, 0xff, 0xff, 0xff, 0xff, 0xff, 0xf0,  // Line 0
        0x00, 0x00, 0x00, 0x00, 0x00, 0x00, 0x00, 0x7f, 0xff, 0xff, 0xff, 0xff, 0xff, 0xff, 0xff, 0xf0,  // Line 1
        0x00, 0x00, 0x00, 0x00, 0x00, 0x00, 0x00, 0x7f, 0xff, 0xff, 0xff, 0xff, 0xff, 0xff, 0xff, 0xe0,  // Line 2
        0x00, 0x00, 0x00, 0x00, 0x00, 0x00, 0x00, 0x3f, 0xff, 0xff, 0xff, 0xff, 0xff, 0xff, 0xff, 0xc0,  // Line 3
        0x00, 0x00, 0x00, 0x00, 0x00, 0x00, 0x00, 0x3f, 0xff, 0xff, 0xff, 0xff, 0xff, 0xff, 0xff, 0xc0,  // Line 4
        0x00, 0x00, 0x00, 0x00, 0x00, 0x00, 0x00, 0x1f, 0xff, 0xff, 0xff, 0xff, 0xff, 0xff, 0xff, 0xe7,  // Line 5
        0x00, 0x00, 0x00, 0x00, 0x00, 0x00, 0x00, 0x0f, 0xff, 0xff, 0xff, 0xff, 0xff, 0xff, 0xff, 0xff,  // Line 6
        0x00, 0x00, 0x00, 0x00, 0x00, 0x00, 0x00, 0x0f, 0xff, 0xff, 0xff, 0xff, 0xff, 0xff, 0xff, 0xff,  // Line 7
        0x00, 0x00, 0x00, 0x00, 0x00, 0x00, 0x00, 0x07, 0xff, 0xff, 0xff, 0xff, 0xff, 0xff, 0xff, 0xff,  // Line 8
        0x00, 0x00, 0x00, 0x00, 0x00, 0x00, 0x00, 0x07, 0xff, 0xff, 0xff, 0xff, 0xff, 0xff, 0xff, 0xff,  // Line 9
        0x00, 0x00, 0x00, 0x00, 0x00, 0x00, 0x1f, 0x83, 0xff, 0xff, 0xff, 0xff, 0xff, 0xff, 0xff, 0xff,  // Line 10
        0x00, 0x00, 0x00, 0x00, 0x00, 0x00, 0xff, 0xc1, 0xff, 0xff, 0xff, 0xff, 0xff, 0xff, 0xff, 0xff,  // Line 11
        0x00, 0x00, 0x00, 0x00, 0x00, 0x03, 0xff, 0xe0, 0xff, 0xff, 0xff, 0xff, 0xff, 0xff, 0xff, 0xff,  // Line 12
        0x00, 0x00, 0x00, 0x00, 0x00, 0x0f, 0xff, 0xf0, 0xff, 0xff, 0xff, 0xff, 0xff, 0xff, 0xff, 0xff,  // Line 13
        0x00, 0x00, 0x00, 0x00, 0x00, 0x3f, 0xff, 0xff, 0xff, 0xff, 0xff, 0xff, 0xff, 0xff, 0xff, 0xff,  // Line 14
        0x00, 0x00, 0x00, 0x00, 0x00, 0x3f, 0xff, 0xff, 0xff, 0xff, 0xff, 0xff, 0xff, 0xff, 0xff, 0xff,  // Line 15
        0x00, 0x00, 0x00, 0x00, 0x00, 0x3c, 0x01, 0xff, 0xff, 0xff, 0xff, 0xff, 0xff, 0xff, 0xff, 0xff,  // Line 16
        0x00, 0x00, 0x00, 0x00, 0x00, 0x00, 0x00, 0x07, 0xff, 0xff, 0xff, 0xff, 0xff, 0xff, 0xff, 0xff,  // Line 17
        0x00, 0x00, 0x00, 0x00, 0x00, 0x00, 0x00, 0x00, 0xff, 0xff, 0xff, 0xff, 0xff, 0xff, 0xff, 0xff,  // Line 18
        0x00, 0x00, 0x00, 0x00, 0x00, 0x00, 0x00, 0x00, 0x3f, 0xff, 0xff, 0xff, 0xff, 0xff, 0xff, 0xff,  // Line 19
        0x00, 0x00, 0x00, 0x00, 0x00, 0x00, 0x00, 0x00, 0xff, 0xff, 0xff, 0xff, 0xff, 0xff, 0xff, 0xff,  // Line 20
        0x00, 0x00, 0x00, 0x00, 0x00, 0x00, 0x00, 0x03, 0xff, 0xff, 0xff, 0xff, 0xff, 0xff, 0xff, 0xff,  // Line 21
        0x00, 0x00, 0x00, 0x00, 0x00, 0x00, 0x00, 0x0f, 0xff, 0xff, 0xff, 0xff, 0xff, 0xff, 0xff, 0xff,  // Line 22
        0x00, 0x00, 0x00, 0x00, 0x00, 0x00, 0x00, 0x1f, 0xff, 0xff, 0xff, 0xff, 0xff, 0xff, 0xff, 0xff,  // Line 23
        0x00, 0x00, 0x00, 0x00, 0x00, 0x00, 0x00, 0x7f, 0xff, 0xff, 0xff, 0xff, 0xff, 0xff, 0xff, 0xff,  // Line 24
        0x00, 0x00, 0x00, 0x00, 0x00, 0x00, 0x00, 0xff, 0xff, 0xff, 0xff, 0xff, 0xff, 0xff, 0xff, 0xff,  // Line 25
        0x00, 0x00, 0x00, 0x00, 0x00, 0x00, 0x03, 0xff, 0xff, 0xff, 0xff, 0xff, 0xff, 0xff, 0xff, 0xff,  // Line 26
        0x00, 0x00, 0x00, 0x00, 0x00, 0x00, 0x07, 0xff, 0xff, 0xff, 0xff, 0xff, 0xff, 0xff, 0xff, 0xff,  // Line 27
        0x00, 0x00, 0x00, 0x00, 0x00, 0x03, 0x0f, 0xf8, 0x07, 0xff, 0xff, 0xff, 0xff, 0xff, 0xff, 0xff,  // Line 28
        0x00, 0x00, 0x00, 0x00, 0x00, 0x04, 0x1f, 0x00, 0x00, 0x1f, 0xff, 0xff, 0xff, 0xff, 0xff, 0xff,  // Line 29
        0x00, 0x00, 0x00, 0x00, 0x00, 0x00, 0x30, 0x00, 0x00, 0x03, 0xff, 0xff, 0xff, 0xff, 0xff, 0xff,  // Line 30
        0x00, 0x00, 0x00, 0x00, 0x00, 0x00, 0x00, 0x00, 0x00, 0x00, 0x7f, 0xff, 0xff, 0xff, 0xff, 0xff,  // Line 31
        0x00, 0x00, 0x00, 0x00, 0x00, 0x00, 0x00, 0x10, 0x00, 0x00, 0x7f, 0xff, 0xff, 0xff, 0xff, 0xff,  // Line 32
        0x00, 0x00, 0x00, 0x00, 0x00, 0x00, 0x00, 0x1c, 0x60, 0x01, 0xff, 0xff, 0xff, 0xff, 0xff, 0xff,  // Line 33
        0x00, 0x00, 0x00, 0x00, 0x00, 0x03, 0x60, 0x0c, 0x7c, 0x23, 0xff, 0xff, 0xff, 0xff, 0xff, 0xff,  // Line 34
        0x00, 0x00, 0x00, 0x00, 0x00, 0x0e, 0xe0, 0x04, 0x7f, 0xc7, 0xff, 0xff, 0xff, 0xff, 0xff, 0xff,  // Line 35
        0x00, 0x00, 0x00, 0x00, 0x00, 0x1d, 0xe0, 0x00, 0x7f, 0xdf, 0xff, 0xff, 0xff, 0xff, 0xff, 0xff,  // Line 36
        0x00, 0x00, 0x00, 0x00, 0x00, 0x3f, 0xe3, 0xe0, 0x7f, 0xff, 0xff, 0xff, 0xff, 0xff, 0xff, 0xff,  // Line 37
        0x00, 0x00, 0x00, 0x00, 0x00, 0x3b, 0xe7, 0xf8, 0x7f, 0xff, 0xff, 0xff, 0xff, 0xff, 0xff, 0xff,  // Line 38
        0x00, 0x00, 0x00, 0x00, 0x00, 0x37, 0xe7, 0xb8, 0x7f, 0xff, 0xff, 0xff, 0xff, 0xff, 0xff, 0xff,  // Line 39
        0x00, 0x00, 0x00, 0x00, 0x00, 0x2f, 0xe7, 0x0c, 0x7b, 0xff, 0xff, 0xff, 0xff, 0xff, 0xff, 0xff,  // Line 40
        0x00, 0x00, 0x00, 0x00, 0x00, 0x4f, 0xee, 0x64, 0x77, 0xff, 0xff, 0xff, 0xff, 0xff, 0xff, 0xff,  // Line 41
        0x00, 0x00, 0x00, 0x00, 0x00, 0x5f, 0xec, 0x20, 0x6f, 0xff, 0xff, 0x1f, 0xff, 0xff, 0xff, 0xff,  // Line 42
        0x00, 0x00, 0x00, 0x00, 0x00, 0xbf, 0xed, 0x00, 0x5f, 0xff, 0xf0, 0x3f, 0xff, 0xff, 0xff, 0xff,  // Line 43
        0x00, 0x00, 0x00, 0x00, 0x00, 0x3f, 0xfe, 0x94, 0x3f, 0xfe, 0x00, 0x7f, 0xff, 0xff, 0xff, 0xff,  // Line 44
        0x00, 0x00, 0x00, 0x00, 0x00, 0x1f, 0xfe, 0x04, 0x3f, 0xe0, 0x0d, 0xff, 0xff, 0xff, 0xff, 0xff,  // Line 45
        0x00, 0x00, 0x00, 0x00, 0x00, 0xcf, 0xfe, 0x0c, 0x7f, 0x80, 0x13, 0xff, 0xff, 0xff, 0xff, 0xff,  // Line 46
        0x00, 0x00, 0x00, 0x00, 0x00, 0xe7, 0xff, 0x1c, 0xfc, 0x01, 0xf7, 0xff, 0xff, 0xff, 0xff, 0xff,  // Line 47
        0x00, 0x00, 0x00, 0x00, 0x01, 0xf9, 0xfd, 0xf9, 0xe0, 0x0f, 0xef, 0xff, 0xff, 0xff, 0xff, 0xff,  // Line 48
        0x00, 0x00, 0x00, 0x00, 0x01, 0xfc, 0xfe, 0xfa, 0x00, 0xff, 0x9f, 0xff, 0xff, 0xff, 0xff, 0xff,  // Line 49
        0x00, 0x00, 0x00, 0x00, 0x03, 0xff, 0x7f, 0x30, 0x3d, 0xff, 0x0f, 0xff, 0xff, 0xff, 0xff, 0xff,  // Line 50
        0x00, 0x00, 0x00, 0x00, 0x03, 0xff, 0xff, 0x10, 0x3b, 0xfe, 0x1f, 0xff, 0xf3, 0xff, 0xff, 0xff,  // Line 51
        0x00, 0x00, 0x00, 0x00, 0x07, 0xff, 0xff, 0x98, 0x13, 0xf8, 0x3f, 0xff, 0xc7, 0xff, 0xff, 0xff,  // Line 52
        0x00, 0x00, 0x00, 0x00, 0x07, 0xff, 0xff, 0xfc, 0x07, 0xf0, 0x7f, 0xff, 0x87, 0xff, 0xff, 0xff,  // Line 53
        0x00, 0x00, 0x00, 0x00, 0x01, 0xff, 0xff, 0xff, 0xff, 0xf4, 0xff, 0xfe, 0x07, 0xff, 0xff, 0xff,  // Line 54
        0x00, 0x00, 0x00, 0x00, 0x08, 0x3f, 0xff, 0xef, 0xff, 0x99, 0xff, 0xfc, 0x07, 0xff, 0xff, 0xff,  // Line 55
        0x00, 0x00, 0x00, 0x00, 0x1f, 0xff, 0xff, 0xf3, 0x9e, 0x73, 0xff, 0xf0, 0x07, 0xff, 0xff, 0xff,  // Line 56
        0x00, 0x00, 0x00, 0x00, 0x1f, 0xff, 0xff, 0xfb, 0xce, 0xf7, 0xff, 0xc1, 0x87, 0xff, 0xff, 0xff,  // Line 57
        0x00, 0x00, 0x00, 0x00, 0x3f, 0xff, 0xff, 0xf9, 0xe4, 0xe7, 0xff, 0x1f, 0x8f, 0xff, 0xff, 0xff,  // Line 58
        0x00, 0x00, 0x00, 0x00, 0x3f, 0xff, 0xff, 0xfd, 0xf6, 0xcf, 0xfc, 0x7f, 0x8f, 0xff, 0xff, 0xff,  // Line 59
        0x00, 0x00, 0x00, 0x00, 0x3f, 0xff, 0xff, 0xff, 0xfa, 0x9f, 0xf1, 0xff, 0x8f, 0xff, 0xff, 0xff,  // Line 60
        0x00, 0x00, 0x00, 0x00, 0x7f, 0xff, 0xff, 0xff, 0xf9, 0xbf, 0x80, 0x00, 0x0f, 0xff, 0xff, 0xff,  // Line 61
        0x00, 0x00, 0x00, 0x00, 0x7f, 0xff, 0xff, 0xff, 0xff, 0x3e, 0x00, 0x00, 0x0f, 0xff, 0xff, 0xff,  // Line 62
        0x00, 0x00, 0x00, 0x00, 0x7f, 0xff, 0xff, 0xff, 0xee, 0x78, 0x00, 0x00, 0x1f, 0xff, 0xff, 0xff,  // Line 63
        0x00, 0x00, 0x00, 0x00, 0xff, 0xff, 0xff, 0xff, 0xf6, 0xe0, 0x0e, 0x0c, 0x1f, 0xdf, 0xff, 0xff,  // Line 64
        0x00, 0x00, 0x00, 0x00, 0xf7, 0xff, 0xff, 0xff, 0xf8, 0x0e, 0x7f, 0x83, 0x9f, 0x9f, 0xff, 0xff,  // Line 65
        0x00, 0x00, 0x00, 0x00, 0x9f, 0xff, 0xff, 0xff, 0xf8, 0x7f, 0xe8, 0x41, 0x9f, 0x9f, 0xff, 0xff,  // Line 66
        0x00, 0x00, 0x00, 0x00, 0x7f, 0xff, 0xff, 0xff, 0xf1, 0xff, 0xc8, 0x60, 0x9f, 0x1f, 0xff, 0xfc,  // Line 67
        0x00, 0x00, 0x00, 0x00, 0xff, 0xff, 0xff, 0xff, 0xff, 0xff, 0x84, 0x30, 0x3f, 0x1f, 0xff, 0xfc,  // Line 68
        0x00, 0x00, 0x00, 0x00, 0xff, 0xfb, 0xfb, 0xff, 0xff, 0xff, 0xa2, 0x30, 0x3e, 0x1f, 0xff, 0xfc,  // Line 69
        0x00, 0x00, 0x00, 0x01, 0xff, 0xf5, 0xff, 0xff, 0xff, 0xf3, 0x80, 0x78, 0x3e, 0x1f, 0xff, 0xfe,  // Line 70
        0x00, 0x00, 0x00, 0x01, 0xff, 0xee, 0xff, 0xff, 0xff, 0xf9, 0x80, 0x78, 0x3c, 0x1f, 0xff, 0xfe,  // Line 71
        0x00, 0x00, 0x00, 0x01, 0xff, 0xcf, 0x7f, 0x7f, 0xff, 0xfc, 0xc4, 0xf8, 0x3d, 0x1f, 0xff, 0xfe,  // Line 72
        0x00, 0x00, 0x00, 0x01, 0xff, 0x8f, 0xbf, 0x7f, 0xff, 0xff, 0xe1, 0xf8, 0x7b, 0x1f, 0xff, 0xfe,  // Line 73
        0x00, 0x00, 0x00, 0x01, 0xff, 0x07, 0xdf, 0xff, 0xff, 0xff, 0xff, 0xf0, 0x77, 0x1f, 0xdf, 0xfe,  // Line 74
        0x00, 0x00, 0x00, 0x01, 0xfe, 0x11, 0xf7, 0xff, 0xff, 0xff, 0xff, 0xe0, 0x7f, 0x1f, 0xdf, 0xff,  // Line 75
        0x00, 0x00, 0x00, 0x01, 0xfc, 0x20, 0xfb, 0xff, 0xff, 0xff, 0xff, 0xc0, 0x6e, 0x1f, 0xcf, 0xff,  // Line 76
        0x00, 0x00, 0x00, 0x01, 0xfc, 0x40, 0x7c, 0xff, 0xff, 0xff, 0xff, 0x00, 0xde, 0x9f, 0xc7, 0xff,  // Line 77
        0x00, 0x00, 0x00, 0x01, 0xf8, 0x80, 0x3f, 0x7f, 0xff, 0xff, 0xff, 0xfe, 0xbd, 0xdf, 0xc7, 0xff,  // Line 78
        0x00, 0x00, 0x00, 0x01, 0xf1, 0x00, 0x1f, 0xdf, 0xff, 0xff, 0xff, 0xfe, 0x7b, 0xdf, 0xc1, 0xff,  // Line 79
        0x00, 0x00, 0x00, 0x01, 0xe2, 0x00, 0x0f, 0xe7, 0xff, 0xfb, 0xff, 0xfe, 0xff, 0xcf, 0xc0, 0xff,  // Line 80
        0x00, 0x00, 0x00, 0x01, 0xe4, 0x00, 0x07, 0xf3, 0xff, 0xfd, 0xff, 0xff, 0xdf, 0x8f, 0xc0, 0x3f,  // Line 81
        0x00, 0x00, 0x00, 0x01, 0xcc, 0x00, 0x01, 0xf9, 0xff, 0xfe, 0x7f, 0xff, 0xbf, 0x2f, 0x80, 0x1f,  // Line 82
        0x00, 0x00, 0x00, 0x01, 0xd8, 0x00, 0x00, 0xf9, 0xff, 0xff, 0x3f, 0xff, 0x7e, 0x7f, 0x80, 0x03,  // Line 83
        0x00, 0x00, 0x00, 0x01, 0xd0, 0x00, 0x00, 0x39, 0xff, 0xff, 0xdf, 0xfe, 0xfc, 0xff, 0x80, 0x00,  // Line 84
        0x00, 0x00, 0x00, 0x01, 0xb0, 0x00, 0x00, 0x03, 0xfe, 0xff, 0xe7, 0xfd, 0xf9, 0xff, 0x80, 0x00,  // Line 85
        0x00, 0x00, 0x00, 0x00, 0xf0, 0x00, 0x00, 0x03, 0xfe, 0x7f, 0xfb, 0xfb, 0xf3, 0xfb, 0x80, 0x00,  // Line 86
        0x00, 0x00, 0x00, 0x00, 0x98, 0x00, 0x00, 0x07, 0xff, 0x7f, 0xfc, 0xe3, 0xe5, 0xf9, 0x80, 0x00,  // Line 87
        0x00, 0x00, 0x00, 0x00, 0xd8, 0x00, 0x00, 0x07, 0xff, 0xbf, 0xff, 0xc7, 0x09, 0xf1, 0x00, 0x00,  // Line 88
        0x00, 0x00, 0x00, 0x00, 0xdc, 0x00, 0x00, 0x0f, 0xff, 0x9f, 0xff, 0x8e, 0x13, 0xe0, 0x00, 0x00,  // Line 89
        0x00, 0x00, 0x00, 0x00, 0xee, 0x00, 0x00, 0x0f, 0xff, 0xdf, 0xff, 0x98, 0x07, 0x80, 0x00, 0x00,  // Line 90
        0x00, 0x00, 0x00, 0x00, 0xf7, 0x00, 0x00, 0x1f, 0xff, 0xef, 0xff, 0x02, 0x1f, 0x00, 0x00, 0x00,  // Line 91
        0x00, 0x00, 0x00, 0x00, 0x7b, 0x80, 0x00, 0x3f, 0xff, 0xe7, 0xfe, 0x27, 0xf8, 0x00, 0x00, 0x00,  // Line 92
        0x00, 0x00, 0x00, 0x00, 0x7d, 0xc0, 0x00, 0x3f, 0xdf, 0xf3, 0xfc, 0xff, 0xc0, 0x00, 0x00, 0x00,  // Line 93
        0x00, 0x00, 0x00, 0x00, 0x7e, 0xe0, 0x00, 0x7f, 0xdf, 0xfb, 0xf0, 0x00, 0x00, 0x00, 0x00, 0x00,  // Line 94
        0x00, 0x00, 0x00, 0x00, 0x3f, 0x78, 0x00, 0xff, 0xdf, 0xff, 0xc0, 0x00, 0x00, 0x00, 0x00, 0x00,  // Line 95
        0x00, 0x00, 0x00, 0x00, 0x1f, 0xbc, 0x01, 0xff, 0xdf, 0xff, 0x00, 0x00, 0x00, 0x00, 0x00, 0x00,  // Line 96
        0x00, 0x00, 0x00, 0x00, 0x0f, 0xcf, 0xe3, 0xff, 0xdf, 0xf8, 0x00, 0x00, 0x00, 0x00, 0x00, 0x00,  // Line 97
        0x00, 0x00, 0x00, 0x00, 0x07, 0xf3, 0xc7, 0xff, 0xdf, 0xe0, 0x00, 0x00, 0x00, 0x00, 0x00, 0x00,  // Line 98
        0x00, 0x00, 0x00, 0x00, 0x01, 0xfc, 0x1f, 0xff, 0xcf, 0x80, 0x00, 0x00, 0x00, 0x00, 0x00, 0x00,  // Line 99
        0x00, 0x00, 0x00, 0x00, 0x00, 0x73, 0xff, 0xff, 0xfe, 0x00, 0x00, 0x00, 0x00, 0x00, 0x00, 0x00,  // Line 100
        0x00, 0x00, 0x00, 0x00, 0x00, 0x0b, 0xff, 0xff, 0xe0, 0x00, 0x00, 0x00, 0x00, 0x00, 0x00, 0x00,  // Line 101
        0x00, 0x00, 0x00, 0x10, 0x00, 0x00, 0x1f, 0xf0, 0x00, 0x00, 0x00, 0x00, 0x00, 0x00, 0x00, 0x00,  // Line 102
        0x00, 0x00, 0x00, 0x30, 0x00, 0x00, 0x00, 0x00, 0x00, 0x00, 0x00, 0x00, 0x00, 0x00, 0x00, 0x00,  // Line 103
        0x00, 0x00, 0x00, 0x40, 0x00, 0x00, 0x00, 0x00, 0x00, 0x00, 0x00, 0x00, 0x00, 0x00, 0x00, 0x00,  // Line 104
        0x00, 0x00, 0x01, 0x80, 0x00, 0x00, 0x00, 0x00, 0x00, 0x00, 0x00, 0x00, 0x00, 0x00, 0x00, 0x00,  // Line 105
        0x00, 0x00, 0x03, 0x00, 0x00, 0x00, 0x00, 0x00, 0x00, 0x00, 0x00, 0x00, 0x00, 0x00, 0x00, 0x00,  // Line 106
        0x00, 0x00, 0x06, 0x00, 0x00, 0x00, 0x00, 0x00, 0x00, 0x00, 0x00, 0x00, 0x00, 0x00, 0x00, 0x00,  // Line 107
        0x00, 0x00, 0x0c, 0x00, 0x00, 0x00, 0x00, 0x00, 0x00, 0x00, 0x00, 0x00, 0x00, 0x00, 0x00, 0x00,  // Line 108
        0x00, 0x00, 0x10, 0x00, 0x00, 0x00, 0x00, 0x00, 0x00, 0x00, 0x00, 0x00, 0x00, 0x00, 0x00, 0x00,  // Line 109
        0x00, 0x00, 0x20, 0x00, 0x00, 0x00, 0x00, 0x00, 0x00, 0x00, 0x00, 0x00, 0x00, 0x00, 0x00, 0x00,  // Line 110
        0x00, 0x00, 0x40, 0x00, 0x00, 0x00, 0x00, 0x00, 0x00, 0x00, 0x00, 0x00, 0x00, 0x00, 0x00, 0x00,  // Line 111
        0x00, 0x00, 0xc0, 0x00, 0x00, 0x00, 0x00, 0x00, 0x00, 0x00, 0x00, 0x00, 0x00, 0x00, 0x00, 0x00,  // Line 112
        0x00, 0x01, 0x80, 0x00, 0x00, 0x00, 0x00, 0x00, 0x00, 0x00, 0x00, 0x00, 0x00, 0x00, 0x00, 0x00,  // Line 113
        0x00, 0x01, 0x00, 0x00, 0x00, 0x00, 0x00, 0x00, 0x00, 0x00, 0x00, 0x00, 0x00, 0x00, 0x00, 0x00,  // Line 114
        0x00, 0x02, 0x00, 0x00, 0x00, 0x00, 0x00, 0x00, 0x00, 0x00, 0x00, 0x00, 0x00, 0x00, 0x00, 0x00,  // Line 115
        0x00, 0x04, 0x00, 0x00, 0x00, 0x00, 0x00, 0x00, 0x00, 0x00, 0x00, 0x00, 0x00, 0x00, 0x00, 0x00,  // Line 116
        0x00, 0x08, 0x00, 0x00, 0x00, 0x00, 0x00, 0x00, 0x00, 0x00, 0x00, 0x00, 0x00, 0x00, 0x00, 0x00,  // Line 117
        0x00, 0x10, 0x00, 0x00, 0x00, 0x00, 0x00, 0x00, 0x00, 0x00, 0x00, 0x00, 0x00, 0x00, 0x00, 0x00,  // Line 118
        0x00, 0x20, 0x00, 0x00, 0x00, 0x00, 0x00, 0x00, 0x00, 0x00, 0x00, 0x00, 0x00, 0x00, 0x00, 0x00,  // Line 119
        0x00, 0x60, 0x00, 0x00, 0x00, 0x00, 0x00, 0x00, 0x00, 0x00, 0x00, 0x00, 0x00, 0x00, 0x00, 0x00,  // Line 120
        0x00, 0x40, 0x00, 0x00, 0x00, 0x00, 0x00, 0x00, 0x00, 0x00, 0x00, 0x00, 0x00, 0x00, 0x00, 0x00,  // Line 121
        0x00, 0x80, 0x00, 0x00, 0x00, 0x00, 0x00, 0x00, 0x00, 0x00, 0x00, 0x00, 0x00, 0x00, 0x00, 0x00,  // Line 122
        0x01, 0x00, 0x00, 0x00, 0x00, 0x00, 0x00, 0x00, 0x00, 0x00, 0x00, 0x00, 0x00, 0x00, 0x00, 0x00,  // Line 123
        0x02, 0x00, 0x00, 0x00, 0x00, 0x00, 0x00, 0x00, 0x00, 0x00, 0x00, 0x00, 0x00, 0x00, 0x00, 0x00,  // Line 124
        0x02, 0x00, 0x00, 0x00, 0x00, 0x00, 0x00, 0x00, 0x00, 0x00, 0x00, 0x00, 0x00, 0x00, 0x00, 0x00,  // Line 125
        0x04, 0x00, 0x00, 0x00, 0x00, 0x00, 0x00, 0x00, 0x00, 0x00, 0x00, 0x00, 0x00, 0x00, 0x00, 0x00,  // Line 126
        0x08, 0x00, 0x00, 0x00, 0x00, 0x00, 0x00, 0x00, 0x00, 0x00, 0x00, 0x00, 0x00, 0x00, 0x00, 0x00,  // Line 127
    },
    { /* Frame 15 */
        0x00, 0x00, 0x00, 0x00, 0x00, 0x00, 0x00, 0x1e, 0x00, 0xff, 0xff, 0xff, 0xff, 0xe3, 0xff, 0xff,  // Line 0
        0x00, 0x00, 0x00, 0x00, 0x00, 0x00, 0x00, 0x0f, 0x80, 0xff, 0xff, 0xff, 0xff, 0xe7, 0xff, 0xff,  // Line 1
        0x00, 0x00, 0x00, 0x00, 0x00, 0x00, 0x00, 0x0f, 0xc0, 0xff, 0xff, 0xff, 0xff, 0xff, 0xff, 0xff,  // Line 2
        0x00, 0x00, 0x00, 0x00, 0x00, 0x00, 0x00, 0x07, 0xf0, 0xff, 0xff, 0xff, 0xff, 0xff, 0xff, 0xff,  // Line 3
        0x00, 0x00, 0x00, 0x00, 0x00, 0x00, 0x00, 0x03, 0xf8, 0x7f, 0xff, 0xff, 0xff, 0xff, 0xff, 0xff,  // Line 4
        0x00, 0x00, 0x00, 0x00, 0x00, 0x00, 0x00, 0x01, 0xfe, 0x7f, 0xff, 0xff, 0xff, 0xff, 0xff, 0xff,  // Line 5
        0x00, 0x00, 0x00, 0x00, 0x00, 0x00, 0x00, 0x00, 0xff, 0x3f, 0xff, 0xff, 0xff, 0xff, 0xff, 0xff,  // Line 6
        0x00, 0x00, 0x00, 0x00, 0x00, 0x00, 0x00, 0x00, 0x7f, 0xff, 0xff, 0xff, 0xff, 0xff, 0xff, 0xff,  // Line 7
        0x00, 0x00, 0x00, 0x00, 0x00, 0x00, 0x00, 0x00, 0x7f, 0xff, 0xff, 0xff, 0xff, 0xff, 0xff, 0xff,  // Line 8
        0x00, 0x00, 0x00, 0x00, 0x00, 0x00, 0x00, 0x00, 0x3f, 0xff, 0xff, 0xff, 0xff, 0xff, 0xff, 0xff,  // Line 9
        0x00, 0x00, 0x00, 0x00, 0x00, 0x00, 0x00, 0x00, 0x3f, 0xff, 0xff, 0xff, 0xff, 0xff, 0xff, 0xff,  // Line 10
        0x00, 0x00, 0x00, 0x00, 0x00, 0x00, 0x00, 0x00, 0x1f, 0xff, 0xff, 0xff, 0xff, 0xff, 0xff, 0xff,  // Line 11
        0x00, 0x00, 0x00, 0x00, 0x00, 0x00, 0x00, 0x00, 0x0f, 0xff, 0xff, 0xff, 0xff, 0xff, 0xff, 0xff,  // Line 12
        0x00, 0x00, 0x00, 0x00, 0x00, 0x00, 0x00, 0x03, 0x0f, 0xff, 0xff, 0xff, 0xff, 0xff, 0xff, 0xff,  // Line 13
        0x00, 0x00, 0x00, 0x00, 0x00, 0x00, 0x00, 0x0f, 0x87, 0xff, 0xff, 0xff, 0xff, 0xff, 0xff, 0xff,  // Line 14
        0x00, 0x00, 0x00, 0x00, 0x00, 0x00, 0x00, 0x3f, 0xc7, 0xff, 0xff, 0xff, 0xff, 0xff, 0xff, 0xff,  // Line 15
        0x00, 0x00, 0x00, 0x00, 0x00, 0x00, 0x00, 0xff, 0xf3, 0xff, 0xff, 0xff, 0xff, 0xff, 0xff, 0xff,  // Line 16
        0x00, 0x00, 0x00, 0x00, 0x00, 0x00, 0x07, 0xff, 0xff, 0xff, 0xff, 0xff, 0xff, 0xff, 0xff, 0xff,  // Line 17
        0x00, 0x00, 0x00, 0x00, 0x00, 0x00, 0x3f, 0xff, 0xff, 0xff, 0xff, 0xff, 0xff, 0xff, 0xff, 0xff,  // Line 18
        0x00, 0x00, 0x00, 0x00, 0x00, 0x03, 0x80, 0x00, 0x3f, 0xff, 0xff, 0xff, 0xff, 0xff, 0xff, 0xff,  // Line 19
        0x00, 0x00, 0x00, 0x00, 0x00, 0x08, 0x00, 0x00, 0x03, 0xff, 0xff, 0xff, 0xff, 0xff, 0xff, 0xff,  // Line 20
        0x00, 0x00, 0x00, 0x00, 0x00, 0x00, 0x00, 0x00, 0x07, 0xff, 0xff, 0xff, 0xff, 0xff, 0xff, 0xff,  // Line 21
        0x00, 0x00, 0x00, 0x00, 0x00, 0x00, 0x00, 0x00, 0x1f, 0xff, 0xff, 0xff, 0xff, 0xff, 0xff, 0xff,  // Line 22
        0x00, 0x00, 0x00, 0x00, 0x00, 0x00, 0x00, 0x00, 0x7f, 0xff, 0xff, 0xff, 0xff, 0xff, 0xff, 0xff,  // Line 23
        0x00, 0x00, 0x00, 0x00, 0x00, 0x00, 0x00, 0x01, 0xff, 0xff, 0xff, 0xff, 0xff, 0xff, 0xff, 0xff,  // Line 24
        0x00, 0x00, 0x00, 0x00, 0x00, 0x00, 0x00, 0x07, 0xff, 0xff, 0xff, 0xff, 0xff, 0xff, 0xff, 0xff,  // Line 25
        0x00, 0x00, 0x00, 0x00, 0x00, 0x00, 0x00, 0xcf, 0xff, 0xff, 0xff, 0xff, 0xff, 0xff, 0xff, 0xff,  // Line 26
        0x00, 0x00, 0x00, 0x00, 0x00, 0x00, 0x01, 0x3f, 0xff, 0xff, 0xff, 0xff, 0xff, 0xff, 0xff, 0xff,  // Line 27
        0x00, 0x00, 0x00, 0x00, 0x00, 0x00, 0x00, 0x7f, 0xff, 0xff, 0xff, 0xff, 0xff, 0xff, 0xff, 0xff,  // Line 28
        0x00, 0x00, 0x00, 0x00, 0x00, 0x00, 0x00, 0x01, 0xff, 0xff, 0xff, 0xff, 0xff, 0xff, 0xff, 0xff,  // Line 29
        0x00, 0x00, 0x00, 0x00, 0x00, 0x00, 0x00, 0x00, 0x01, 0xff, 0xff, 0xff, 0xff, 0xff, 0xff, 0xff,  // Line 30
        0x00, 0x00, 0x00, 0x00, 0x00, 0x00, 0x18, 0x00, 0x00, 0x0f, 0xff, 0xff, 0xff, 0xff, 0xff, 0xff,  // Line 31
        0x00, 0x00, 0x00, 0x00, 0x00, 0x00, 0x3b, 0x20, 0x00, 0x00, 0x7f, 0xff, 0xff, 0xff, 0xff, 0xff,  // Line 32
        0x00, 0x00, 0x00, 0x00, 0x00, 0x00, 0x66, 0x50, 0x00, 0x00, 0x07, 0xff, 0xff, 0xff, 0xff, 0xff,  // Line 33
        0x00, 0x00, 0x00, 0x00, 0x00, 0x00, 0x4e, 0xdf, 0xc4, 0x00, 0x07, 0xff, 0xff, 0xff, 0xff, 0xff,  // Line 34
        0x00, 0x00, 0x00, 0x00, 0x00, 0x00, 0x9d, 0x83, 0xc7, 0xc0, 0x9f, 0xff, 0xff, 0xff, 0xff, 0xff,  // Line 35
        0x00, 0x00, 0x00, 0x00, 0x00, 0x00, 0x3b, 0x00, 0xc7, 0xf8, 0x3f, 0xff, 0xff, 0xff, 0xff, 0xff,  // Line 36
        0x00, 0x00, 0x00, 0x00, 0x00, 0x00, 0x7a, 0x00, 0x47, 0xfe, 0x7f, 0xff, 0xff, 0xff, 0xff, 0xff,  // Line 37
        0x00, 0x00, 0x00, 0x00, 0x00, 0x00, 0x76, 0x00, 0x47, 0xfe, 0xff, 0xff, 0xff, 0xff, 0xff, 0xff,  // Line 38
        0x00, 0x00, 0x00, 0x00, 0x00, 0x00, 0x6e, 0x00, 0x07, 0xfd, 0xff, 0xff, 0xff, 0xff, 0xff, 0xff,  // Line 39
        0x00, 0x00, 0x00, 0x00, 0x00, 0x00, 0xce, 0x3e, 0x07, 0xfb, 0xff, 0xff, 0xff, 0xff, 0xff, 0xff,  // Line 40
        0x00, 0x00, 0x00, 0x00, 0x00, 0x00, 0xde, 0x3f, 0x07, 0xf7, 0xff, 0xff, 0xff, 0xff, 0xff, 0xff,  // Line 41
        0x00, 0x00, 0x00, 0x00, 0x00, 0x00, 0xbe, 0x79, 0x87, 0xef, 0xff, 0xff, 0xff, 0xff, 0xff, 0xff,  // Line 42
        0x00, 0x00, 0x00, 0x00, 0x00, 0x00, 0x3e, 0x60, 0x07, 0xdf, 0xff, 0xff, 0xff, 0xff, 0xff, 0xff,  // Line 43
        0x00, 0x00, 0x00, 0x00, 0x00, 0x00, 0x7e, 0x66, 0x07, 0x9f, 0xfe, 0x03, 0xff, 0xff, 0xff, 0xff,  // Line 44
        0x00, 0x00, 0x00, 0x00, 0x00, 0x00, 0xfe, 0xc2, 0x07, 0xbf, 0xe0, 0x00, 0xff, 0xff, 0xff, 0xff,  // Line 45
        0x00, 0x00, 0x00, 0x00, 0x00, 0x00, 0xff, 0xc1, 0x07, 0x7f, 0x80, 0x01, 0xff, 0xff, 0xff, 0xff,  // Line 46
        0x00, 0x00, 0x00, 0x00, 0x00, 0x01, 0xff, 0xc9, 0x06, 0x7e, 0x00, 0x23, 0xff, 0xff, 0xff, 0xff,  // Line 47
        0x00, 0x00, 0x00, 0x00, 0x00, 0x01, 0xff, 0xe4, 0x06, 0xf8, 0x00, 0x0f, 0xff, 0xff, 0xff, 0xff,  // Line 48
        0x00, 0x00, 0x00, 0x00, 0x00, 0x02, 0xff, 0xf2, 0x45, 0xe0, 0x00, 0x9f, 0xff, 0xff, 0xff, 0xff,  // Line 49
        0x00, 0x00, 0x00, 0x00, 0x00, 0x06, 0x7f, 0xff, 0x85, 0xc0, 0x7f, 0x3f, 0xff, 0xff, 0xff, 0xff,  // Line 50
        0x00, 0x00, 0x00, 0x00, 0x00, 0x07, 0x9f, 0xff, 0x81, 0x0f, 0xfe, 0x7f, 0xff, 0xff, 0xff, 0xff,  // Line 51
        0x00, 0x00, 0x00, 0x00, 0x00, 0x0f, 0xcf, 0xe7, 0x82, 0x1f, 0xfc, 0xff, 0xff, 0xff, 0xff, 0xff,  // Line 52
        0x00, 0x00, 0x00, 0x00, 0x00, 0x0f, 0xe7, 0xf3, 0x04, 0x9f, 0xf9, 0xff, 0xff, 0xff, 0xff, 0xff,  // Line 53
        0x00, 0x00, 0x00, 0x00, 0x00, 0x1f, 0xff, 0xf1, 0x81, 0xbf, 0xf3, 0xff, 0xff, 0xff, 0xff, 0xff,  // Line 54
        0x00, 0x00, 0x00, 0x00, 0x00, 0x1f, 0xff, 0xf9, 0x83, 0x7f, 0xf7, 0xff, 0xff, 0xe7, 0xff, 0xff,  // Line 55
        0x00, 0x00, 0x00, 0x00, 0x00, 0x3f, 0xff, 0xff, 0xa0, 0xff, 0xef, 0xff, 0xff, 0x87, 0xff, 0xff,  // Line 56
        0x00, 0x00, 0x00, 0x00, 0x00, 0x3f, 0xff, 0xff, 0xef, 0xfe, 0x53, 0xff, 0xff, 0x0f, 0xff, 0xff,  // Line 57
        0x00, 0x00, 0x00, 0x00, 0x00, 0x63, 0xff, 0xfe, 0xff, 0xf9, 0xa7, 0xff, 0xfc, 0x0f, 0xff, 0xff,  // Line 58
        0x00, 0x00, 0x00, 0x00, 0x00, 0x7c, 0xff, 0xff, 0x73, 0xe7, 0x0f, 0xff, 0xf8, 0x0f, 0xff, 0xff,  // Line 59
        0x00, 0x00, 0x00, 0x00, 0x00, 0x7f, 0x7f, 0xff, 0xbd, 0xcf, 0x1f, 0xff, 0xdc, 0x1f, 0xff, 0xff,  // Line 60
        0x00, 0x00, 0x00, 0x00, 0x00, 0xff, 0xff, 0xff, 0xfe, 0xde, 0x3f, 0xfe, 0x38, 0x1f, 0xff, 0xff,  // Line 61
        0x00, 0x00, 0x00, 0x00, 0x00, 0xff, 0xff, 0xff, 0xff, 0x5e, 0x7f, 0xf9, 0xf8, 0x3f, 0x3f, 0xff,  // Line 62
        0x00, 0x00, 0x00, 0x00, 0x00, 0xff, 0xff, 0xff, 0xff, 0x38, 0xff, 0xc3, 0xf8, 0x3e, 0x7f, 0xff,  // Line 63
        0x00, 0x00, 0x00, 0x00, 0x00, 0xff, 0xff, 0xff, 0xff, 0xb9, 0xfe, 0x00, 0x00, 0x3e, 0x7f, 0xff,  // Line 64
        0x00, 0x00, 0x00, 0x00, 0x01, 0xff, 0xff, 0xff, 0xff, 0xb9, 0xf0, 0x00, 0x00, 0x7c, 0x7f, 0xff,  // Line 65
        0x00, 0x00, 0x00, 0x00, 0x01, 0xff, 0xff, 0xff, 0xfc, 0xf3, 0xc0, 0x00, 0x00, 0x78, 0x7f, 0xff,  // Line 66
        0x00, 0x00, 0x00, 0x00, 0x00, 0x1f, 0xff, 0xff, 0xff, 0x77, 0x00, 0x00, 0xf0, 0x78, 0x7f, 0xff,  // Line 67
        0x00, 0x00, 0x00, 0x00, 0x01, 0xff, 0xff, 0xff, 0xff, 0xa4, 0x66, 0x18, 0x38, 0xf0, 0x7f, 0xff,  // Line 68
        0x00, 0x00, 0x00, 0x00, 0x01, 0xff, 0xff, 0xff, 0xff, 0xc9, 0xfc, 0x04, 0x10, 0xe0, 0x7f, 0xff,  // Line 69
        0x00, 0x00, 0x00, 0x00, 0x01, 0xff, 0xff, 0xff, 0xff, 0xc7, 0xf9, 0x86, 0x00, 0xc8, 0x7f, 0xff,  // Line 70
        0x00, 0x00, 0x00, 0x00, 0x01, 0xff, 0xff, 0xff, 0xff, 0xef, 0xfa, 0x47, 0x01, 0xd8, 0x7f, 0xff,  // Line 71
        0x00, 0x00, 0x00, 0x00, 0x01, 0xff, 0xff, 0xff, 0xff, 0xff, 0xfa, 0x27, 0x01, 0xb0, 0x7f, 0xff,  // Line 72
        0x00, 0x00, 0x00, 0x00, 0x01, 0xff, 0xff, 0x7f, 0xff, 0xff, 0x38, 0x07, 0x01, 0xb0, 0x7f, 0xff,  // Line 73
        0x00, 0x00, 0x00, 0x00, 0x01, 0xff, 0x7f, 0xff, 0xff, 0xff, 0x98, 0x0f, 0x01, 0x70, 0x7f, 0xff,  // Line 74
        0x00, 0x00, 0x00, 0x00, 0x01, 0xfe, 0xdf, 0xff, 0xff, 0xff, 0xcc, 0x1f, 0x03, 0x70, 0x7d, 0xff,  // Line 75
        0x00, 0x00, 0x00, 0x00, 0x01, 0xfc, 0xe7, 0xf7, 0xff, 0xff, 0xf6, 0x3f, 0x02, 0xf0, 0xf9, 0xff,  // Line 76
        0x00, 0x00, 0x00, 0x00, 0x01, 0xfc, 0x7b, 0xff, 0xff, 0xff, 0xff, 0xfe, 0x02, 0xf0, 0xf9, 0xff,  // Line 77
        0x00, 0x00, 0x00, 0x00, 0x01, 0xfc, 0x3c, 0xff, 0xff, 0xff, 0xfe, 0xfc, 0x01, 0xf0, 0xf8, 0x7f,  // Line 78
        0x00, 0x00, 0x00, 0x00, 0x01, 0xf8, 0x9f, 0x7f, 0xff, 0xff, 0xff, 0xe0, 0x01, 0xec, 0xf8, 0x3f,  // Line 79
        0x00, 0x00, 0x00, 0x00, 0x01, 0xf9, 0x07, 0x9f, 0xff, 0xff, 0xff, 0xe0, 0x33, 0xdc, 0xf0, 0x1f,  // Line 80
        0x00, 0x00, 0x00, 0x00, 0x01, 0xf8, 0x03, 0xcf, 0xff, 0xff, 0xff, 0xff, 0xf3, 0xbc, 0xf0, 0x0f,  // Line 81
        0x00, 0x00, 0x00, 0x00, 0x01, 0xfa, 0x01, 0xf3, 0xff, 0xff, 0xff, 0xff, 0xf3, 0x7d, 0xf0, 0x03,  // Line 82
        0x00, 0x00, 0x00, 0x00, 0x00, 0xfb, 0x80, 0x79, 0xff, 0xff, 0x9f, 0xff, 0xf5, 0xf9, 0xe0, 0x01,  // Line 83
        0x00, 0x00, 0x00, 0x00, 0x00, 0xfd, 0xc0, 0x3e, 0xff, 0xff, 0xcf, 0xff, 0xf9, 0xf1, 0xe0, 0x00,  // Line 84
        0x00, 0x00, 0x00, 0x00, 0x00, 0xfe, 0xe0, 0x0f, 0x3f, 0xff, 0xf3, 0xff, 0xf3, 0xe4, 0xe0, 0x00,  // Line 85
        0x00, 0x00, 0x00, 0x00, 0x00, 0xbf, 0x70, 0x07, 0x9f, 0xff, 0xf9, 0xff, 0xef, 0xdc, 0xc0, 0x00,  // Line 86
        0x00, 0x00, 0x00, 0x00, 0x00, 0x7f, 0xb8, 0x01, 0x9f, 0xef, 0xfe, 0x7f, 0xdf, 0x3d, 0xc0, 0x00,  // Line 87
        0x00, 0x00, 0x00, 0x00, 0x00, 0x7f, 0xee, 0x00, 0x1f, 0xe7, 0xff, 0x1f, 0xbe, 0x7f, 0xc0, 0x00,  // Line 88
        0x00, 0x00, 0x00, 0x00, 0x00, 0x7f, 0xf7, 0x00, 0x3f, 0xf7, 0xff, 0xc6, 0x38, 0xdf, 0x80, 0x00,  // Line 89
        0x00, 0x00, 0x00, 0x00, 0x00, 0x7f, 0xff, 0x80, 0x3f, 0xfb, 0xff, 0xf6, 0x71, 0x9f, 0x80, 0x00,  // Line 90
        0x00, 0x00, 0x00, 0x00, 0x00, 0x7f, 0xfe, 0xc0, 0x3f, 0xf9, 0xff, 0xfc, 0xc0, 0x3c, 0x80, 0x00,  // Line 91
        0x00, 0x00, 0x00, 0x00, 0x00, 0x3f, 0xff, 0x70, 0x7f, 0xfd, 0xff, 0xf8, 0x00, 0x78, 0x00, 0x00,  // Line 92
        0x00, 0x00, 0x00, 0x00, 0x00, 0x3f, 0xff, 0xb8, 0x7f, 0xfe, 0xff, 0xf0, 0x39, 0xe0, 0x00, 0x00,  // Line 93
        0x00, 0x00, 0x00, 0x00, 0x00, 0x1f, 0xff, 0xee, 0xfd, 0xff, 0x7f, 0xc4, 0x7f, 0x00, 0x00, 0x00,  // Line 94
        0x00, 0x00, 0x00, 0x00, 0x00, 0x0f, 0xff, 0xf9, 0xfd, 0xff, 0x3f, 0x01, 0xf8, 0x00, 0x00, 0x00,  // Line 95
        0x00, 0x00, 0x00, 0x00, 0x00, 0x07, 0xff, 0xff, 0xfc, 0xff, 0xbc, 0x00, 0x00, 0x00, 0x00, 0x00,  // Line 96
        0x00, 0x00, 0x00, 0x00, 0x00, 0x01, 0xff, 0xff, 0xfe, 0xff, 0xe0, 0x00, 0x00, 0x00, 0x00, 0x00,  // Line 97
        0x00, 0x00, 0x00, 0x00, 0x00, 0x00, 0x7f, 0xff, 0xfe, 0xff, 0x80, 0x00, 0x00, 0x00, 0x00, 0x00,  // Line 98
        0x00, 0x00, 0x00, 0x00, 0x00, 0x00, 0x1f, 0xff, 0xff, 0x7c, 0x00, 0x00, 0x00, 0x00, 0x00, 0x00,  // Line 99
        0x00, 0x00, 0x00, 0x00, 0x00, 0x00, 0x00, 0x7f, 0xff, 0x60, 0x00, 0x00, 0x00, 0x00, 0x00, 0x00,  // Line 100
        0x00, 0x00, 0x00, 0x00, 0x00, 0x00, 0x00, 0x00, 0x00, 0x00, 0x00, 0x00, 0x00, 0x00, 0x00, 0x00,  // Line 101
        0x00, 0x00, 0x00, 0x00, 0x00, 0x00, 0x00, 0x00, 0x00, 0x00, 0x00, 0x00, 0x00, 0x00, 0x00, 0x00,  // Line 102
        0x00, 0x00, 0x00, 0x00, 0x00, 0x00, 0x00, 0x00, 0x00, 0x00, 0x00, 0x00, 0x00, 0x00, 0x00, 0x00,  // Line 103
        0x00, 0x00, 0x00, 0x00, 0x00, 0x00, 0x00, 0x00, 0x00, 0x00, 0x00, 0x00, 0x00, 0x00, 0x00, 0x00,  // Line 104
        0x00, 0x00, 0x00, 0x00, 0xc0, 0x00, 0x00, 0x00, 0x00, 0x00, 0x00, 0x00, 0x00, 0x00, 0x00, 0x00,  // Line 105
        0x00, 0x00, 0x00, 0x01, 0x80, 0x00, 0x00, 0x00, 0x00, 0x00, 0x00, 0x00, 0x00, 0x00, 0x00, 0x00,  // Line 106
        0x00, 0x00, 0x00, 0x06, 0x00, 0x00, 0x00, 0x00, 0x00, 0x00, 0x00, 0x00, 0x00, 0x00, 0x00, 0x00,  // Line 107
        0x00, 0x00, 0x00, 0x0c, 0x00, 0x00, 0x00, 0x00, 0x00, 0x00, 0x00, 0x00, 0x00, 0x00, 0x00, 0x00,  // Line 108
        0x00, 0x00, 0x00, 0x18, 0x00, 0x00, 0x00, 0x00, 0x00, 0x00, 0x00, 0x00, 0x00, 0x00, 0x00, 0x00,  // Line 109
        0x00, 0x00, 0x00, 0x30, 0x00, 0x00, 0x00, 0x00, 0x00, 0x00, 0x00, 0x00, 0x00, 0x00, 0x00, 0x00,  // Line 110
        0x00, 0x00, 0x00, 0x60, 0x00, 0x00, 0x00, 0x00, 0x00, 0x00, 0x00, 0x00, 0x00, 0x00, 0x00, 0x00,  // Line 111
        0x00, 0x00, 0x00, 0xc0, 0x00, 0x00, 0x00, 0x00, 0x00, 0x00, 0x00, 0x00, 0x00, 0x00, 0x00, 0x00,  // Line 112
        0x80, 0x00, 0x00, 0x80, 0x00, 0x00, 0x00, 0x00, 0x00, 0x00, 0x00, 0x00, 0x00, 0x00, 0x00, 0x00,  // Line 113
        0xe0, 0x00, 0x01, 0x00, 0x00, 0x00, 0x00, 0x00, 0x00, 0x00, 0x00, 0x00, 0x00, 0x00, 0x00, 0x00,  // Line 114
        0xf0, 0x00, 0x02, 0x00, 0x00, 0x00, 0x00, 0x00, 0x00, 0x00, 0x00, 0x00, 0x00, 0x00, 0x00, 0x00,  // Line 115
        0xe0, 0x00, 0x04, 0x00, 0x00, 0x00, 0x00, 0x00, 0x00, 0x00, 0x00, 0x00, 0x00, 0x00, 0x00, 0x00,  // Line 116
        0xe0, 0x00, 0x08, 0x00, 0x00, 0x00, 0x00, 0x00, 0x00, 0x00, 0x00, 0x00, 0x00, 0x00, 0x00, 0x00,  // Line 117
        0xe0, 0x00, 0x18, 0x00, 0x00, 0x00, 0x00, 0x00, 0x00, 0x00, 0x00, 0x00, 0x00, 0x00, 0x00, 0x00,  // Line 118
        0xf0, 0x00, 0x10, 0x00, 0x00, 0x00, 0x00, 0x00, 0x00, 0x00, 0x00, 0x00, 0x00, 0x00, 0x00, 0x00,  // Line 119
        0xf8, 0x00, 0x20, 0x00, 0x00, 0x00, 0x00, 0x00, 0x00, 0x00, 0x00, 0x00, 0x00, 0x00, 0x00, 0x00,  // Line 120
        0xf8, 0x00, 0x40, 0x00, 0x00, 0x00, 0x00, 0x00, 0x00, 0x00, 0x00, 0x00, 0x00, 0x00, 0x00, 0x00,  // Line 121
        0xf8, 0x00, 0x80, 0x00, 0x00, 0x00, 0x00, 0x00, 0x00, 0x00, 0x00, 0x00, 0x00, 0x00, 0x00, 0x00,  // Line 122
        0xfc, 0x01, 0x00, 0x00, 0x00, 0x00, 0x00, 0x00, 0x00, 0x00, 0x00, 0x00, 0x00, 0x00, 0x00, 0x00,  // Line 123
        0xfc, 0x01, 0x00, 0x00, 0x00, 0x00, 0x00, 0x00, 0x00, 0x00, 0x00, 0x00, 0x00, 0x00, 0x00, 0x00,  // Line 124
        0xfc, 0x02, 0x00, 0x00, 0x00, 0x00, 0x00, 0x00, 0x00, 0x00, 0x00, 0x00, 0x00, 0x00, 0x00, 0x00,  // Line 125
        0xfe, 0x04, 0x00, 0x00, 0x00, 0x00, 0x00, 0x00, 0x00, 0x00, 0x00, 0x00, 0x00, 0x00, 0x00, 0x00,  // Line 126
        0xfe, 0x08, 0x00, 0x00, 0x00, 0x00, 0x00, 0x00, 0x00, 0x00, 0x00, 0x00, 0x00, 0x00, 0x00, 0x00,  // Line 127
    },
    { /* Frame 16 */
        0x00, 0x00, 0x00, 0x00, 0x00, 0x00, 0x08, 0x00, 0x0f, 0xff, 0x1f, 0xff, 0xff, 0xff, 0xff, 0xff,  // Line 0
        0x00, 0x00, 0x00, 0x00, 0x00, 0x00, 0x07, 0x00, 0x07, 0xff, 0xbf, 0xff, 0xff, 0xff, 0xff, 0xff,  // Line 1
        0x00, 0x00, 0x00, 0x00, 0x00, 0x00, 0x03, 0xf0, 0x07, 0xff, 0xff, 0xff, 0xff, 0xff, 0xff, 0xff,  // Line 2
        0x00, 0x00, 0x00, 0x00, 0x00, 0x00, 0x01, 0xfc, 0x07, 0xff, 0xff, 0xff, 0xff, 0xff, 0xff, 0xff,  // Line 3
        0x00, 0x00, 0x00, 0x00, 0x00, 0x00, 0x00, 0xfe, 0x07, 0xff, 0xff, 0xff, 0xff, 0xff, 0xff, 0xff,  // Line 4
        0x00, 0x00, 0x00, 0x00, 0x00, 0x00, 0x00, 0x7f, 0x83, 0xff, 0xff, 0xff, 0xff, 0xff, 0xff, 0xff,  // Line 5
        0x00, 0x00, 0x00, 0x00, 0x00, 0x00, 0x00, 0x3f, 0xe3, 0xff, 0xff, 0xff, 0xff, 0xff, 0xff, 0xff,  // Line 6
        0x00, 0x00, 0x00, 0x00, 0x00, 0x00, 0x00, 0x1f, 0xf3, 0xff, 0xff, 0xff, 0xff, 0xff, 0xff, 0xfe,  // Line 7
        0x00, 0x00, 0x00, 0x00, 0x00, 0x00, 0x00, 0x0f, 0xf9, 0xff, 0xff, 0xff, 0xff, 0xff, 0xff, 0xfe,  // Line 8
        0x00, 0x00, 0x00, 0x00, 0x00, 0x00, 0x00, 0x07, 0xfe, 0xff, 0xff, 0xff, 0xff, 0xff, 0xff, 0xfc,  // Line 9
        0x00, 0x00, 0x00, 0x00, 0x00, 0x00, 0x00, 0x03, 0xff, 0xff, 0xff, 0xff, 0xff, 0xff, 0xff, 0xff,  // Line 10
        0x00, 0x00, 0x00, 0x00, 0x00, 0x00, 0x00, 0x00, 0xff, 0xff, 0xff, 0xff, 0xff, 0xff, 0xff, 0xff,  // Line 11
        0x00, 0x00, 0x00, 0x00, 0x00, 0x00, 0x00, 0x00, 0xff, 0xff, 0xff, 0xff, 0xff, 0xff, 0xff, 0xff,  // Line 12
        0x00, 0x00, 0x00, 0x00, 0x00, 0x00, 0x00, 0x00, 0x7f, 0xff, 0xff, 0xff, 0xff, 0xff, 0xff, 0xff,  // Line 13
        0x00, 0x00, 0x00, 0x00, 0x00, 0x00, 0x00, 0x00, 0x3f, 0xff, 0xff, 0xff, 0xff, 0xff, 0xff, 0xff,  // Line 14
        0x00, 0x00, 0x00, 0x00, 0x00, 0x00, 0x00, 0x7e, 0x1f, 0xff, 0xff, 0xff, 0xff, 0xff, 0xff, 0xff,  // Line 15
        0x00, 0x00, 0x00, 0x00, 0x00, 0x00, 0x01, 0xff, 0x0f, 0xff, 0xff, 0xff, 0xff, 0xff, 0xff, 0xff,  // Line 16
        0x00, 0x00, 0x00, 0x00, 0x00, 0x00, 0x07, 0xff, 0x07, 0xff, 0xff, 0xff, 0xff, 0xff, 0xff, 0xff,  // Line 17
        0x00, 0x00, 0x00, 0x00, 0x00, 0x00, 0x1f, 0xf0, 0x03, 0xff, 0xff, 0xff, 0xff, 0xff, 0xff, 0xff,  // Line 18
        0x00, 0x00, 0x00, 0x00, 0x00, 0x00, 0x70, 0x00, 0x03, 0xff, 0xff, 0xff, 0xff, 0xff, 0xff, 0xff,  // Line 19
        0x00, 0x00, 0x00, 0x00, 0x00, 0x00, 0x00, 0x00, 0x0f, 0xff, 0xff, 0xff, 0xff, 0xff, 0xff, 0xff,  // Line 20
        0x00, 0x00, 0x00, 0x00, 0x00, 0x00, 0x00, 0x00, 0x1f, 0xff, 0xff, 0xff, 0xff, 0xff, 0xff, 0xff,  // Line 21
        0x00, 0x00, 0x00, 0x00, 0x00, 0x00, 0x00, 0x00, 0x7f, 0xff, 0xff, 0xff, 0xff, 0xff, 0xff, 0xff,  // Line 22
        0x00, 0x00, 0x00, 0x00, 0x00, 0x00, 0x00, 0x01, 0xff, 0xff, 0xff, 0xff, 0xff, 0xff, 0xff, 0xff,  // Line 23
        0x00, 0x00, 0x00, 0x00, 0x00, 0x00, 0x00, 0x03, 0xff, 0xff, 0xff, 0xff, 0xff, 0xff, 0xff, 0xff,  // Line 24
        0x00, 0x00, 0x00, 0x00, 0x00, 0x00, 0x00, 0x0f, 0xff, 0xff, 0xff, 0xff, 0xff, 0xff, 0xff, 0xff,  // Line 25
        0x00, 0x00, 0x00, 0x00, 0x00, 0x00, 0x00, 0x1f, 0xff, 0xff, 0xff, 0xff, 0xff, 0xff, 0xff, 0xff,  // Line 26
        0x00, 0x00, 0x00, 0x00, 0x00, 0x00, 0x01, 0x3f, 0xff, 0xff, 0xff, 0xff, 0xff, 0xff, 0xff, 0xff,  // Line 27
        0x00, 0x00, 0x00, 0x00, 0x00, 0x00, 0x06, 0xff, 0xff, 0xff, 0xff, 0xff, 0xff, 0xff, 0xff, 0xff,  // Line 28
        0x00, 0x00, 0x00, 0x00, 0x00, 0x00, 0x09, 0xff, 0xff, 0xff, 0xff, 0xff, 0xff, 0xff, 0xff, 0xff,  // Line 29
        0x00, 0x00, 0x00, 0x00, 0x00, 0x00, 0x13, 0xe0, 0x00, 0xff, 0xff, 0xff, 0xff, 0xff, 0xff, 0xff,  // Line 30
        0x00, 0x00, 0x00, 0x00, 0x00, 0x00, 0x24, 0x00, 0x00, 0x03, 0xff, 0xff, 0xff, 0xff, 0xff, 0xff,  // Line 31
        0x00, 0x00, 0x00, 0x00, 0x00, 0x00, 0x40, 0x00, 0x00, 0x00, 0x7f, 0xff, 0xff, 0xff, 0xff, 0xff,  // Line 32
        0x00, 0x00, 0x00, 0x00, 0x00, 0x00, 0x80, 0x00, 0x00, 0x00, 0x1f, 0xff, 0xff, 0xff, 0xff, 0xff,  // Line 33
        0x00, 0x00, 0x00, 0x00, 0x00, 0x01, 0x09, 0xfe, 0x00, 0x00, 0x1f, 0xff, 0xff, 0xff, 0xff, 0xff,  // Line 34
        0x00, 0x00, 0x00, 0x00, 0x00, 0x00, 0x37, 0xff, 0x1e, 0x00, 0x1f, 0xff, 0xff, 0xff, 0xff, 0xff,  // Line 35
        0x00, 0x00, 0x00, 0x00, 0x00, 0x02, 0x6e, 0x1f, 0x3f, 0xf1, 0x3f, 0xff, 0xff, 0xff, 0xff, 0xff,  // Line 36
        0x00, 0x00, 0x00, 0x00, 0x00, 0x00, 0x5c, 0x07, 0x3f, 0xfe, 0x7f, 0xff, 0xff, 0xff, 0xff, 0xff,  // Line 37
        0x00, 0x00, 0x00, 0x00, 0x00, 0x00, 0x58, 0x03, 0x3f, 0xfc, 0xff, 0xff, 0xff, 0xff, 0xff, 0xff,  // Line 38
        0x00, 0x00, 0x00, 0x00, 0x00, 0x00, 0xb8, 0x01, 0x3f, 0xfd, 0xff, 0xff, 0xff, 0xff, 0xff, 0xff,  // Line 39
        0x00, 0x00, 0x00, 0x00, 0x00, 0x01, 0x78, 0x00, 0x3f, 0xfb, 0xff, 0xff, 0xff, 0xff, 0xff, 0xff,  // Line 40
        0x00, 0x00, 0x00, 0x00, 0x00, 0x09, 0x78, 0x70, 0x3f, 0xf7, 0xff, 0xff, 0xff, 0xff, 0xff, 0xff,  // Line 41
        0x00, 0x00, 0x00, 0x00, 0x00, 0x0a, 0xf9, 0xfc, 0x3f, 0xef, 0xff, 0xff, 0xff, 0xff, 0xff, 0xff,  // Line 42
        0x00, 0x00, 0x00, 0x00, 0x00, 0x15, 0xf9, 0xfe, 0x3f, 0xdf, 0xff, 0x8f, 0xff, 0xff, 0xff, 0xff,  // Line 43
        0x00, 0x00, 0x00, 0x00, 0x00, 0x11, 0xfb, 0x92, 0x3f, 0xbf, 0xf8, 0x0f, 0xff, 0xff, 0xff, 0xff,  // Line 44
        0x00, 0x00, 0x00, 0x00, 0x00, 0x03, 0xf3, 0x30, 0x3f, 0x7f, 0xe0, 0x3f, 0xff, 0xff, 0xff, 0xff,  // Line 45
        0x00, 0x00, 0x00, 0x00, 0x00, 0x03, 0xf3, 0x10, 0x3c, 0xff, 0x01, 0x3f, 0xff, 0xff, 0xff, 0xff,  // Line 46
        0x00, 0x00, 0x00, 0x00, 0x00, 0x07, 0xfb, 0x48, 0x3b, 0xfc, 0x04, 0xff, 0xff, 0xff, 0xff, 0xff,  // Line 47
        0x00, 0x00, 0x00, 0x00, 0x00, 0x07, 0xff, 0x04, 0x37, 0xf0, 0x19, 0xff, 0xff, 0xff, 0xff, 0xff,  // Line 48
        0x00, 0x00, 0x00, 0x00, 0x00, 0x0f, 0xff, 0x20, 0x0f, 0xc0, 0x09, 0xff, 0xff, 0xff, 0xff, 0xff,  // Line 49
        0x00, 0x00, 0x00, 0x00, 0x00, 0x0b, 0xff, 0x88, 0x1e, 0x0f, 0xf3, 0xff, 0xff, 0xff, 0xff, 0xff,  // Line 50
        0x00, 0x00, 0x00, 0x00, 0x00, 0x18, 0xff, 0xe6, 0x21, 0xff, 0xe7, 0xff, 0xff, 0xff, 0xff, 0xff,  // Line 51
        0x00, 0x00, 0x00, 0x00, 0x00, 0x1e, 0xff, 0x7c, 0x1f, 0xff, 0xef, 0xff, 0xff, 0xff, 0xff, 0xff,  // Line 52
        0x00, 0x00, 0x00, 0x00, 0x00, 0x3f, 0x3f, 0x3c, 0x1f, 0x7f, 0xdf, 0xff, 0xff, 0xff, 0xff, 0xff,  // Line 53
        0x00, 0x00, 0x00, 0x00, 0x00, 0x3f, 0xbf, 0x8c, 0x1e, 0xff, 0x9f, 0xff, 0xff, 0xff, 0xff, 0xff,  // Line 54
        0x00, 0x00, 0x00, 0x00, 0x00, 0x7f, 0xff, 0x84, 0x1c, 0xff, 0xbf, 0xff, 0xff, 0xff, 0xff, 0xff,  // Line 55
        0x00, 0x00, 0x00, 0x00, 0x00, 0x7f, 0xff, 0xcc, 0x19, 0xff, 0x7f, 0xff, 0xff, 0xff, 0xff, 0xff,  // Line 56
        0x00, 0x00, 0x00, 0x00, 0x00, 0x7f, 0xff, 0xf7, 0x33, 0xfe, 0x7f, 0xff, 0xfc, 0x0f, 0xff, 0xff,  // Line 57
        0x00, 0x00, 0x00, 0x00, 0x00, 0x3f, 0xff, 0xff, 0xc7, 0xf4, 0xff, 0xff, 0x80, 0x1f, 0xff, 0xff,  // Line 58
        0x00, 0x00, 0x00, 0x00, 0x00, 0x8f, 0xff, 0xff, 0xff, 0xcc, 0xff, 0xf8, 0x03, 0x1f, 0xff, 0xff,  // Line 59
        0x00, 0x00, 0x00, 0x00, 0x01, 0xe3, 0xff, 0xfb, 0x9f, 0x39, 0xff, 0x80, 0x00, 0x3f, 0xff, 0xff,  // Line 60
        0x00, 0x00, 0x00, 0x00, 0x01, 0xff, 0xff, 0xfd, 0xcf, 0x7b, 0xfc, 0x00, 0x3e, 0x3f, 0xff, 0xff,  // Line 61
        0x00, 0x00, 0x00, 0x00, 0x01, 0xff, 0xff, 0xfc, 0xf6, 0x73, 0xf0, 0x07, 0xfe, 0x7f, 0xff, 0xff,  // Line 62
        0x00, 0x00, 0x00, 0x00, 0x01, 0xff, 0xff, 0xfe, 0xfb, 0x57, 0x87, 0xff, 0xfc, 0x7f, 0xff, 0xff,  // Line 63
        0x00, 0x00, 0x00, 0x00, 0x03, 0xff, 0xff, 0xff, 0xf9, 0xc6, 0x00, 0x07, 0xfc, 0xff, 0xff, 0xff,  // Line 64
        0x00, 0x00, 0x00, 0x00, 0x03, 0xff, 0xff, 0xff, 0xfc, 0xc8, 0x00, 0x00, 0x08, 0xff, 0xff, 0xff,  // Line 65
        0x00, 0x00, 0x00, 0x00, 0x03, 0xff, 0xff, 0xff, 0xff, 0x80, 0x00, 0x00, 0x00, 0xff, 0xff, 0xff,  // Line 66
        0x00, 0x00, 0x00, 0x00, 0x03, 0xbf, 0xff, 0xff, 0xe7, 0x82, 0x00, 0x00, 0x01, 0xff, 0xff, 0xff,  // Line 67
        0x00, 0x00, 0x00, 0x00, 0x00, 0x7f, 0xff, 0xff, 0xfb, 0x80, 0x07, 0x03, 0xc1, 0xfc, 0xff, 0xff,  // Line 68
        0x00, 0x00, 0x00, 0x00, 0x07, 0xff, 0xff, 0xff, 0xfd, 0x82, 0x10, 0xc1, 0xf3, 0xf8, 0xff, 0xff,  // Line 69
        0x00, 0x00, 0x00, 0x00, 0x07, 0xff, 0xff, 0xff, 0xfe, 0xdf, 0xe0, 0x70, 0x63, 0xf0, 0xff, 0xff,  // Line 70
        0x00, 0x00, 0x00, 0x00, 0x07, 0xff, 0xfc, 0xff, 0xff, 0xff, 0xcc, 0x70, 0x67, 0xe0, 0xff, 0xff,  // Line 71
        0x00, 0x00, 0x00, 0x00, 0x07, 0xff, 0xf9, 0xff, 0xff, 0xff, 0xc2, 0x38, 0x27, 0xc0, 0xff, 0xff,  // Line 72
        0x00, 0x00, 0x00, 0x00, 0x07, 0xff, 0xfb, 0xff, 0xff, 0xff, 0xd1, 0x38, 0x0f, 0xd0, 0xfc, 0xff,  // Line 73
        0x00, 0x00, 0x00, 0x00, 0x07, 0xff, 0xfb, 0xff, 0xff, 0xf8, 0xc0, 0x38, 0x0f, 0xa0, 0xfd, 0xff,  // Line 74
        0x00, 0x00, 0x00, 0x00, 0x07, 0xff, 0xff, 0xff, 0xff, 0xfc, 0x44, 0x78, 0x0f, 0x71, 0xf9, 0xff,  // Line 75
        0x00, 0x00, 0x00, 0x00, 0x07, 0xf9, 0xff, 0xff, 0xff, 0xfc, 0x00, 0xfc, 0x1e, 0xe1, 0xf8, 0xff,  // Line 76
        0x00, 0x00, 0x00, 0x00, 0x07, 0xf2, 0x7f, 0x9f, 0xff, 0xff, 0xdf, 0xf8, 0x1d, 0xc1, 0xf0, 0x7f,  // Line 77
        0x00, 0x00, 0x00, 0x00, 0x07, 0xf1, 0x3f, 0xff, 0xff, 0xff, 0xff, 0xf0, 0x19, 0x91, 0xe0, 0x3f,  // Line 78
        0x00, 0x00, 0x00, 0x00, 0x03, 0xf1, 0xdf, 0xff, 0xff, 0xff, 0xff, 0xe0, 0x3b, 0xb3, 0xe0, 0x1f,  // Line 79
        0x00, 0x00, 0x00, 0x00, 0x03, 0xf2, 0x6f, 0xff, 0xff, 0xff, 0xff, 0x80, 0x37, 0x73, 0xe0, 0x0f,  // Line 80
        0x00, 0x00, 0x00, 0x00, 0x03, 0xe4, 0x33, 0xff, 0xff, 0xff, 0xff, 0x81, 0x27, 0xf3, 0xc0, 0x07,  // Line 81
        0x00, 0x00, 0x00, 0x00, 0x03, 0xe8, 0x1d, 0xff, 0xff, 0xff, 0xff, 0xff, 0x6f, 0xf3, 0xc0, 0x03,  // Line 82
        0x00, 0x00, 0x00, 0x00, 0x03, 0xe8, 0x0e, 0xff, 0xff, 0xfd, 0xff, 0xff, 0x5f, 0xe3, 0x80, 0x01,  // Line 83
        0x00, 0x00, 0x00, 0x00, 0x03, 0xf4, 0x07, 0xbf, 0xff, 0xfe, 0xff, 0xfe, 0x1f, 0xd3, 0x80, 0x01,  // Line 84
        0x00, 0x00, 0x00, 0x00, 0x03, 0xfa, 0x03, 0xdf, 0xff, 0xff, 0x3f, 0xfe, 0x1f, 0xb3, 0x80, 0x00,  // Line 85
        0x00, 0x00, 0x00, 0x00, 0x03, 0xfd, 0x00, 0xe7, 0xff, 0xff, 0x9f, 0xff, 0x3f, 0x73, 0x00, 0x00,  // Line 86
        0x00, 0x00, 0x00, 0x00, 0x01, 0xfe, 0xc0, 0x7b, 0xff, 0xff, 0xe7, 0xfe, 0x3c, 0xb3, 0x00, 0x00,  // Line 87
        0x00, 0x00, 0x00, 0x00, 0x01, 0xff, 0x60, 0x3c, 0xff, 0x7f, 0xf3, 0xfe, 0x79, 0xf2, 0x00, 0x00,  // Line 88
        0x00, 0x00, 0x00, 0x00, 0x01, 0xff, 0xb0, 0x0c, 0xff, 0xbf, 0xfc, 0xf8, 0xf3, 0x72, 0x00, 0x00,  // Line 89
        0x00, 0x00, 0x00, 0x00, 0x00, 0xff, 0xd8, 0x02, 0xff, 0x9f, 0xff, 0x31, 0xc4, 0x72, 0x00, 0x00,  // Line 90
        0x00, 0x00, 0x00, 0x00, 0x00, 0xff, 0xec, 0x00, 0xff, 0xdf, 0xff, 0xc3, 0x88, 0xf2, 0x00, 0x00,  // Line 91
        0x00, 0x00, 0x00, 0x00, 0x00, 0x7f, 0xf6, 0x01, 0xff, 0xef, 0xff, 0xe0, 0x01, 0xe0, 0x00, 0x00,  // Line 92
        0x00, 0x00, 0x00, 0x00, 0x00, 0x7f, 0xfb, 0x81, 0xff, 0xe7, 0xff, 0xc1, 0x07, 0x00, 0x00, 0x00,  // Line 93
        0x00, 0x00, 0x00, 0x00, 0x00, 0x3f, 0xfe, 0xc1, 0xef, 0xf3, 0xff, 0x01, 0xfc, 0x00, 0x00, 0x00,  // Line 94
        0x00, 0x00, 0x00, 0x00, 0x00, 0x1f, 0xff, 0x73, 0xf7, 0xfb, 0xfc, 0x1f, 0xc0, 0x00, 0x00, 0x00,  // Line 95
        0x00, 0x00, 0x00, 0x00, 0x00, 0x0f, 0xff, 0x87, 0xf7, 0xfd, 0xf0, 0x00, 0x00, 0x00, 0x00, 0x00,  // Line 96
        0x00, 0x00, 0x00, 0x00, 0x00, 0x03, 0xff, 0xef, 0xf3, 0xff, 0xc0, 0x00, 0x00, 0x00, 0x00, 0x00,  // Line 97
        0x00, 0x00, 0x00, 0x00, 0x00, 0x00, 0xff, 0xff, 0xfb, 0xff, 0x00, 0x00, 0x00, 0x00, 0x00, 0x00,  // Line 98
        0x00, 0x00, 0x00, 0x00, 0x00, 0x00, 0x3f, 0xff, 0xfb, 0xf8, 0x00, 0x00, 0x00, 0x00, 0x00, 0x00,  // Line 99
        0x00, 0x00, 0x00, 0x00, 0x00, 0x00, 0x00, 0xff, 0xff, 0x80, 0x00, 0x00, 0x00, 0x00, 0x00, 0x00,  // Line 100
        0x00, 0x00, 0x00, 0x00, 0x00, 0x00, 0x00, 0x00, 0x00, 0x00, 0x00, 0x00, 0x00, 0x00, 0x00, 0x00,  // Line 101
        0x00, 0x00, 0x00, 0x00, 0x00, 0x00, 0x00, 0x00, 0x00, 0x00, 0x00, 0x00, 0x00, 0x00, 0x00, 0x00,  // Line 102
        0x00, 0x00, 0x00, 0x00, 0x00, 0x00, 0x00, 0x00, 0x00, 0x00, 0x00, 0x00, 0x00, 0x00, 0x00, 0x00,  // Line 103
        0x00, 0x00, 0x00, 0x00, 0x00, 0x00, 0x00, 0x00, 0x00, 0x00, 0x00, 0x00, 0x00, 0x00, 0x00, 0x00,  // Line 104
        0x00, 0x00, 0x00, 0x03, 0x00, 0x00, 0x00, 0x00, 0x00, 0x00, 0x00, 0x00, 0x00, 0x00, 0x00, 0x00,  // Line 105
        0x00, 0x00, 0x00, 0x06, 0x00, 0x00, 0x00, 0x00, 0x00, 0x00, 0x00, 0x00, 0x00, 0x00, 0x00, 0x00,  // Line 106
        0x00, 0x00, 0x00, 0x08, 0x00, 0x00, 0x00, 0x00, 0x00, 0x00, 0x00, 0x00, 0x00, 0x00, 0x00, 0x00,  // Line 107
        0x00, 0x00, 0x00, 0x10, 0x00, 0x00, 0x00, 0x00, 0x00, 0x00, 0x00, 0x00, 0x00, 0x00, 0x00, 0x00,  // Line 108
        0x80, 0x00, 0x00, 0x20, 0x00, 0x00, 0x00, 0x00, 0x00, 0x00, 0x00, 0x00, 0x00, 0x00, 0x00, 0x00,  // Line 109
        0xe0, 0x00, 0x00, 0x40, 0x00, 0x00, 0x00, 0x00, 0x00, 0x00, 0x00, 0x00, 0x00, 0x00, 0x00, 0x00,  // Line 110
        0xe0, 0x00, 0x00, 0x80, 0x00, 0x00, 0x00, 0x00, 0x00, 0x00, 0x00, 0x00, 0x00, 0x00, 0x00, 0x00,  // Line 111
        0xf8, 0x00, 0x01, 0x00, 0x00, 0x00, 0x00, 0x00, 0x00, 0x00, 0x00, 0x00, 0x00, 0x00, 0x00, 0x00,  // Line 112
        0xf8, 0x00, 0x02, 0x00, 0x00, 0x00, 0x00, 0x00, 0x00, 0x00, 0x00, 0x00, 0x00, 0x00, 0x00, 0x00,  // Line 113
        0xf8, 0x00, 0x04, 0x00, 0x00, 0x00, 0x00, 0x00, 0x00, 0x00, 0x00, 0x00, 0x00, 0x00, 0x00, 0x00,  // Line 114
        0xfc, 0x00, 0x08, 0x00, 0x00, 0x00, 0x00, 0x00, 0x00, 0x00, 0x00, 0x00, 0x00, 0x00, 0x00, 0x00,  // Line 115
        0xfc, 0x00, 0x10, 0x00, 0x00, 0x00, 0x00, 0x00, 0x00, 0x00, 0x00, 0x00, 0x00, 0x00, 0x00, 0x00,  // Line 116
        0xfe, 0x00, 0x20, 0x00, 0x00, 0x00, 0x00, 0x00, 0x00, 0x00, 0x00, 0x00, 0x00, 0x00, 0x00, 0x00,  // Line 117
        0xfe, 0x00, 0x40, 0x00, 0x00, 0x00, 0x00, 0x00, 0x00, 0x00, 0x00, 0x00, 0x00, 0x00, 0x00, 0x00,  // Line 118
        0xff, 0x00, 0x40, 0x00, 0x00, 0x00, 0x00, 0x00, 0x00, 0x00, 0x00, 0x00, 0x00, 0x00, 0x00, 0x00,  // Line 119
        0xff, 0x00, 0x80, 0x00, 0x00, 0x00, 0x00, 0x00, 0x00, 0x00, 0x00, 0x00, 0x00, 0x00, 0x00, 0x00,  // Line 120
        0xff, 0x01, 0x00, 0x00, 0x00, 0x00, 0x00, 0x00, 0x00, 0x00, 0x00, 0x00, 0x00, 0x00, 0x00, 0x00,  // Line 121
        0xff, 0x82, 0x00, 0x00, 0x00, 0x00, 0x00, 0x00, 0x00, 0x00, 0x00, 0x00, 0x00, 0x00, 0x00, 0x00,  // Line 122
        0xff, 0x86, 0x00, 0x00, 0x00, 0x00, 0x00, 0x00, 0x00, 0x00, 0x00, 0x00, 0x00, 0x00, 0x00, 0x00,  // Line 123
        0xff, 0x84, 0x00, 0x00, 0x00, 0x00, 0x00, 0x00, 0x00, 0x00, 0x00, 0x00, 0x00, 0x00, 0x00, 0x00,  // Line 124
        0xff, 0x88, 0x00, 0x00, 0x00, 0x00, 0x00, 0x00, 0x00, 0x00, 0x00, 0x00, 0x00, 0x00, 0x00, 0x00,  // Line 125
        0xff, 0x90, 0x00, 0x00, 0x00, 0x00, 0x00, 0x00, 0x00, 0x00, 0x00, 0x00, 0x00, 0x00, 0x00, 0x00,  // Line 126
        0xff, 0xb0, 0x00, 0x00, 0x00, 0x00, 0x00, 0x00, 0x00, 0x00, 0x00, 0x00, 0x00, 0x00, 0x00, 0x00,  // Line 127
    },
    { /* Frame 17 */
        0x00, 0x00, 0x00, 0x00, 0x00, 0x00, 0x07, 0x80, 0x00, 0x7f, 0xff, 0xff, 0xff, 0xcf, 0xff, 0xff,  // Line 0
        0x00, 0x00, 0x00, 0x00, 0x00, 0x00, 0x03, 0xf0, 0x00, 0x7f, 0xff, 0xff, 0xff, 0xdf, 0xff, 0xff,  // Line 1
        0x00, 0x00, 0x00, 0x00, 0x00, 0x00, 0x00, 0xff, 0x00, 0x7f, 0xff, 0xff, 0xff, 0xbf, 0xff, 0xff,  // Line 2
        0x00, 0x00, 0x00, 0x00, 0x00, 0x00, 0x00, 0x7f, 0xc0, 0x3f, 0xff, 0xff, 0xff, 0xff, 0xff, 0xfe,  // Line 3
        0x00, 0x00, 0x00, 0x00, 0x00, 0x00, 0x00, 0x3f, 0xf0, 0x3f, 0xff, 0xff, 0xff, 0xff, 0xff, 0xfe,  // Line 4
        0x00, 0x00, 0x00, 0x00, 0x00, 0x00, 0x00, 0x1f, 0xfc, 0x1f, 0xff, 0xff, 0xff, 0xff, 0xff, 0xfe,  // Line 5
        0x00, 0x00, 0x00, 0x00, 0x00, 0x00, 0x00, 0x07, 0xfe, 0x1f, 0xff, 0xff, 0xff, 0xff, 0xff, 0xfe,  // Line 6
        0x00, 0x00, 0x00, 0x00, 0x00, 0x00, 0x00, 0x03, 0xff, 0x8f, 0xff, 0xff, 0xff, 0xff, 0xff, 0xff,  // Line 7
        0x00, 0x00, 0x00, 0x00, 0x00, 0x00, 0x00, 0x01, 0xff, 0xff, 0xff, 0xff, 0xff, 0xff, 0xff, 0xff,  // Line 8
        0x00, 0x00, 0x00, 0x00, 0x00, 0x00, 0x00, 0x00, 0xff, 0xff, 0xff, 0xff, 0xff, 0xff, 0xff, 0xff,  // Line 9
        0x00, 0x00, 0x00, 0x00, 0x00, 0x00, 0x00, 0x00, 0x7f, 0xff, 0xff, 0xff, 0xff, 0xff, 0xff, 0xff,  // Line 10
        0x00, 0x00, 0x00, 0x00, 0x00, 0x00, 0x00, 0x00, 0x3f, 0xff, 0xff, 0xff, 0xff, 0xff, 0xff, 0xff,  // Line 11
        0x00, 0x00, 0x00, 0x00, 0x00, 0x00, 0x00, 0x00, 0x1f, 0xff, 0xff, 0xff, 0xff, 0xff, 0xff, 0xff,  // Line 12
        0x00, 0x00, 0x00, 0x00, 0x00, 0x00, 0x00, 0x00, 0x1f, 0xff, 0xff, 0xff, 0xff, 0xff, 0xff, 0xff,  // Line 13
        0x00, 0x00, 0x00, 0x00, 0x00, 0x00, 0x00, 0x03, 0x8f, 0xff, 0xff, 0xff, 0xff, 0xff, 0xff, 0xff,  // Line 14
        0x00, 0x00, 0x00, 0x00, 0x00, 0x00, 0x00, 0x0f, 0xe7, 0xff, 0xff, 0xff, 0xff, 0xff, 0xff, 0xff,  // Line 15
        0x00, 0x00, 0x00, 0x00, 0x00, 0x00, 0x00, 0x1f, 0xf7, 0xff, 0xff, 0xff, 0xff, 0xff, 0xff, 0xff,  // Line 16
        0x00, 0x00, 0x00, 0x00, 0x00, 0x00, 0x00, 0x7f, 0xff, 0xff, 0xff, 0xff, 0xff, 0xff, 0xff, 0xff,  // Line 17
        0x00, 0x00, 0x00, 0x00, 0x00, 0x00, 0x01, 0xff, 0xff, 0xff, 0xff, 0xff, 0xff, 0xff, 0xff, 0xff,  // Line 18
        0x00, 0x00, 0x00, 0x00, 0x00, 0x00, 0x07, 0xff, 0xff, 0xff, 0xff, 0xff, 0xff, 0xff, 0xff, 0xff,  // Line 19
        0x00, 0x00, 0x00, 0x00, 0x00, 0x00, 0x1f, 0xff, 0xff, 0xff, 0xff, 0xff, 0xff, 0xff, 0xff, 0xff,  // Line 20
        0x00, 0x00, 0x00, 0x00, 0x00, 0x00, 0x3f, 0xff, 0xff, 0xff, 0xff, 0xff, 0xff, 0xff, 0xff, 0xff,  // Line 21
        0x00, 0x00, 0x00, 0x00, 0x00, 0x00, 0xff, 0xfc, 0xff, 0xff, 0xff, 0xff, 0xff, 0xff, 0xff, 0xff,  // Line 22
        0x00, 0x00, 0x00, 0x00, 0x00, 0x01, 0x82, 0x7f, 0xf8, 0xff, 0xff, 0xff, 0xff, 0xff, 0xff, 0xff,  // Line 23
        0x00, 0x00, 0x00, 0x00, 0x00, 0x00, 0x07, 0xff, 0xff, 0xbf, 0xff, 0xff, 0xff, 0xff, 0xff, 0xff,  // Line 24
        0x00, 0x00, 0x00, 0x00, 0x00, 0x00, 0x07, 0xff, 0xff, 0xff, 0xff, 0xff, 0xff, 0xff, 0xff, 0xff,  // Line 25
        0x00, 0x00, 0x00, 0x00, 0x00, 0x00, 0x00, 0x7f, 0xff, 0xff, 0xff, 0xff, 0xff, 0xff, 0xff, 0xff,  // Line 26
        0x00, 0x00, 0x00, 0x00, 0x00, 0x00, 0x01, 0x01, 0xff, 0xff, 0xff, 0xff, 0xff, 0xff, 0xff, 0xff,  // Line 27
        0x00, 0x00, 0x00, 0x00, 0x00, 0x00, 0x04, 0x00, 0x1f, 0xff, 0xff, 0xff, 0xff, 0xff, 0xff, 0xff,  // Line 28
        0x00, 0x00, 0x00, 0x00, 0x00, 0x00, 0x08, 0x40, 0x03, 0xff, 0xff, 0xff, 0xff, 0xff, 0xff, 0xff,  // Line 29
        0x00, 0x00, 0x00, 0x00, 0x00, 0x00, 0x1e, 0x81, 0x00, 0xff, 0xff, 0xff, 0xff, 0xff, 0xff, 0xff,  // Line 30
        0x00, 0x00, 0x00, 0x00, 0x00, 0x00, 0x31, 0x38, 0x00, 0x1f, 0xff, 0xff, 0xff, 0xff, 0xff, 0xff,  // Line 31
        0x00, 0x00, 0x00, 0x00, 0x00, 0x00, 0x22, 0x7f, 0x00, 0x07, 0xff, 0xff, 0xff, 0xff, 0xff, 0xff,  // Line 32
        0x00, 0x00, 0x00, 0x00, 0x00, 0x00, 0x44, 0xff, 0x80, 0x01, 0xfb, 0xff, 0xff, 0xff, 0xff, 0xff,  // Line 33
        0x00, 0x00, 0x00, 0x00, 0x00, 0x00, 0x8d, 0xff, 0x88, 0x00, 0xf3, 0xff, 0xff, 0xff, 0xff, 0xff,  // Line 34
        0x00, 0x00, 0x00, 0x00, 0x00, 0x00, 0x9b, 0x07, 0x8e, 0x00, 0x27, 0xff, 0xff, 0xff, 0xff, 0xff,  // Line 35
        0x00, 0x00, 0x00, 0x00, 0x00, 0x01, 0x16, 0x01, 0x8f, 0x80, 0x0f, 0xff, 0xff, 0xff, 0xff, 0xff,  // Line 36
        0x00, 0x00, 0x00, 0x00, 0x00, 0x00, 0x06, 0x00, 0x8f, 0xe0, 0x1f, 0xff, 0xff, 0xff, 0xff, 0xff,  // Line 37
        0x00, 0x00, 0x00, 0x00, 0x00, 0x00, 0x2c, 0x00, 0x0f, 0xfc, 0x3f, 0xff, 0xff, 0xff, 0xff, 0xff,  // Line 38
        0x00, 0x00, 0x00, 0x00, 0x00, 0x00, 0x5c, 0x00, 0x0f, 0xfe, 0x7f, 0xff, 0xff, 0xff, 0xff, 0xff,  // Line 39
        0x00, 0x00, 0x00, 0x00, 0x00, 0x02, 0xbc, 0x7c, 0x0f, 0xfc, 0xff, 0xf9, 0xff, 0xff, 0xff, 0xff,  // Line 40
        0x00, 0x00, 0x00, 0x00, 0x00, 0x05, 0x3c, 0x7f, 0x0f, 0xf9, 0xff, 0xc1, 0xff, 0xff, 0xff, 0xff,  // Line 41
        0x00, 0x00, 0x00, 0x00, 0x00, 0x01, 0x7c, 0xf3, 0x0f, 0xfb, 0xfc, 0x03, 0xff, 0xff, 0xff, 0xff,  // Line 42
        0x00, 0x00, 0x00, 0x00, 0x00, 0x00, 0xfc, 0xc0, 0x8f, 0xf7, 0xf0, 0x0f, 0xff, 0xff, 0xff, 0xff,  // Line 43
        0x00, 0x00, 0x00, 0x00, 0x00, 0x00, 0xfc, 0xcc, 0x0f, 0xef, 0xc0, 0x1f, 0xff, 0xff, 0xff, 0xff,  // Line 44
        0x00, 0x00, 0x00, 0x00, 0x00, 0x01, 0xfd, 0x84, 0x0f, 0xdf, 0x01, 0x3f, 0xff, 0xff, 0xff, 0xff,  // Line 45
        0x00, 0x00, 0x00, 0x00, 0x00, 0x01, 0xff, 0xa2, 0x0f, 0xbc, 0x06, 0xff, 0xff, 0xff, 0xff, 0xff,  // Line 46
        0x00, 0x00, 0x00, 0x00, 0x00, 0x03, 0xfe, 0x92, 0x0f, 0x78, 0x1d, 0xff, 0xff, 0xff, 0xff, 0xff,  // Line 47
        0x00, 0x00, 0x00, 0x00, 0x00, 0x01, 0xfe, 0x88, 0x0e, 0xf0, 0xfb, 0xff, 0xff, 0xff, 0xff, 0xff,  // Line 48
        0x00, 0x00, 0x00, 0x00, 0x00, 0x04, 0xff, 0x40, 0x0d, 0xc3, 0xf7, 0xff, 0xff, 0xff, 0xff, 0xff,  // Line 49
        0x00, 0x00, 0x00, 0x00, 0x00, 0x07, 0x7f, 0xb1, 0x03, 0x0f, 0xef, 0xff, 0xff, 0xff, 0xff, 0xff,  // Line 50
        0x00, 0x00, 0x00, 0x00, 0x00, 0x0f, 0xbf, 0x9f, 0x04, 0x1f, 0xdf, 0xff, 0xff, 0xff, 0xff, 0xff,  // Line 51
        0x00, 0x00, 0x00, 0x00, 0x00, 0x0f, 0xcf, 0xcf, 0x01, 0xbf, 0x9f, 0xff, 0xff, 0xff, 0xff, 0xff,  // Line 52
        0x00, 0x00, 0x00, 0x00, 0x00, 0x1f, 0xef, 0xc2, 0x07, 0x3f, 0x3f, 0xff, 0xff, 0xff, 0xff, 0xff,  // Line 53
        0x00, 0x00, 0x00, 0x00, 0x00, 0x1f, 0xff, 0xe2, 0x06, 0x7e, 0x7f, 0xff, 0xff, 0xff, 0xff, 0xff,  // Line 54
        0x00, 0x00, 0x00, 0x00, 0x00, 0x1f, 0xff, 0xff, 0x0c, 0xfe, 0xff, 0xff, 0xff, 0xff, 0xff, 0xff,  // Line 55
        0x00, 0x00, 0x00, 0x00, 0x00, 0x1f, 0xff, 0xff, 0xe1, 0xfd, 0xff, 0xff, 0xff, 0xff, 0xff, 0xff,  // Line 56
        0x00, 0x00, 0x00, 0x00, 0x00, 0x07, 0xff, 0xff, 0xff, 0xf1, 0xff, 0xff, 0xff, 0xff, 0xff, 0xff,  // Line 57
        0x00, 0x00, 0x00, 0x00, 0x00, 0x31, 0xff, 0xff, 0xcf, 0xe3, 0xff, 0xc0, 0x00, 0x07, 0xff, 0xff,  // Line 58
        0x00, 0x00, 0x00, 0x00, 0x00, 0x7c, 0xff, 0xfe, 0xe7, 0x97, 0xf0, 0x00, 0x00, 0x4f, 0xff, 0xff,  // Line 59
        0x00, 0x00, 0x00, 0x00, 0x00, 0x7f, 0xff, 0xff, 0x7b, 0xa7, 0x80, 0x01, 0xf8, 0x0f, 0xff, 0xff,  // Line 60
        0x00, 0x00, 0x00, 0x00, 0x00, 0x7f, 0xff, 0xff, 0xfd, 0xac, 0x08, 0x7f, 0xff, 0x9f, 0xff, 0xff,  // Line 61
        0x00, 0x00, 0x00, 0x00, 0x00, 0x7f, 0xff, 0xff, 0xfe, 0xc0, 0x01, 0xff, 0xff, 0x9f, 0xff, 0xff,  // Line 62
        0x00, 0x00, 0x00, 0x00, 0x00, 0xff, 0xff, 0xff, 0xff, 0x40, 0x00, 0x00, 0x7f, 0x3f, 0xff, 0xff,  // Line 63
        0x00, 0x00, 0x00, 0x00, 0x00, 0xff, 0xff, 0xff, 0xff, 0xc0, 0x00, 0x00, 0x02, 0x3f, 0xff, 0xff,  // Line 64
        0x00, 0x00, 0x00, 0x00, 0x00, 0xff, 0xff, 0xff, 0xff, 0xc0, 0x00, 0x00, 0x00, 0x7f, 0xff, 0xff,  // Line 65
        0x00, 0x00, 0x00, 0x00, 0x00, 0x83, 0xff, 0xff, 0xf0, 0xc0, 0x00, 0x01, 0x80, 0x7f, 0xff, 0xff,  // Line 66
        0x00, 0x00, 0x00, 0x00, 0x00, 0xff, 0xff, 0xff, 0xfe, 0xc0, 0xc4, 0x40, 0xfc, 0x7f, 0x9f, 0xff,  // Line 67
        0x00, 0x00, 0x00, 0x00, 0x01, 0xff, 0xff, 0xff, 0xff, 0x67, 0xd8, 0x30, 0x7c, 0xff, 0x3f, 0xff,  // Line 68
        0x00, 0x00, 0x00, 0x00, 0x01, 0xff, 0xff, 0x3f, 0xff, 0xff, 0xf3, 0x18, 0x3c, 0xfe, 0x3f, 0xff,  // Line 69
        0x00, 0x00, 0x00, 0x00, 0x01, 0xff, 0xfe, 0x7f, 0xff, 0xff, 0xe5, 0x1c, 0x38, 0xfe, 0x3f, 0xff,  // Line 70
        0x00, 0x00, 0x00, 0x00, 0x01, 0xff, 0xfe, 0xff, 0xff, 0xff, 0x64, 0x8c, 0x19, 0xfc, 0x3e, 0xff,  // Line 71
        0x00, 0x00, 0x00, 0x00, 0x01, 0xff, 0xfc, 0xff, 0xff, 0xfe, 0x20, 0x5e, 0x09, 0xf8, 0x3e, 0xff,  // Line 72
        0x00, 0x00, 0x00, 0x00, 0x01, 0xff, 0xfe, 0xff, 0xff, 0xfe, 0x12, 0x1e, 0x09, 0xf0, 0x3e, 0xff,  // Line 73
        0x00, 0x00, 0x00, 0x00, 0x01, 0xfe, 0x7f, 0xff, 0xff, 0xff, 0x00, 0x9e, 0x01, 0xf0, 0x3e, 0x7f,  // Line 74
        0x00, 0x00, 0x00, 0x00, 0x01, 0xfc, 0xbf, 0xcf, 0xff, 0xff, 0x84, 0x3e, 0x03, 0xe4, 0x3e, 0x1f,  // Line 75
        0x00, 0x00, 0x00, 0x00, 0x01, 0xfc, 0xdf, 0xef, 0xff, 0xff, 0xf3, 0xfe, 0x03, 0xee, 0x3c, 0x0f,  // Line 76
        0x00, 0x00, 0x00, 0x00, 0x00, 0xfc, 0x67, 0xff, 0xff, 0xff, 0xf9, 0xf8, 0x03, 0xce, 0x3c, 0x03,  // Line 77
        0x00, 0x00, 0x00, 0x00, 0x00, 0xf8, 0x33, 0xff, 0xff, 0xff, 0xfe, 0xe0, 0x13, 0xdf, 0x3c, 0x01,  // Line 78
        0x00, 0x00, 0x00, 0x00, 0x00, 0xf9, 0x19, 0xff, 0xff, 0xff, 0xff, 0xc0, 0x73, 0xbe, 0x3c, 0x00,  // Line 79
        0x00, 0x00, 0x00, 0x00, 0x00, 0xfa, 0x0e, 0xff, 0xff, 0xff, 0xff, 0xff, 0xf3, 0xbc, 0x3c, 0x00,  // Line 80
        0x00, 0x00, 0x00, 0x00, 0x00, 0xf2, 0x07, 0x3f, 0xff, 0xfe, 0xff, 0xff, 0xf3, 0x3a, 0x1c, 0x00,  // Line 81
        0x00, 0x00, 0x00, 0x00, 0x00, 0xfa, 0x03, 0x9f, 0xff, 0xff, 0x3f, 0xff, 0xf3, 0x76, 0x5c, 0x00,  // Line 82
        0x00, 0x00, 0x00, 0x00, 0x00, 0xfb, 0x01, 0xef, 0xff, 0xff, 0x9f, 0xff, 0xe2, 0x6e, 0x5c, 0x00,  // Line 83
        0x00, 0x00, 0x00, 0x00, 0x00, 0x7d, 0x80, 0x73, 0xff, 0xff, 0xe7, 0xff, 0xc2, 0xce, 0x5c, 0x00,  // Line 84
        0x00, 0x00, 0x00, 0x00, 0x00, 0x7e, 0xc0, 0x3d, 0xff, 0xff, 0xf3, 0xff, 0x90, 0xbe, 0x88, 0x00,  // Line 85
        0x00, 0x00, 0x00, 0x00, 0x00, 0x7f, 0x60, 0x1e, 0x7f, 0xdf, 0xfc, 0xff, 0x31, 0x1f, 0x88, 0x00,  // Line 86
        0x00, 0x00, 0x00, 0x00, 0x00, 0x7f, 0xb0, 0x07, 0x3f, 0xdf, 0xfe, 0x3e, 0x78, 0x5f, 0x08, 0x00,  // Line 87
        0x00, 0x00, 0x00, 0x00, 0x00, 0x3f, 0xcc, 0x03, 0x3f, 0xef, 0xff, 0x80, 0x70, 0x9e, 0x00, 0x00,  // Line 88
        0x00, 0x00, 0x00, 0x00, 0x00, 0x3f, 0xe6, 0x00, 0x3f, 0xe7, 0xff, 0xe0, 0xc1, 0x3c, 0x00, 0x00,  // Line 89
        0x00, 0x00, 0x00, 0x00, 0x00, 0x3f, 0xfb, 0x00, 0x7f, 0xf7, 0xff, 0xf8, 0x00, 0xf0, 0x00, 0x00,  // Line 90
        0x00, 0x00, 0x00, 0x00, 0x00, 0x1f, 0xfd, 0x80, 0x7f, 0xfb, 0xff, 0xe0, 0x23, 0x80, 0x00, 0x00,  // Line 91
        0x00, 0x00, 0x00, 0x00, 0x00, 0x0f, 0xfe, 0xe0, 0xfb, 0xf9, 0xff, 0xc0, 0xfe, 0x00, 0x00, 0x00,  // Line 92
        0x00, 0x00, 0x00, 0x00, 0x00, 0x07, 0xff, 0x78, 0xf9, 0xfc, 0xff, 0x07, 0xe0, 0x00, 0x00, 0x00,  // Line 93
        0x00, 0x00, 0x00, 0x00, 0x00, 0x03, 0xff, 0xd9, 0xf9, 0xfe, 0x7c, 0x00, 0x00, 0x00, 0x00, 0x00,  // Line 94
        0x00, 0x00, 0x00, 0x00, 0x00, 0x01, 0xff, 0xe3, 0xfd, 0xff, 0x30, 0x00, 0x00, 0x00, 0x00, 0x00,  // Line 95
        0x00, 0x00, 0x00, 0x00, 0x00, 0x00, 0x7f, 0xff, 0xfc, 0xff, 0xc0, 0x00, 0x00, 0x00, 0x00, 0x00,  // Line 96
        0x00, 0x00, 0x00, 0x00, 0x00, 0x00, 0x0f, 0xff, 0xfe, 0xff, 0x00, 0x00, 0x00, 0x00, 0x00, 0x00,  // Line 97
        0x00, 0x00, 0x00, 0x00, 0x00, 0x00, 0x00, 0xff, 0xfe, 0x78, 0x00, 0x00, 0x00, 0x00, 0x00, 0x00,  // Line 98
        0x00, 0x00, 0x00, 0x00, 0x00, 0x00, 0x00, 0x00, 0x70, 0x00, 0x00, 0x00, 0x00, 0x00, 0x00, 0x00,  // Line 99
        0x00, 0x00, 0x00, 0x00, 0x00, 0x00, 0x00, 0x00, 0x00, 0x00, 0x00, 0x00, 0x00, 0x00, 0x00, 0x00,  // Line 100
        0x00, 0x00, 0x00, 0x00, 0x00, 0x00, 0x00, 0x00, 0x00, 0x00, 0x00, 0x00, 0x00, 0x00, 0x00, 0x00,  // Line 101
        0x80, 0x00, 0x00, 0x00, 0x20, 0x00, 0x00, 0x00, 0x00, 0x00, 0x00, 0x00, 0x00, 0x00, 0x00, 0x00,  // Line 102
        0xc0, 0x00, 0x00, 0x00, 0xc0, 0x00, 0x00, 0x00, 0x00, 0x00, 0x00, 0x00, 0x00, 0x00, 0x00, 0x00,  // Line 103
        0xe0, 0x00, 0x00, 0x01, 0x80, 0x00, 0x00, 0x00, 0x00, 0x00, 0x00, 0x00, 0x00, 0x00, 0x00, 0x00,  // Line 104
        0xf0, 0x20, 0x00, 0x02, 0x00, 0x00, 0x00, 0x00, 0x00, 0x00, 0x00, 0x00, 0x00, 0x00, 0x00, 0x00,  // Line 105
        0xfc, 0x00, 0x00, 0x04, 0x00, 0x00, 0x00, 0x00, 0x00, 0x00, 0x00, 0x00, 0x00, 0x00, 0x00, 0x00,  // Line 106
        0xfe, 0x00, 0x00, 0x08, 0x00, 0x00, 0x00, 0x00, 0x00, 0x00, 0x00, 0x00, 0x00, 0x00, 0x00, 0x00,  // Line 107
        0xff, 0x00, 0x00, 0x10, 0x00, 0x00, 0x00, 0x00, 0x00, 0x00, 0x00, 0x00, 0x00, 0x00, 0x00, 0x00,  // Line 108
        0xff, 0x80, 0x00, 0x20, 0x00, 0x00, 0x00, 0x00, 0x00, 0x00, 0x00, 0x00, 0x00, 0x00, 0x00, 0x00,  // Line 109
        0xff, 0x80, 0x00, 0x40, 0x00, 0x00, 0x00, 0x00, 0x00, 0x00, 0x00, 0x00, 0x00, 0x00, 0x00, 0x00,  // Line 110
        0xff, 0xc0, 0x00, 0x80, 0x00, 0x00, 0x00, 0x00, 0x00, 0x00, 0x00, 0x00, 0x00, 0x00, 0x00, 0x00,  // Line 111
        0xff, 0xc0, 0x01, 0x00, 0x00, 0x00, 0x00, 0x00, 0x00, 0x00, 0x00, 0x00, 0x00, 0x00, 0x00, 0x00,  // Line 112
        0xff, 0xe0, 0x02, 0x00, 0x00, 0x00, 0x00, 0x00, 0x00, 0x00, 0x00, 0x00, 0x00, 0x00, 0x00, 0x00,  // Line 113
        0xff, 0xe0, 0x04, 0x00, 0x00, 0x00, 0x00, 0x00, 0x00, 0x00, 0x00, 0x00, 0x00, 0x00, 0x00, 0x00,  // Line 114
        0xff, 0xe0, 0x08, 0x00, 0x00, 0x00, 0x00, 0x00, 0x00, 0x00, 0x00, 0x00, 0x00, 0x00, 0x00, 0x00,  // Line 115
        0xff, 0xe0, 0x08, 0x00, 0x00, 0x00, 0x00, 0x00, 0x00, 0x00, 0x00, 0x00, 0x00, 0x00, 0x00, 0x00,  // Line 116
        0xff, 0xf0, 0x10, 0x00, 0x00, 0x00, 0x00, 0x00, 0x00, 0x00, 0x00, 0x00, 0x00, 0x00, 0x00, 0x00,  // Line 117
        0xff, 0xf0, 0x20, 0x00, 0x00, 0x00, 0x00, 0x00, 0x00, 0x00, 0x00, 0x00, 0x00, 0x00, 0x00, 0x00,  // Line 118
        0xff, 0xf0, 0x40, 0x00, 0x00, 0x00, 0x00, 0x00, 0x00, 0x00, 0x00, 0x00, 0x00, 0x00, 0x00, 0x00,  // Line 119
        0xff, 0xf0, 0xc0, 0x00, 0x00, 0x00, 0x00, 0x00, 0x00, 0x00, 0x00, 0x00, 0x00, 0x00, 0x00, 0x00,  // Line 120
        0xff, 0xf8, 0x80, 0x00, 0x00, 0x00, 0x00, 0x00, 0x00, 0x00, 0x00, 0x00, 0x00, 0x00, 0x00, 0x00,  // Line 121
        0xff, 0xf9, 0x00, 0x00, 0x00, 0x00, 0x00, 0x00, 0x00, 0x00, 0x00, 0x00, 0x00, 0x00, 0x00, 0x00,  // Line 122
        0xff, 0xfa, 0x00, 0x00, 0x00, 0x00, 0x00, 0x00, 0x00, 0x00, 0x00, 0x00, 0x00, 0x00, 0x00, 0x00,  // Line 123
        0xff, 0xfa, 0x00, 0x00, 0x00, 0x00, 0x00, 0x00, 0x00, 0x00, 0x00, 0x00, 0x00, 0x00, 0x00, 0x00,  // Line 124
        0xff, 0xfc, 0x00, 0x00, 0x00, 0x00, 0x00, 0x00, 0x00, 0x00, 0x00, 0x00, 0x00, 0x00, 0x00, 0x00,  // Line 125
        0xff, 0xf8, 0x00, 0x00, 0x00, 0x00, 0x00, 0x00, 0x00, 0x00, 0x00, 0x00, 0x00, 0x00, 0x00, 0x00,  // Line 126
        0xff, 0xf8, 0x00, 0x00, 0x00, 0x00, 0x00, 0x00, 0x00, 0x00, 0x00, 0x00, 0x00, 0x00, 0x00, 0x00,  // Line 127
    },
    { /* Frame 18 */
        0x00, 0x00, 0x00, 0x00, 0x00, 0x00, 0x00, 0x01, 0xe0, 0x1f, 0xfd, 0xff, 0xff, 0xff, 0xff, 0xff,  // Line 0
        0x00, 0x00, 0x00, 0x00, 0x00, 0x00, 0x00, 0x01, 0xf0, 0x1f, 0xff, 0xff, 0xff, 0xff, 0xff, 0xff,  // Line 1
        0x00, 0x00, 0x00, 0x00, 0x00, 0x00, 0x00, 0x00, 0xf8, 0x1f, 0xff, 0xff, 0xff, 0xff, 0xff, 0xff,  // Line 2
        0x00, 0x00, 0x00, 0x00, 0x00, 0x00, 0x00, 0x00, 0xfc, 0x1f, 0xff, 0xff, 0xff, 0xff, 0xff, 0xff,  // Line 3
        0x00, 0x00, 0x00, 0x00, 0x00, 0x00, 0x00, 0x00, 0x7e, 0x1f, 0xff, 0xff, 0xff, 0xff, 0xff, 0xff,  // Line 4
        0x00, 0x00, 0x00, 0x00, 0x00, 0x00, 0x00, 0x00, 0x3f, 0x8f, 0xff, 0xff, 0xff, 0xff, 0xff, 0xff,  // Line 5
        0x00, 0x00, 0x00, 0x00, 0x00, 0x00, 0x00, 0x00, 0x1f, 0xe7, 0xff, 0xff, 0xff, 0xff, 0xff, 0xff,  // Line 6
        0x00, 0x00, 0x00, 0x00, 0x00, 0x00, 0x00, 0x00, 0x1f, 0xff, 0xff, 0xff, 0xff, 0xff, 0xff, 0xff,  // Line 7
        0x00, 0x00, 0x00, 0x00, 0x00, 0x00, 0x00, 0x00, 0x0f, 0xff, 0xff, 0xff, 0xff, 0xff, 0xff, 0xff,  // Line 8
        0x00, 0x00, 0x00, 0x00, 0x00, 0x00, 0x00, 0x00, 0x07, 0xff, 0xff, 0xff, 0xff, 0xff, 0xff, 0xff,  // Line 9
        0x00, 0x00, 0x00, 0x00, 0x00, 0x00, 0x00, 0x00, 0x03, 0xff, 0xff, 0xff, 0xff, 0xff, 0xff, 0xff,  // Line 10
        0x00, 0x00, 0x00, 0x00, 0x00, 0x00, 0x00, 0x00, 0x01, 0xff, 0xff, 0xff, 0xff, 0xff, 0xff, 0xff,  // Line 11
        0x00, 0x00, 0x00, 0x00, 0x00, 0x00, 0x00, 0x01, 0xe0, 0xff, 0xff, 0xff, 0xff, 0xff, 0xff, 0xff,  // Line 12
        0x00, 0x00, 0x00, 0x00, 0x00, 0x00, 0x00, 0x3f, 0xe0, 0x3f, 0xff, 0xff, 0xff, 0xff, 0xff, 0xff,  // Line 13
        0x00, 0x00, 0x00, 0x00, 0x00, 0x00, 0x01, 0xff, 0xf0, 0x1f, 0xff, 0xff, 0xff, 0xff, 0xff, 0xff,  // Line 14
        0x00, 0x00, 0x00, 0x00, 0x00, 0x00, 0x07, 0xf8, 0x00, 0x0f, 0xff, 0xff, 0xff, 0xff, 0xff, 0xff,  // Line 15
        0x00, 0x00, 0x00, 0x00, 0x00, 0x00, 0x1c, 0x00, 0x00, 0x07, 0xff, 0xff, 0xff, 0xff, 0xff, 0xff,  // Line 16
        0x00, 0x00, 0x00, 0x00, 0x00, 0x00, 0x60, 0x00, 0x00, 0x07, 0xff, 0xff, 0xff, 0xff, 0xff, 0xff,  // Line 17
        0x00, 0x00, 0x00, 0x00, 0x00, 0x00, 0x00, 0x00, 0x00, 0x3f, 0xff, 0xff, 0xff, 0xff, 0xff, 0xff,  // Line 18
        0x00, 0x00, 0x00, 0x00, 0x00, 0x00, 0x00, 0x00, 0x07, 0xff, 0xff, 0xff, 0xff, 0xff, 0xff, 0xff,  // Line 19
        0x00, 0x00, 0x00, 0x00, 0x00, 0x00, 0x00, 0x00, 0x1f, 0xff, 0xff, 0xff, 0xff, 0xff, 0xff, 0xff,  // Line 20
        0x00, 0x00, 0x00, 0x00, 0x00, 0x00, 0x00, 0x00, 0xff, 0xff, 0xff, 0xff, 0xff, 0xff, 0xff, 0xff,  // Line 21
        0x00, 0x00, 0x00, 0x00, 0x00, 0x00, 0x00, 0x03, 0xff, 0xff, 0xff, 0xff, 0xff, 0xff, 0xff, 0xff,  // Line 22
        0x00, 0x00, 0x00, 0x00, 0x00, 0x00, 0x00, 0x0f, 0xff, 0xff, 0xff, 0xff, 0xff, 0xff, 0xff, 0xff,  // Line 23
        0x00, 0x00, 0x00, 0x00, 0x00, 0x00, 0x00, 0x00, 0xff, 0xff, 0xff, 0xff, 0xff, 0xff, 0xff, 0xff,  // Line 24
        0x00, 0x00, 0x00, 0x00, 0x00, 0x00, 0x00, 0x00, 0x03, 0xff, 0xff, 0xff, 0xff, 0xff, 0xff, 0xff,  // Line 25
        0x00, 0x00, 0x00, 0x00, 0x00, 0x00, 0x00, 0x00, 0x00, 0x1f, 0xff, 0xff, 0xff, 0xff, 0xff, 0xff,  // Line 26
        0x00, 0x00, 0x00, 0x00, 0x00, 0x00, 0x00, 0x28, 0x00, 0x01, 0xff, 0xff, 0xff, 0xff, 0xff, 0xff,  // Line 27
        0x00, 0x00, 0x00, 0x00, 0x00, 0x00, 0x00, 0xda, 0x40, 0x00, 0x1f, 0xff, 0xff, 0xff, 0xff, 0xff,  // Line 28
        0x00, 0x00, 0x00, 0x00, 0x00, 0x00, 0x01, 0xe4, 0x08, 0x00, 0x03, 0xff, 0xff, 0xff, 0xff, 0xff,  // Line 29
        0x00, 0x00, 0x00, 0x00, 0x00, 0x00, 0x01, 0x89, 0x00, 0x00, 0x00, 0x7f, 0xff, 0xff, 0xff, 0xff,  // Line 30
        0x00, 0x00, 0x00, 0x00, 0x00, 0x00, 0x02, 0x13, 0xf0, 0x00, 0x00, 0x1f, 0xff, 0xff, 0xff, 0xff,  // Line 31
        0x00, 0x00, 0x00, 0x00, 0x00, 0x00, 0x00, 0x67, 0xfc, 0x40, 0x00, 0x0f, 0xff, 0xff, 0xff, 0xff,  // Line 32
        0x00, 0x00, 0x00, 0x00, 0x00, 0x00, 0x00, 0xcf, 0xfc, 0x7c, 0x00, 0x1f, 0xff, 0xff, 0xff, 0xff,  // Line 33
        0x00, 0x00, 0x00, 0x00, 0x00, 0x00, 0x03, 0xd8, 0x3c, 0x7f, 0xc8, 0x7f, 0xff, 0xff, 0xff, 0xff,  // Line 34
        0x00, 0x00, 0x00, 0x00, 0x00, 0x00, 0x00, 0xb0, 0x0c, 0x7f, 0xf1, 0xff, 0xff, 0xff, 0xff, 0xff,  // Line 35
        0x00, 0x00, 0x00, 0x00, 0x00, 0x00, 0x01, 0x30, 0x04, 0x7f, 0xe7, 0xff, 0xff, 0xff, 0xff, 0xff,  // Line 36
        0x00, 0x00, 0x00, 0x00, 0x00, 0x00, 0x03, 0x60, 0x00, 0x7f, 0x9f, 0xff, 0xff, 0xff, 0xff, 0xff,  // Line 37
        0x00, 0x00, 0x00, 0x00, 0x00, 0x00, 0x06, 0xe0, 0x00, 0x7e, 0x7f, 0xff, 0xff, 0xff, 0xff, 0xff,  // Line 38
        0x00, 0x00, 0x00, 0x00, 0x00, 0x00, 0x0d, 0xe1, 0xe0, 0x7d, 0xff, 0xff, 0xff, 0xff, 0xff, 0xff,  // Line 39
        0x00, 0x00, 0x00, 0x00, 0x00, 0x00, 0x1d, 0xe3, 0xf8, 0x73, 0xff, 0xff, 0xff, 0xff, 0xff, 0xff,  // Line 40
        0x00, 0x00, 0x00, 0x00, 0x00, 0x00, 0x0b, 0xe7, 0x08, 0x67, 0xff, 0xff, 0xff, 0xff, 0xff, 0xff,  // Line 41
        0x00, 0x00, 0x00, 0x00, 0x00, 0x00, 0x03, 0xe6, 0x60, 0x5f, 0xff, 0xff, 0xff, 0xff, 0xff, 0xff,  // Line 42
        0x00, 0x00, 0x00, 0x00, 0x00, 0x00, 0x07, 0xe4, 0x40, 0x3f, 0xff, 0xfe, 0x03, 0xff, 0xff, 0xff,  // Line 43
        0x00, 0x00, 0x00, 0x00, 0x00, 0x00, 0x0f, 0xe4, 0x20, 0x7f, 0xff, 0xe0, 0x07, 0xff, 0xff, 0xff,  // Line 44
        0x00, 0x00, 0x00, 0x00, 0x00, 0x00, 0x0f, 0xed, 0x10, 0xff, 0xff, 0x00, 0x0f, 0xff, 0xff, 0xff,  // Line 45
        0x00, 0x00, 0x00, 0x00, 0x00, 0x00, 0x1f, 0xfc, 0x93, 0xff, 0xf0, 0x00, 0x3f, 0xff, 0xff, 0xff,  // Line 46
        0x00, 0x00, 0x00, 0x00, 0x00, 0x00, 0x0f, 0xfe, 0x07, 0xf8, 0x00, 0x18, 0xff, 0xff, 0xff, 0xff,  // Line 47
        0x00, 0x00, 0x00, 0x00, 0x00, 0x00, 0x27, 0xfe, 0x00, 0x00, 0x00, 0x03, 0xff, 0xff, 0xff, 0xff,  // Line 48
        0x00, 0x00, 0x00, 0x00, 0x00, 0x00, 0x33, 0xff, 0x80, 0x1e, 0xff, 0x8f, 0xff, 0xff, 0xff, 0xff,  // Line 49
        0x00, 0x00, 0x00, 0x00, 0x00, 0x00, 0x79, 0xfc, 0xf8, 0x7f, 0xff, 0x3f, 0xff, 0xff, 0xff, 0xff,  // Line 50
        0x00, 0x00, 0x00, 0x00, 0x00, 0x00, 0x7e, 0xfe, 0x70, 0x7d, 0xfe, 0xff, 0xff, 0xff, 0xff, 0xff,  // Line 51
        0x00, 0x00, 0x00, 0x00, 0x00, 0x00, 0xff, 0x7e, 0x30, 0x7b, 0xf3, 0xe7, 0xff, 0xff, 0xff, 0xff,  // Line 52
        0x00, 0x00, 0x00, 0x00, 0x00, 0x00, 0xff, 0xff, 0x18, 0x33, 0xe7, 0x07, 0xff, 0xff, 0xef, 0xff,  // Line 53
        0x00, 0x00, 0x00, 0x00, 0x00, 0x01, 0xff, 0xff, 0x90, 0x67, 0x88, 0x5f, 0xff, 0xff, 0x8f, 0xff,  // Line 54
        0x00, 0x00, 0x00, 0x00, 0x00, 0x01, 0xff, 0xff, 0xf8, 0x3c, 0x01, 0xbf, 0xff, 0xff, 0x1f, 0xff,  // Line 55
        0x00, 0x00, 0x00, 0x00, 0x00, 0x00, 0x7f, 0xff, 0xff, 0xf8, 0xbf, 0x7f, 0xff, 0xfc, 0x1f, 0xff,  // Line 56
        0x00, 0x00, 0x00, 0x00, 0x00, 0x03, 0x1f, 0xff, 0xee, 0xff, 0x3e, 0xff, 0xff, 0xf0, 0x3f, 0xff,  // Line 57
        0x00, 0x00, 0x00, 0x00, 0x00, 0x03, 0xc7, 0xff, 0xf7, 0x3d, 0xf9, 0xff, 0xff, 0xc4, 0x3f, 0xff,  // Line 58
        0x00, 0x00, 0x00, 0x00, 0x00, 0x03, 0xff, 0xff, 0xfb, 0xdb, 0xf3, 0xff, 0xfe, 0x00, 0x3f, 0xff,  // Line 59
        0x00, 0x00, 0x00, 0x00, 0x00, 0x03, 0xff, 0xff, 0xfb, 0xee, 0x6f, 0xff, 0xf0, 0x10, 0x7f, 0xff,  // Line 60
        0x00, 0x00, 0x00, 0x00, 0x00, 0x03, 0xff, 0xff, 0xfb, 0xe6, 0x1f, 0xff, 0x03, 0xf0, 0x7f, 0xff,  // Line 61
        0x00, 0x00, 0x00, 0x00, 0x00, 0x07, 0xff, 0xff, 0xff, 0xf6, 0x3f, 0xf0, 0x00, 0xf0, 0xff, 0xff,  // Line 62
        0x00, 0x00, 0x00, 0x00, 0x00, 0x07, 0xff, 0xff, 0xff, 0xf8, 0xff, 0x00, 0x00, 0x00, 0xff, 0xff,  // Line 63
        0x00, 0x00, 0x00, 0x00, 0x00, 0x07, 0xff, 0xff, 0xff, 0xf1, 0xa0, 0x00, 0x00, 0x01, 0xff, 0xff,  // Line 64
        0x00, 0x00, 0x00, 0x00, 0x00, 0x04, 0x3f, 0xff, 0xff, 0x00, 0x02, 0x00, 0x1c, 0x01, 0xff, 0xff,  // Line 65
        0x00, 0x00, 0x00, 0x00, 0x00, 0x07, 0xff, 0xff, 0xff, 0xe6, 0x9e, 0x36, 0x07, 0xc3, 0xff, 0xff,  // Line 66
        0x00, 0x00, 0x00, 0x00, 0x00, 0x07, 0xff, 0xfd, 0xff, 0xfb, 0x7e, 0xc1, 0x83, 0xc7, 0xff, 0xff,  // Line 67
        0x00, 0x00, 0x00, 0x00, 0x00, 0x07, 0xff, 0xfb, 0xff, 0xfb, 0xff, 0x90, 0xc1, 0x87, 0xfc, 0xff,  // Line 68
        0x00, 0x00, 0x00, 0x00, 0x00, 0x07, 0xff, 0xf7, 0xff, 0xff, 0xff, 0x0c, 0xe0, 0xcf, 0xf8, 0xff,  // Line 69
        0x00, 0x00, 0x00, 0x00, 0x00, 0x0f, 0xff, 0xef, 0xff, 0xff, 0xef, 0x44, 0xe0, 0x0f, 0xf0, 0xff,  // Line 70
        0x00, 0x00, 0x00, 0x00, 0x00, 0x0f, 0xff, 0xe7, 0xff, 0xff, 0xe3, 0x00, 0xe0, 0x1f, 0xe0, 0xff,  // Line 71
        0x00, 0x00, 0x00, 0x00, 0x00, 0x07, 0xff, 0xe7, 0xff, 0xff, 0xf3, 0x10, 0xf0, 0x3f, 0xc0, 0xfb,  // Line 72
        0x00, 0x00, 0x00, 0x00, 0x00, 0x07, 0xe7, 0xff, 0xff, 0xff, 0xf1, 0x89, 0xf0, 0x3f, 0x80, 0xf7,  // Line 73
        0x00, 0x00, 0x00, 0x00, 0x00, 0x07, 0xe7, 0xfe, 0x7f, 0xff, 0xfc, 0x43, 0xf0, 0x7e, 0x01, 0xf7,  // Line 74
        0x00, 0x00, 0x00, 0x00, 0x00, 0x07, 0xcf, 0xfe, 0x7f, 0xff, 0xff, 0xbf, 0xe0, 0xf8, 0x41, 0xf7,  // Line 75
        0x00, 0x00, 0x00, 0x00, 0x00, 0x07, 0xcf, 0xff, 0xff, 0xff, 0xff, 0xdf, 0x80, 0xfe, 0xc1, 0xef,  // Line 76
        0x00, 0x00, 0x00, 0x00, 0x00, 0x07, 0xdf, 0xff, 0xff, 0xff, 0xff, 0xe0, 0x01, 0xfd, 0xc3, 0xe3,  // Line 77
        0x00, 0x00, 0x00, 0x00, 0x00, 0x07, 0xdf, 0xff, 0xff, 0xff, 0xff, 0xf8, 0x02, 0x7b, 0xc3, 0xc0,  // Line 78
        0x00, 0x00, 0x00, 0x00, 0x00, 0x07, 0xef, 0xff, 0xff, 0xff, 0xff, 0xff, 0x91, 0xf7, 0xc3, 0xc0,  // Line 79
        0x00, 0x00, 0x00, 0x00, 0x00, 0x07, 0xff, 0xff, 0xff, 0xff, 0xf7, 0xff, 0xe3, 0xef, 0x87, 0x80,  // Line 80
        0x00, 0x00, 0x00, 0x00, 0x00, 0x03, 0xff, 0xff, 0xff, 0xff, 0xf9, 0xff, 0xef, 0xff, 0x47, 0x80,  // Line 81
        0x00, 0x00, 0x00, 0x00, 0x00, 0x03, 0xff, 0xff, 0xff, 0xff, 0xfe, 0xff, 0xff, 0x7e, 0x47, 0x00,  // Line 82
        0x00, 0x00, 0x00, 0x00, 0x00, 0x03, 0xff, 0xff, 0xff, 0xff, 0xff, 0x3f, 0xfe, 0xfc, 0xcf, 0x00,  // Line 83
        0x00, 0x00, 0x00, 0x00, 0x00, 0x03, 0xff, 0xff, 0xff, 0xff, 0xff, 0xdf, 0xfd, 0xf9, 0x4e, 0x00,  // Line 84
        0x00, 0x00, 0x00, 0x00, 0x00, 0x01, 0xff, 0xff, 0xf9, 0xff, 0xff, 0xe7, 0xfb, 0xf2, 0xde, 0x00,  // Line 85
        0x00, 0x00, 0x00, 0x00, 0x00, 0x01, 0xff, 0xff, 0xf9, 0xfe, 0xff, 0xf9, 0xe3, 0xc4, 0xdc, 0x00,  // Line 86
        0x00, 0x00, 0x00, 0x00, 0x00, 0x01, 0xff, 0xff, 0xf9, 0xff, 0x7f, 0xfc, 0x07, 0x01, 0x9c, 0x00,  // Line 87
        0x00, 0x00, 0x00, 0x00, 0x00, 0x00, 0xff, 0xff, 0xc3, 0xff, 0xff, 0xff, 0x0e, 0x03, 0x98, 0x00,  // Line 88
        0x00, 0x00, 0x00, 0x00, 0x00, 0x00, 0xff, 0xff, 0xe3, 0xff, 0xbf, 0xff, 0x90, 0x07, 0x10, 0x00,  // Line 89
        0x00, 0x00, 0x00, 0x00, 0x00, 0x00, 0x7f, 0xff, 0xe3, 0xff, 0xdf, 0xfe, 0x03, 0xfc, 0x20, 0x00,  // Line 90
        0x00, 0x00, 0x00, 0x00, 0x00, 0x00, 0x3f, 0xff, 0x87, 0xdf, 0xef, 0xf8, 0x3f, 0xc0, 0x20, 0x00,  // Line 91
        0x00, 0x00, 0x00, 0x00, 0x00, 0x00, 0x1f, 0xff, 0x8f, 0xdf, 0xf7, 0xf0, 0x08, 0x00, 0x00, 0x00,  // Line 92
        0x00, 0x00, 0x00, 0x00, 0x00, 0x00, 0x0f, 0xff, 0xff, 0xef, 0xf3, 0xc0, 0x00, 0x00, 0x00, 0x00,  // Line 93
        0x00, 0x00, 0x00, 0x00, 0x00, 0x00, 0x03, 0xff, 0xff, 0xef, 0xf8, 0x00, 0x00, 0x00, 0x00, 0x00,  // Line 94
        0x80, 0x00, 0x00, 0x00, 0x00, 0x00, 0x00, 0x7b, 0xff, 0xe7, 0xfc, 0x00, 0x00, 0x00, 0x00, 0x00,  // Line 95
        0xe0, 0x00, 0x00, 0x00, 0x00, 0x00, 0x00, 0x01, 0xff, 0xf7, 0xe0, 0x00, 0x00, 0x00, 0x00, 0x00,  // Line 96
        0xf8, 0x00, 0x00, 0x00, 0x00, 0x00, 0x00, 0x00, 0x3f, 0xf2, 0x00, 0x00, 0x00, 0x00, 0x00, 0x00,  // Line 97
        0xfc, 0x00, 0x00, 0x00, 0x00, 0x00, 0x00, 0x00, 0x00, 0x00, 0x00, 0x00, 0x00, 0x00, 0x00, 0x00,  // Line 98
        0xff, 0x00, 0x00, 0x00, 0x00, 0x00, 0x00, 0x00, 0x00, 0x00, 0x00, 0x00, 0x00, 0x00, 0x00, 0x00,  // Line 99
        0xff, 0x80, 0x00, 0x00, 0x00, 0x00, 0x00, 0x00, 0x00, 0x00, 0x00, 0x00, 0x00, 0x00, 0x00, 0x00,  // Line 100
        0xff, 0xc0, 0x00, 0x00, 0x03, 0x00, 0x00, 0x00, 0x00, 0x00, 0x00, 0x00, 0x00, 0x00, 0x00, 0x00,  // Line 101
        0xff, 0xe0, 0x00, 0x00, 0x06, 0x00, 0x00, 0x00, 0x00, 0x00, 0x00, 0x00, 0x00, 0x00, 0x00, 0x00,  // Line 102
        0xff, 0xf0, 0x00, 0x00, 0x08, 0x00, 0x00, 0x00, 0x00, 0x00, 0x00, 0x00, 0x00, 0x00, 0x00, 0x00,  // Line 103
        0xff, 0xf9, 0x00, 0x00, 0x10, 0x00, 0x00, 0x00, 0x00, 0x00, 0x00, 0x00, 0x00, 0x00, 0x00, 0x00,  // Line 104
        0xff, 0xfc, 0x00, 0x00, 0x20, 0x00, 0x00, 0x00, 0x00, 0x00, 0x00, 0x00, 0x00, 0x00, 0x00, 0x00,  // Line 105
        0xff, 0xfe, 0x00, 0x00, 0x40, 0x00, 0x00, 0x00, 0x00, 0x00, 0x00, 0x00, 0x00, 0x00, 0x00, 0x00,  // Line 106
        0xff, 0xff, 0x00, 0x00, 0x00, 0x00, 0x00, 0x00, 0x00, 0x00, 0x00, 0x00, 0x00, 0x00, 0x00, 0x00,  // Line 107
        0xff, 0xff, 0x00, 0x01, 0x00, 0x00, 0x00, 0x00, 0x00, 0x00, 0x00, 0x00, 0x00, 0x00, 0x00, 0x00,  // Line 108
        0xff, 0xff, 0x80, 0x02, 0x00, 0x00, 0x00, 0x00, 0x00, 0x00, 0x00, 0x00, 0x00, 0x00, 0x00, 0x00,  // Line 109
        0xff, 0xff, 0xc0, 0x04, 0x00, 0x00, 0x00, 0x00, 0x00, 0x00, 0x00, 0x00, 0x00, 0x00, 0x00, 0x00,  // Line 110
        0xff, 0xff, 0xc0, 0x08, 0x00, 0x00, 0x00, 0x00, 0x00, 0x00, 0x00, 0x00, 0x00, 0x00, 0x00, 0x00,  // Line 111
        0xff, 0xff, 0xc0, 0x10, 0x00, 0x00, 0x00, 0x00, 0x00, 0x00, 0x00, 0x00, 0x00, 0x00, 0x00, 0x00,  // Line 112
        0xff, 0xff, 0xe0, 0x20, 0x00, 0x00, 0x00, 0x00, 0x00, 0x00, 0x00, 0x00, 0x00, 0x00, 0x00, 0x00,  // Line 113
        0xff, 0xff, 0xe0, 0x40, 0x00, 0x00, 0x00, 0x00, 0x00, 0x00, 0x00, 0x00, 0x00, 0x00, 0x00, 0x00,  // Line 114
        0xff, 0xff, 0xe0, 0x80, 0x00, 0x00, 0x00, 0x00, 0x00, 0x00, 0x00, 0x00, 0x00, 0x00, 0x00, 0x00,  // Line 115
        0xff, 0xff, 0xe1, 0x80, 0x00, 0x00, 0x00, 0x00, 0x00, 0x00, 0x00, 0x00, 0x00, 0x00, 0x00, 0x00,  // Line 116
        0xff, 0xff, 0xe1, 0x00, 0x00, 0x00, 0x00, 0x00, 0x00, 0x00, 0x00, 0x00, 0x00, 0x00, 0x00, 0x00,  // Line 117
        0xff, 0xff, 0xf2, 0x00, 0x00, 0x00, 0x00, 0x00, 0x00, 0x00, 0x00, 0x00, 0x00, 0x00, 0x00, 0x00,  // Line 118
        0xff, 0xff, 0xf4, 0x00, 0x00, 0x00, 0x00, 0x00, 0x00, 0x00, 0x00, 0x00, 0x00, 0x00, 0x00, 0x00,  // Line 119
        0xff, 0xff, 0xf4, 0x00, 0x00, 0x00, 0x00, 0x00, 0x00, 0x00, 0x00, 0x00, 0x00, 0x00, 0x00, 0x00,  // Line 120
        0xff, 0xff, 0xf0, 0x00, 0x00, 0x00, 0x00, 0x00, 0x00, 0x00, 0x00, 0x00, 0x00, 0x00, 0x00, 0x00,  // Line 121
        0xff, 0xff, 0xf0, 0x00, 0x00, 0x00, 0x00, 0x00, 0x00, 0x00, 0x00, 0x00, 0x00, 0x00, 0x00, 0x00,  // Line 122
        0xff, 0xff, 0xf0, 0x00, 0x00, 0x00, 0x00, 0x00, 0x00, 0x00, 0x00, 0x00, 0x00, 0x00, 0x00, 0x00,  // Line 123
        0xff, 0xff, 0xf0, 0x00, 0x00, 0x00, 0x00, 0x00, 0x00, 0x00, 0x00, 0x00, 0x00, 0x00, 0x00, 0x00,  // Line 124
        0xff, 0xff, 0xf0, 0x00, 0x00, 0x00, 0x00, 0x00, 0x00, 0x00, 0x00, 0x00, 0x00, 0x00, 0x00, 0x00,  // Line 125
        0xff, 0xff, 0xf0, 0x00, 0x00, 0x00, 0x00, 0x00, 0x00, 0x00, 0x00, 0x00, 0x00, 0x00, 0x00, 0x00,  // Line 126
        0xff, 0xff, 0xf0, 0x00, 0x00, 0x00, 0x00, 0x00, 0x00, 0x00, 0x00, 0x00, 0x00, 0x00, 0x00, 0x00,  // Line 127
    },
    { /* Frame 19 */
        0x00, 0x00, 0x00, 0x00, 0x00, 0x00, 0x00, 0x00, 0x00, 0x00, 0x00, 0x00, 0x3f, 0xcf, 0xff, 0xff,  // Line 0
        0x00, 0x00, 0x00, 0x00, 0x00, 0x00, 0x00, 0x00, 0x00, 0x00, 0x00, 0x00, 0x3f, 0xff, 0xff, 0xff,  // Line 1
        0x00, 0x00, 0x00, 0x00, 0x00, 0x00, 0x00, 0x00, 0x00, 0x00, 0x18, 0x00, 0x3f, 0xff, 0xff, 0xff,  // Line 2
        0x00, 0x00, 0x00, 0x00, 0x00, 0x00, 0x00, 0x00, 0x00, 0x00, 0x1f, 0x80, 0x3f, 0xff, 0xff, 0xff,  // Line 3
        0x00, 0x00, 0x00, 0x00, 0x00, 0x00, 0x00, 0x00, 0x00, 0x00, 0x1f, 0xf8, 0x3f, 0xff, 0xff, 0xff,  // Line 4
        0x00, 0x00, 0x00, 0x00, 0x00, 0x00, 0x00, 0x00, 0x00, 0x00, 0x0f, 0xff, 0xff, 0xff, 0xff, 0xff,  // Line 5
        0x00, 0x00, 0x00, 0x00, 0x00, 0x00, 0x00, 0x00, 0x00, 0x00, 0x0f, 0xff, 0xff, 0xff, 0xff, 0xff,  // Line 6
        0x00, 0x00, 0x00, 0x00, 0x00, 0x00, 0x00, 0x00, 0x00, 0x00, 0x07, 0xff, 0xff, 0xff, 0xff, 0xff,  // Line 7
        0x00, 0x00, 0x00, 0x00, 0x00, 0x00, 0x00, 0x00, 0x00, 0x00, 0x03, 0xff, 0xff, 0xff, 0xff, 0xff,  // Line 8
        0x00, 0x00, 0x00, 0x00, 0x00, 0x00, 0x00, 0x00, 0x00, 0x00, 0x01, 0xff, 0xff, 0xff, 0xff, 0xff,  // Line 9
        0x00, 0x00, 0x00, 0x00, 0x00, 0x00, 0x00, 0x00, 0x00, 0x00, 0x00, 0xff, 0xff, 0xff, 0xff, 0xff,  // Line 10
        0x00, 0x00, 0x00, 0x00, 0x00, 0x00, 0x00, 0x00, 0x00, 0x00, 0x00, 0x7f, 0xff, 0xff, 0xff, 0xff,  // Line 11
        0x00, 0x00, 0x00, 0x00, 0x00, 0x00, 0x00, 0x00, 0x00, 0x00, 0x00, 0x3f, 0xff, 0xff, 0xff, 0xff,  // Line 12
        0x00, 0x00, 0x00, 0x00, 0x00, 0x00, 0x00, 0x00, 0x00, 0x00, 0x00, 0x1f, 0xff, 0xff, 0xff, 0xff,  // Line 13
        0x00, 0x00, 0x00, 0x00, 0x00, 0x00, 0x00, 0x00, 0x00, 0x00, 0x00, 0x1f, 0xff, 0xff, 0xff, 0xff,  // Line 14
        0x00, 0x00, 0x00, 0x00, 0x00, 0x00, 0x00, 0x00, 0x00, 0x0f, 0xfc, 0x00, 0x0f, 0xff, 0xff, 0xff,  // Line 15
        0x00, 0x00, 0x00, 0x00, 0x00, 0x00, 0x00, 0x00, 0x00, 0x07, 0xe0, 0x3f, 0xff, 0xff, 0xff, 0xff,  // Line 16
        0x00, 0x00, 0x00, 0x00, 0x00, 0x00, 0x00, 0x00, 0x00, 0x02, 0x0f, 0xff, 0xff, 0xff, 0xff, 0xff,  // Line 17
        0x00, 0x00, 0x00, 0x00, 0x00, 0x00, 0x00, 0x00, 0x00, 0x00, 0xff, 0xff, 0xff, 0xff, 0xff, 0xff,  // Line 18
        0x00, 0x00, 0x00, 0x00, 0x00, 0x00, 0x00, 0x00, 0x00, 0x00, 0x07, 0xff, 0xff, 0xff, 0xff, 0xff,  // Line 19
        0x00, 0x00, 0x00, 0x00, 0x00, 0x00, 0x00, 0x00, 0x00, 0x00, 0x00, 0x3f, 0xff, 0xff, 0xff, 0xff,  // Line 20
        0x00, 0x00, 0x00, 0x00, 0x00, 0x00, 0x00, 0x00, 0x00, 0x00, 0x00, 0x00, 0xff, 0xff, 0xff, 0xff,  // Line 21
        0x00, 0x00, 0x00, 0x00, 0x00, 0x00, 0x00, 0x00, 0x00, 0x00, 0x19, 0x80, 0x1f, 0xff, 0xff, 0xff,  // Line 22
        0x00, 0x00, 0x00, 0x00, 0x00, 0x00, 0x00, 0x00, 0x00, 0x07, 0x66, 0x00, 0x03, 0xff, 0xff, 0xff,  // Line 23
        0x00, 0x00, 0x00, 0x00, 0x00, 0x00, 0x00, 0x00, 0x00, 0x02, 0xcf, 0x00, 0x00, 0x7f, 0xff, 0xff,  // Line 24
        0x00, 0x00, 0x00, 0x00, 0x00, 0x00, 0x00, 0x00, 0x00, 0x35, 0xbf, 0x88, 0x00, 0x1f, 0xff, 0xff,  // Line 25
        0x00, 0x00, 0x00, 0x00, 0x00, 0x00, 0x00, 0x00, 0x00, 0xe3, 0x07, 0x8e, 0x00, 0x03, 0xff, 0xff,  // Line 26
        0x00, 0x00, 0x00, 0x00, 0x00, 0x00, 0x00, 0x00, 0x01, 0xe6, 0x01, 0x8f, 0xe0, 0x0f, 0xff, 0xff,  // Line 27
        0x00, 0x00, 0x00, 0x00, 0x00, 0x00, 0x00, 0x00, 0x01, 0x88, 0x00, 0x4f, 0xcf, 0xff, 0xff, 0xff,  // Line 28
        0x00, 0x00, 0x00, 0x00, 0x00, 0x00, 0x00, 0x00, 0x00, 0x32, 0x00, 0x09, 0xff, 0xff, 0xff, 0xff,  // Line 29
        0x00, 0x00, 0x00, 0x00, 0x00, 0x00, 0x00, 0x00, 0x00, 0xf6, 0x00, 0x07, 0xff, 0xff, 0xff, 0xff,  // Line 30
        0x00, 0x00, 0x00, 0x00, 0x00, 0x00, 0x00, 0x00, 0x03, 0xee, 0x00, 0x00, 0x00, 0xff, 0xff, 0xff,  // Line 31
        0x00, 0x00, 0x00, 0x00, 0x00, 0x00, 0x00, 0x00, 0x01, 0xde, 0x1c, 0x00, 0x00, 0x07, 0xff, 0xff,  // Line 32
        0x00, 0x00, 0x00, 0x00, 0x00, 0x00, 0x00, 0x00, 0x03, 0xbc, 0x3c, 0x00, 0x00, 0x00, 0x7f, 0xff,  // Line 33
        0x00, 0x00, 0x00, 0x00, 0x00, 0x00, 0x00, 0x00, 0x07, 0x7e, 0x7f, 0x80, 0x00, 0x00, 0x3f, 0xff,  // Line 34
        0x00, 0x00, 0x00, 0x00, 0x00, 0x00, 0x00, 0x00, 0x0e, 0xfe, 0x64, 0x0f, 0xe0, 0x00, 0x7f, 0xff,  // Line 35
        0x00, 0x00, 0x00, 0x00, 0x00, 0x00, 0x00, 0x00, 0x1c, 0xfe, 0x42, 0x0f, 0xff, 0x02, 0x7f, 0xff,  // Line 36
        0x00, 0x00, 0x00, 0x00, 0x00, 0x00, 0x00, 0x00, 0x0d, 0xfe, 0x50, 0x0f, 0xff, 0xf0, 0xff, 0xff,  // Line 37
        0x00, 0x00, 0x00, 0x00, 0x00, 0x00, 0x00, 0x00, 0x1b, 0xff, 0x11, 0x0f, 0xff, 0xfc, 0xff, 0xff,  // Line 38
        0x00, 0x00, 0x00, 0x00, 0x00, 0x00, 0x00, 0x00, 0x37, 0xff, 0x09, 0x0f, 0xff, 0xf9, 0xff, 0xff,  // Line 39
        0x00, 0x00, 0x00, 0x00, 0x00, 0x00, 0x00, 0x00, 0x2c, 0xff, 0x90, 0x8f, 0xff, 0xfb, 0xff, 0xff,  // Line 40
        0x00, 0x00, 0x00, 0x00, 0x00, 0x00, 0x00, 0x00, 0x4e, 0x7f, 0xc1, 0x8f, 0xef, 0xf3, 0xff, 0xff,  // Line 41
        0x00, 0x00, 0x00, 0x00, 0x00, 0x00, 0x00, 0x00, 0x1f, 0xbf, 0xcf, 0x8f, 0xcf, 0xf3, 0xfb, 0xff,  // Line 42
        0x00, 0x00, 0x00, 0x00, 0x00, 0x00, 0x00, 0x00, 0x3f, 0xff, 0xe7, 0x0f, 0xdf, 0xe7, 0xfb, 0xff,  // Line 43
        0x00, 0x00, 0x00, 0x00, 0x00, 0x00, 0x00, 0x00, 0x3f, 0xff, 0xf3, 0x07, 0xbf, 0xe7, 0xe3, 0xff,  // Line 44
        0x00, 0x00, 0x00, 0x00, 0x00, 0x00, 0x00, 0x00, 0x7f, 0xff, 0xff, 0x06, 0x7f, 0xef, 0xc3, 0xff,  // Line 45
        0x00, 0x00, 0x00, 0x00, 0x00, 0x00, 0x00, 0x00, 0x0f, 0xff, 0xff, 0x18, 0xff, 0xcf, 0x33, 0xff,  // Line 46
        0x00, 0x00, 0x00, 0x00, 0x00, 0x00, 0x00, 0x00, 0xfd, 0xff, 0xff, 0xff, 0xfe, 0x0e, 0x77, 0xff,  // Line 47
        0x00, 0x00, 0x00, 0x00, 0x00, 0x00, 0x00, 0x01, 0xff, 0xff, 0xff, 0xff, 0xf9, 0xcd, 0xe7, 0xff,  // Line 48
        0x00, 0x00, 0x00, 0x00, 0x00, 0x00, 0x00, 0x01, 0xff, 0xff, 0xfe, 0x77, 0xe7, 0x9b, 0xe7, 0xff,  // Line 49
        0x00, 0x00, 0x00, 0x00, 0x00, 0x00, 0x00, 0x03, 0xff, 0xff, 0xff, 0x3b, 0xdf, 0x97, 0xef, 0xff,  // Line 50
        0x00, 0x00, 0x00, 0x00, 0x00, 0x00, 0x00, 0x03, 0xff, 0xff, 0xff, 0xbd, 0x9f, 0x8f, 0xcf, 0xff,  // Line 51
        0x00, 0x00, 0x00, 0x00, 0x00, 0x00, 0x00, 0x03, 0xff, 0xff, 0xff, 0xbc, 0xff, 0x0f, 0xdf, 0xff,  // Line 52
        0x00, 0x00, 0x00, 0x00, 0x00, 0x00, 0x00, 0x07, 0xff, 0xff, 0xff, 0xfe, 0xff, 0x1f, 0x9f, 0xf7,  // Line 53
        0x00, 0x00, 0x00, 0x00, 0x00, 0x00, 0x00, 0x07, 0xc7, 0xff, 0xff, 0xff, 0x7b, 0xbf, 0xbf, 0xe7,  // Line 54
        0x00, 0x00, 0x00, 0x00, 0x00, 0x00, 0x00, 0x0c, 0x3f, 0xff, 0xff, 0xf7, 0x80, 0x3f, 0x3f, 0x8f,  // Line 55
        0x00, 0x00, 0x00, 0x00, 0x00, 0x00, 0x00, 0x0b, 0xff, 0xff, 0xff, 0xfc, 0x80, 0x00, 0x7f, 0x1f,  // Line 56
        0x00, 0x1f, 0xc0, 0x00, 0x00, 0x00, 0x00, 0x0f, 0xff, 0xff, 0xff, 0xfe, 0x80, 0x00, 0xfc, 0x1f,  // Line 57
        0x03, 0xff, 0xe0, 0x00, 0x00, 0x00, 0x00, 0x1f, 0xff, 0xff, 0xff, 0xfe, 0x80, 0x00, 0xf0, 0x3f,  // Line 58
        0x07, 0xff, 0xf8, 0x00, 0x00, 0x00, 0x00, 0x1f, 0xff, 0xff, 0x3f, 0xfe, 0xc7, 0x01, 0xc0, 0x3f,  // Line 59
        0x3f, 0xff, 0xff, 0x00, 0x00, 0x00, 0x00, 0x1f, 0xff, 0xff, 0xff, 0xff, 0xff, 0xfb, 0x0c, 0x7f,  // Line 60
        0x1f, 0xff, 0xff, 0x80, 0x00, 0x00, 0x00, 0x1f, 0xfb, 0xff, 0xff, 0xff, 0xff, 0xd0, 0x06, 0x7c,  // Line 61
        0x3f, 0xff, 0xff, 0xc0, 0x00, 0x00, 0x00, 0x3f, 0xf7, 0xff, 0xff, 0xff, 0xff, 0xa0, 0x84, 0xf8,  // Line 62
        0x3f, 0xff, 0xff, 0xc0, 0x00, 0x00, 0x00, 0x3f, 0xcf, 0xff, 0xf7, 0xff, 0xfb, 0x04, 0x00, 0xf8,  // Line 63
        0x7f, 0xff, 0xff, 0xc0, 0x00, 0x00, 0x00, 0x3f, 0xcf, 0xff, 0xff, 0xff, 0xf9, 0x00, 0x80, 0xf0,  // Line 64
        0xff, 0xff, 0xff, 0xc0, 0x00, 0x00, 0x00, 0x3f, 0xbf, 0xff, 0xff, 0xff, 0xfc, 0x00, 0xc0, 0xe0,  // Line 65
        0xff, 0xff, 0xff, 0xc0, 0x00, 0x00, 0x00, 0x3f, 0x7f, 0xfd, 0xff, 0xff, 0xf8, 0x01, 0xc1, 0xc1,  // Line 66
        0xff, 0xff, 0xff, 0xc0, 0x00, 0x00, 0x00, 0x3f, 0x7f, 0xff, 0xff, 0xff, 0xff, 0x03, 0x81, 0x81,  // Line 67
        0xff, 0xff, 0xff, 0xe0, 0x00, 0x00, 0x00, 0x3f, 0x7f, 0xff, 0xbf, 0xff, 0xff, 0xbf, 0x81, 0x81,  // Line 68
        0xff, 0xff, 0xff, 0xe0, 0x00, 0x00, 0x00, 0x3f, 0xbf, 0xff, 0xdf, 0xff, 0xff, 0xff, 0x01, 0x03,  // Line 69
        0xff, 0xff, 0xff, 0xe0, 0x00, 0x00, 0x00, 0x3f, 0xdf, 0xff, 0xff, 0xff, 0xff, 0xfc, 0x00, 0x03,  // Line 70
        0xff, 0xff, 0xff, 0xe0, 0x00, 0x00, 0x00, 0x3f, 0xef, 0xff, 0xff, 0xff, 0xff, 0xf0, 0x02, 0x83,  // Line 71
        0xff, 0xff, 0xff, 0xe0, 0x00, 0x00, 0x00, 0x3f, 0xf7, 0xff, 0xff, 0xff, 0xff, 0xfc, 0x00, 0x83,  // Line 72
        0xff, 0xff, 0xff, 0xe0, 0x00, 0x00, 0x00, 0x3f, 0xff, 0xff, 0xff, 0xff, 0xff, 0xff, 0xe9, 0x07,  // Line 73
        0xff, 0xff, 0xff, 0xe0, 0x00, 0x00, 0x00, 0x3f, 0xff, 0xff, 0xfd, 0xff, 0xff, 0xff, 0xfb, 0x07,  // Line 74
        0xff, 0xff, 0xff, 0xe0, 0x00, 0x00, 0x00, 0x3f, 0xff, 0xff, 0xfd, 0xff, 0xff, 0xff, 0xfa, 0x06,  // Line 75
        0xff, 0xff, 0xff, 0xe0, 0x00, 0x00, 0x00, 0x3f, 0xff, 0xff, 0xfd, 0xff, 0xff, 0xff, 0xfe, 0x04,  // Line 76
        0xff, 0xff, 0xff, 0xe0, 0x00, 0x00, 0x00, 0x3f, 0xff, 0xff, 0xf9, 0xff, 0xff, 0xff, 0xff, 0x00,  // Line 77
        0xff, 0xff, 0xff, 0xe0, 0x00, 0x00, 0x00, 0x1f, 0xff, 0xff, 0xfb, 0xff, 0xff, 0xff, 0xff, 0x00,  // Line 78
        0xff, 0xff, 0xff, 0xe0, 0x00, 0x00, 0x00, 0x1f, 0xff, 0xdf, 0xf3, 0xff, 0xff, 0xff, 0xee, 0x00,  // Line 79
        0xff, 0xff, 0xff, 0xe0, 0x00, 0x00, 0x00, 0x1f, 0xff, 0xff, 0x87, 0xff, 0xdf, 0xff, 0xdc, 0x00,  // Line 80
        0xff, 0xff, 0xff, 0xe0, 0x00, 0x00, 0x00, 0x0f, 0xff, 0xff, 0x0f, 0xff, 0xff, 0xff, 0x30, 0x00,  // Line 81
        0xff, 0xff, 0xff, 0xe0, 0x00, 0x00, 0x00, 0x07, 0xff, 0xfe, 0x1f, 0xff, 0xff, 0xfc, 0x00, 0x00,  // Line 82
        0xff, 0xff, 0xff, 0xe0, 0x00, 0x00, 0x00, 0x07, 0xff, 0xf9, 0x3f, 0xff, 0xff, 0xe0, 0x00, 0x00,  // Line 83
        0xff, 0xff, 0xff, 0xe0, 0x00, 0x00, 0x00, 0x03, 0xff, 0xfc, 0x7f, 0xdf, 0xff, 0xc0, 0x00, 0x00,  // Line 84
        0xff, 0xff, 0xff, 0xf0, 0x00, 0x00, 0x00, 0x01, 0xff, 0xff, 0xff, 0xff, 0xf0, 0x00, 0x00, 0x00,  // Line 85
        0xff, 0xff, 0xff, 0xf0, 0x00, 0x00, 0x00, 0x00, 0xff, 0xff, 0xff, 0xdf, 0xc0, 0x00, 0x00, 0x00,  // Line 86
        0xff, 0xff, 0xff, 0xf0, 0x00, 0x00, 0x00, 0x00, 0x5f, 0xff, 0xff, 0xdf, 0x00, 0x00, 0x00, 0x00,  // Line 87
        0xff, 0xff, 0xff, 0xf0, 0x00, 0x00, 0x00, 0x00, 0x3f, 0xff, 0xff, 0xdc, 0x00, 0x00, 0x00, 0x00,  // Line 88
        0xff, 0xff, 0xff, 0xf0, 0x00, 0x00, 0x00, 0x00, 0x0f, 0xff, 0xff, 0xd8, 0x00, 0x00, 0x00, 0x00,  // Line 89
        0xff, 0xff, 0xff, 0xf0, 0x00, 0x00, 0x00, 0x00, 0x00, 0xff, 0xff, 0xe0, 0x00, 0x00, 0x00, 0x00,  // Line 90
        0xff, 0xff, 0xff, 0xf0, 0x00, 0x00, 0x00, 0x00, 0x00, 0x00, 0x00, 0x00, 0x00, 0x00, 0x00, 0x00,  // Line 91
        0xff, 0xff, 0xff, 0xf0, 0x00, 0x00, 0x00, 0x00, 0x00, 0x00, 0x00, 0x00, 0x00, 0x00, 0x00, 0x00,  // Line 92
        0xff, 0xff, 0xff, 0xf8, 0x00, 0x00, 0x20, 0x00, 0x00, 0x00, 0x00, 0x00, 0x00, 0x00, 0x00, 0x00,  // Line 93
        0xff, 0xff, 0xff, 0xf8, 0x00, 0x00, 0x40, 0x00, 0x00, 0x00, 0x00, 0x00, 0x00, 0x00, 0x00, 0x00,  // Line 94
        0xff, 0xff, 0xff, 0xf0, 0x00, 0x01, 0x80, 0x00, 0x00, 0x00, 0x00, 0x00, 0x00, 0x00, 0x00, 0x00,  // Line 95
        0xff, 0xff, 0xff, 0xf8, 0x00, 0x02, 0x00, 0x00, 0x00, 0x00, 0x00, 0x00, 0x00, 0x00, 0x00, 0x00,  // Line 96
        0xff, 0xff, 0xff, 0xf0, 0x00, 0x0c, 0x00, 0x00, 0x00, 0x00, 0x00, 0x00, 0x00, 0x00, 0x00, 0x00,  // Line 97
        0xff, 0xff, 0xff, 0xf0, 0x00, 0x10, 0x00, 0x00, 0x00, 0x00, 0x00, 0x00, 0x00, 0x00, 0x00, 0x00,  // Line 98
        0xff, 0xff, 0xff, 0xf0, 0x00, 0x20, 0x00, 0x00, 0x00, 0x00, 0x00, 0x00, 0x00, 0x00, 0x00, 0x00,  // Line 99
        0x7f, 0xff, 0xff, 0xf0, 0x00, 0x40, 0x00, 0x00, 0x00, 0x00, 0x00, 0x00, 0x00, 0x00, 0x00, 0x00,  // Line 100
        0x7f, 0xff, 0xff, 0xf0, 0x00, 0x00, 0x00, 0x00, 0x00, 0x00, 0x00, 0x00, 0x00, 0x00, 0x00, 0x00,  // Line 101
        0x7f, 0xff, 0xff, 0xf0, 0x00, 0x00, 0x00, 0x00, 0x00, 0x00, 0x00, 0x00, 0x00, 0x00, 0x00, 0x00,  // Line 102
        0x3f, 0xff, 0xff, 0xf0, 0x00, 0x00, 0x00, 0x00, 0x00, 0x00, 0x00, 0x00, 0x00, 0x00, 0x00, 0x00,  // Line 103
        0x3f, 0xff, 0xff, 0xf8, 0x00, 0x00, 0x00, 0x00, 0x00, 0x00, 0x00, 0x00, 0x00, 0x00, 0x00, 0x00,  // Line 104
        0x7f, 0xff, 0xff, 0xf8, 0x00, 0x00, 0x00, 0x00, 0x00, 0x00, 0x00, 0x00, 0x00, 0x00, 0x00, 0x00,  // Line 105
        0x7f, 0xff, 0xff, 0xf8, 0x00, 0x00, 0x00, 0x00, 0x00, 0x00, 0x00, 0x00, 0x00, 0x00, 0x00, 0x00,  // Line 106
        0x7f, 0xff, 0xff, 0xf8, 0x00, 0x00, 0x00, 0x00, 0x00, 0x00, 0x00, 0x00, 0x00, 0x00, 0x00, 0x00,  // Line 107
        0x3f, 0xff, 0xff, 0xf0, 0x00, 0x00, 0x00, 0x00, 0x00, 0x00, 0x00, 0x00, 0x00, 0x00, 0x00, 0x00,  // Line 108
        0x3f, 0xff, 0xff, 0xf8, 0x00, 0x00, 0x00, 0x00, 0x00, 0x00, 0x00, 0x00, 0x00, 0x00, 0x00, 0x00,  // Line 109
        0x3f, 0xff, 0xff, 0xf8, 0x00, 0x00, 0x00, 0x00, 0x00, 0x00, 0x00, 0x00, 0x00, 0x00, 0x00, 0x00,  // Line 110
        0x3f, 0xff, 0xff, 0xfc, 0x00, 0x00, 0x00, 0x00, 0x00, 0x00, 0x00, 0x00, 0x00, 0x00, 0x00, 0x00,  // Line 111
        0x1f, 0xff, 0xff, 0xfc, 0x00, 0x00, 0x00, 0x0f, 0x00, 0x00, 0x00, 0x00, 0x00, 0x00, 0x00, 0x00,  // Line 112
        0x1f, 0xff, 0xff, 0xf8, 0x00, 0x00, 0x00, 0x7f, 0xc0, 0x00, 0x00, 0x00, 0x00, 0x00, 0x00, 0x00,  // Line 113
        0x1f, 0xff, 0xff, 0xf8, 0x00, 0x00, 0x00, 0xff, 0xf0, 0x00, 0x00, 0x00, 0x00, 0x00, 0x00, 0x00,  // Line 114
        0x1f, 0xff, 0xff, 0xf8, 0x00, 0x00, 0x03, 0xff, 0xf8, 0x00, 0x00, 0x00, 0x00, 0x00, 0x00, 0x00,  // Line 115
        0x1f, 0xff, 0xff, 0xf8, 0x00, 0x00, 0x07, 0xff, 0xfc, 0x00, 0x00, 0x00, 0x00, 0x00, 0x00, 0x00,  // Line 116
        0x1f, 0xff, 0xff, 0xf8, 0x00, 0x00, 0x0f, 0xff, 0xfc, 0x00, 0x00, 0x00, 0x00, 0x00, 0x00, 0x00,  // Line 117
        0x1f, 0xff, 0xff, 0xf8, 0x00, 0x00, 0x1f, 0xff, 0xff, 0x00, 0x00, 0x00, 0x00, 0x00, 0x00, 0x00,  // Line 118
        0x1f, 0xff, 0xff, 0xf8, 0x00, 0x00, 0x3f, 0xff, 0xff, 0x00, 0x00, 0x00, 0x00, 0x00, 0x00, 0x00,  // Line 119
        0x1f, 0xff, 0xff, 0xf8, 0x00, 0x00, 0x7f, 0xff, 0xff, 0x80, 0x00, 0x00, 0x00, 0x00, 0x00, 0x00,  // Line 120
        0x1f, 0xff, 0xff, 0xf8, 0x00, 0x00, 0xff, 0xff, 0xff, 0xc0, 0x00, 0x00, 0x00, 0x00, 0x00, 0x00,  // Line 121
        0x1f, 0xff, 0xff, 0xf8, 0x00, 0x01, 0xff, 0xff, 0xff, 0xe0, 0x00, 0x00, 0x00, 0x00, 0x00, 0x00,  // Line 122
        0x0f, 0xff, 0xff, 0xf8, 0x00, 0x03, 0xff, 0xff, 0xff, 0xe0, 0x00, 0x00, 0x00, 0x00, 0x00, 0x00,  // Line 123
        0x0f, 0xff, 0xff, 0xf8, 0x00, 0x07, 0xff, 0xff, 0xff, 0xf0, 0x00, 0x00, 0x00, 0x00, 0x00, 0x00,  // Line 124
        0x0f, 0xff, 0xff, 0xf8, 0x00, 0x0f, 0xff, 0xff, 0xff, 0xf8, 0x00, 0x00, 0x00, 0x00, 0x00, 0x00,  // Line 125
        0x0f, 0xff, 0xff, 0xf8, 0x00, 0x1f, 0xff, 0xff, 0xff, 0xf8, 0x00, 0x00, 0x00, 0x00, 0x00, 0x00,  // Line 126
        0x0f, 0xff, 0xff, 0xf8, 0x00, 0x3f, 0xff, 0xff, 0xff, 0xf8, 0x00, 0x00, 0x00, 0x00, 0x00, 0x00,  // Line 127
    },
    { /* Frame 20 */
        0xff, 0xff, 0xff, 0xff, 0xf8, 0x00, 0x00, 0x00, 0x00, 0x00, 0x00, 0x00, 0x00, 0x00, 0xff, 0x81,  // Line 0
        0xff, 0xff, 0xff, 0xff, 0xf8, 0x00, 0x00, 0x00, 0x00, 0x00, 0x00, 0x00, 0x70, 0x00, 0xff, 0x81,  // Line 1
        0xff, 0xff, 0xff, 0xff, 0xf0, 0x00, 0x00, 0x00, 0x00, 0x00, 0x00, 0x00, 0x3c, 0x00, 0xff, 0xc1,  // Line 2
        0xff, 0xff, 0xff, 0xff, 0xf8, 0x00, 0x00, 0x00, 0x00, 0x00, 0x00, 0x00, 0x3f, 0x80, 0xff, 0xe3,  // Line 3
        0xff, 0xff, 0xff, 0xff, 0xf0, 0x00, 0x00, 0x00, 0x00, 0x00, 0x00, 0x00, 0x1f, 0xe0, 0xff, 0xf3,  // Line 4
        0xff, 0xff, 0xff, 0xff, 0xf0, 0x00, 0x00, 0x00, 0x00, 0x00, 0x00, 0x00, 0x0f, 0xf8, 0xff, 0xff,  // Line 5
        0xff, 0xff, 0xff, 0xff, 0xe0, 0x00, 0x00, 0x00, 0x00, 0x00, 0x00, 0x00, 0x07, 0xff, 0xff, 0xff,  // Line 6
        0xff, 0xff, 0xff, 0xff, 0xe0, 0x00, 0x00, 0x00, 0x00, 0x00, 0x00, 0x00, 0x07, 0xff, 0xff, 0xff,  // Line 7
        0xff, 0xff, 0xff, 0xff, 0xe0, 0x00, 0x00, 0x00, 0x00, 0x00, 0x00, 0x00, 0x03, 0xff, 0xff, 0xff,  // Line 8
        0xff, 0xff, 0xff, 0xff, 0xe0, 0x00, 0x00, 0x00, 0x00, 0x00, 0x00, 0x00, 0x01, 0xff, 0xff, 0xff,  // Line 9
        0xff, 0xff, 0xff, 0xff, 0xc0, 0x00, 0x00, 0x00, 0x00, 0x00, 0x00, 0x00, 0x00, 0xff, 0xff, 0xff,  // Line 10
        0xff, 0xff, 0xff, 0xff, 0xc0, 0x00, 0x00, 0x00, 0x00, 0x00, 0x00, 0x00, 0x00, 0x7f, 0xff, 0xff,  // Line 11
        0xff, 0xff, 0xff, 0xff, 0x80, 0x00, 0x00, 0x00, 0x00, 0x00, 0x00, 0x00, 0x00, 0x3f, 0xff, 0xff,  // Line 12
        0xff, 0xff, 0xff, 0xfe, 0x00, 0x00, 0x00, 0x00, 0x00, 0x00, 0x00, 0x00, 0x00, 0x1f, 0xff, 0xff,  // Line 13
        0xff, 0xff, 0xff, 0xfc, 0x00, 0x00, 0x00, 0x00, 0x00, 0x00, 0x00, 0x00, 0x00, 0xff, 0xff, 0xff,  // Line 14
        0xff, 0xff, 0xff, 0xe0, 0x00, 0x00, 0x00, 0x00, 0x00, 0x00, 0x00, 0x00, 0x07, 0xff, 0xff, 0xff,  // Line 15
        0xff, 0xff, 0xfe, 0x00, 0x00, 0x00, 0x00, 0x00, 0x00, 0x00, 0x00, 0x00, 0x1f, 0xff, 0xff, 0xff,  // Line 16
        0xff, 0xff, 0xf0, 0x00, 0x00, 0x00, 0x00, 0x00, 0x00, 0x00, 0x00, 0x1e, 0x7f, 0xff, 0xff, 0xff,  // Line 17
        0xff, 0xff, 0xd0, 0x00, 0x00, 0x00, 0x00, 0x00, 0x00, 0x00, 0x00, 0x70, 0x00, 0x00, 0x7f, 0xff,  // Line 18
        0x07, 0xff, 0xc0, 0x00, 0x00, 0x00, 0x00, 0x00, 0x00, 0x00, 0x00, 0x00, 0x00, 0x00, 0x00, 0xff,  // Line 19
        0x00, 0xff, 0x80, 0x00, 0x00, 0x00, 0x00, 0x00, 0x00, 0x00, 0x00, 0x00, 0x00, 0x00, 0x00, 0x3f,  // Line 20
        0x00, 0x08, 0x00, 0x00, 0x00, 0x00, 0x00, 0x00, 0x00, 0x00, 0x00, 0x00, 0x00, 0x00, 0x00, 0x3f,  // Line 21
        0x00, 0x00, 0x00, 0x00, 0x00, 0x00, 0x00, 0x00, 0x00, 0x00, 0x00, 0x00, 0x01, 0x80, 0x61, 0xff,  // Line 22
        0x00, 0x00, 0x00, 0x00, 0x00, 0x00, 0x00, 0x00, 0x00, 0x00, 0x00, 0x00, 0x0c, 0x7f, 0x0f, 0xff,  // Line 23
        0x00, 0x00, 0x00, 0x00, 0x00, 0x00, 0x00, 0x00, 0x00, 0x00, 0x00, 0x06, 0x1e, 0x3e, 0x3f, 0xff,  // Line 24
        0x00, 0x00, 0x00, 0x00, 0x00, 0x00, 0x00, 0x00, 0x00, 0x00, 0x00, 0x2c, 0x3f, 0x1c, 0xff, 0xff,  // Line 25
        0x00, 0x00, 0x00, 0x00, 0x00, 0x00, 0x00, 0x00, 0x00, 0x00, 0x00, 0xc8, 0x7f, 0x87, 0xff, 0xff,  // Line 26
        0x00, 0x00, 0x00, 0x00, 0x00, 0x00, 0x00, 0x00, 0x00, 0x00, 0x03, 0xc4, 0xff, 0x8f, 0xff, 0xff,  // Line 27
        0x00, 0x00, 0x00, 0x00, 0x00, 0x00, 0x00, 0x00, 0x00, 0x00, 0x07, 0x8b, 0x81, 0x1f, 0xff, 0xff,  // Line 28
        0x00, 0x00, 0x00, 0x00, 0x00, 0x00, 0x00, 0x00, 0x00, 0x00, 0x07, 0x17, 0x00, 0x60, 0x00, 0x01,  // Line 29
        0xf8, 0x00, 0x00, 0x00, 0x00, 0x00, 0x00, 0x00, 0x00, 0x00, 0x0e, 0x6f, 0x00, 0x00, 0x00, 0x01,  // Line 30
        0xfe, 0x00, 0x00, 0x00, 0x00, 0x00, 0x00, 0x00, 0x00, 0x00, 0x00, 0xdf, 0x00, 0x03, 0xfe, 0x1b,  // Line 31
        0xff, 0x80, 0x00, 0x00, 0x00, 0x00, 0x00, 0x00, 0x00, 0x00, 0x03, 0xbf, 0x0f, 0x13, 0xff, 0xe3,  // Line 32
        0xff, 0xc0, 0x00, 0x00, 0x00, 0x00, 0x00, 0x00, 0x00, 0x00, 0x06, 0x7f, 0x1f, 0x93, 0xff, 0xe7,  // Line 33
        0xff, 0xe0, 0x00, 0x00, 0x00, 0x00, 0x00, 0x00, 0x00, 0x00, 0x0c, 0xff, 0x38, 0x43, 0xff, 0xe7,  // Line 34
        0xff, 0xe0, 0x00, 0x00, 0x00, 0x00, 0x00, 0x00, 0x00, 0x00, 0x1c, 0xff, 0xb0, 0x03, 0xff, 0xcf,  // Line 35
        0xff, 0xf0, 0x00, 0x00, 0x00, 0x00, 0x00, 0x00, 0x00, 0x00, 0x1a, 0x3f, 0xb4, 0x03, 0xff, 0xcf,  // Line 36
        0xff, 0xf0, 0x00, 0x00, 0x00, 0x00, 0x00, 0x00, 0x00, 0x00, 0x37, 0x8f, 0xc4, 0x03, 0xff, 0x9f,  // Line 37
        0xff, 0xf8, 0x00, 0x00, 0x00, 0x00, 0x00, 0x00, 0x00, 0x00, 0xef, 0xe7, 0xe6, 0x21, 0xff, 0x9f,  // Line 38
        0xff, 0xf8, 0x00, 0x00, 0x00, 0x00, 0x00, 0x00, 0x00, 0x00, 0x1f, 0xfb, 0xf0, 0x49, 0xff, 0x3f,  // Line 39
        0xff, 0xf8, 0x00, 0x00, 0x00, 0x00, 0x00, 0x00, 0x00, 0x00, 0x3f, 0xfd, 0xf8, 0xc9, 0xf7, 0x3f,  // Line 40
        0xff, 0xfc, 0x00, 0x00, 0x00, 0x00, 0x00, 0x00, 0x00, 0x00, 0x3f, 0xfe, 0xff, 0xc9, 0xe6, 0x7f,  // Line 41
        0xff, 0xfc, 0x00, 0x00, 0x00, 0x00, 0x00, 0x00, 0x00, 0x00, 0x07, 0xff, 0xfd, 0xe1, 0xce, 0x7f,  // Line 42
        0xff, 0xfc, 0x00, 0x00, 0x00, 0x00, 0x00, 0x00, 0x00, 0x00, 0xf8, 0x7f, 0xff, 0xe0, 0x9e, 0xfe,  // Line 43
        0xff, 0xfc, 0x00, 0x00, 0x00, 0x00, 0x00, 0x00, 0x00, 0x01, 0xff, 0x9f, 0xff, 0xc4, 0x3c, 0xfc,  // Line 44
        0xff, 0xfe, 0x00, 0x00, 0x00, 0x00, 0x00, 0x00, 0x00, 0x01, 0xff, 0xff, 0xfe, 0x61, 0xfd, 0xf1,  // Line 45
        0xff, 0xfe, 0x00, 0x00, 0x00, 0x00, 0x00, 0x00, 0x00, 0x03, 0xff, 0xff, 0xff, 0x18, 0xf9, 0xe7,  // Line 46
        0xff, 0xfe, 0x00, 0x00, 0x00, 0x00, 0x00, 0x00, 0x00, 0x07, 0xff, 0xff, 0xff, 0xcf, 0x73, 0xcf,  // Line 47
        0xff, 0xfe, 0x00, 0x00, 0x00, 0x00, 0x00, 0x00, 0x00, 0x07, 0xff, 0xff, 0xff, 0xe7, 0xa3, 0x1f,  // Line 48
        0xff, 0xfe, 0x00, 0x00, 0x00, 0x00, 0x00, 0x00, 0x00, 0x0f, 0xfb, 0xff, 0xff, 0xff, 0x86, 0x7f,  // Line 49
        0xff, 0xfe, 0x00, 0x00, 0x00, 0x00, 0x00, 0x00, 0x00, 0x0e, 0x1f, 0xff, 0xff, 0xff, 0xc4, 0xff,  // Line 50
        0xff, 0xfe, 0x00, 0x00, 0x00, 0x00, 0x00, 0x00, 0x00, 0x11, 0xff, 0xff, 0xff, 0xff, 0xe1, 0xff,  // Line 51
        0xff, 0xfe, 0x00, 0x00, 0x00, 0x00, 0x00, 0x00, 0x00, 0x07, 0xff, 0xff, 0xff, 0xfc, 0x40, 0xff,  // Line 52
        0xff, 0xfe, 0x00, 0x00, 0x00, 0x00, 0x00, 0x00, 0x00, 0x1f, 0xff, 0xff, 0xff, 0xff, 0x80, 0x0f,  // Line 53
        0xff, 0xfe, 0x00, 0x00, 0x00, 0x00, 0x00, 0x00, 0x00, 0x3f, 0xff, 0xff, 0xff, 0xff, 0x80, 0x03,  // Line 54
        0xff, 0xfe, 0x00, 0x00, 0x00, 0x00, 0x00, 0x00, 0x00, 0x3f, 0xff, 0xff, 0xe7, 0xff, 0x80, 0x00,  // Line 55
        0xff, 0xfe, 0x00, 0x00, 0x00, 0x00, 0x00, 0x00, 0x00, 0x7f, 0xff, 0xff, 0xff, 0xff, 0x80, 0x00,  // Line 56
        0xff, 0xfe, 0x00, 0x00, 0x00, 0x00, 0x00, 0x00, 0x00, 0x7f, 0xff, 0xff, 0xff, 0xff, 0xce, 0x00,  // Line 57
        0xff, 0xfe, 0x00, 0x00, 0x00, 0x00, 0x00, 0x00, 0x00, 0x7f, 0xff, 0xff, 0xfe, 0xff, 0xdf, 0xec,  // Line 58
        0xff, 0xfe, 0x00, 0x00, 0x00, 0x00, 0x00, 0x00, 0x00, 0xff, 0xef, 0xff, 0xfe, 0xff, 0xff, 0x82,  // Line 59
        0xff, 0xff, 0xc0, 0x00, 0x00, 0x00, 0x00, 0x00, 0x00, 0xff, 0xcf, 0xfb, 0xff, 0xff, 0xfb, 0x08,  // Line 60
        0xff, 0xff, 0xe0, 0x00, 0x00, 0x00, 0x00, 0x00, 0x00, 0xff, 0xbf, 0xff, 0xff, 0xff, 0xf9, 0x40,  // Line 61
        0xff, 0xff, 0xc0, 0x00, 0x00, 0x00, 0x00, 0x00, 0x00, 0xff, 0xff, 0xff, 0xff, 0xff, 0xf8, 0x40,  // Line 62
        0xff, 0xff, 0xe0, 0x00, 0x00, 0x00, 0x00, 0x00, 0x00, 0xff, 0xff, 0xff, 0xff, 0xff, 0xfc, 0x00,  // Line 63
        0xff, 0xff, 0xe0, 0x00, 0x00, 0x00, 0x00, 0x00, 0x00, 0xfd, 0xff, 0xff, 0xdf, 0xff, 0xff, 0x00,  // Line 64
        0xff, 0xff, 0xe0, 0x00, 0x00, 0x00, 0x00, 0x00, 0x00, 0xfe, 0xff, 0xff, 0xef, 0xff, 0xff, 0x0e,  // Line 65
        0xff, 0xff, 0xc0, 0x00, 0x00, 0x00, 0x00, 0x00, 0x00, 0xfe, 0x7f, 0xff, 0xff, 0xff, 0xff, 0xfc,  // Line 66
        0xff, 0xff, 0xc0, 0x00, 0x00, 0x00, 0x00, 0x00, 0x00, 0xff, 0x7f, 0xff, 0xff, 0xff, 0xff, 0x90,  // Line 67
        0xff, 0xff, 0x80, 0x00, 0x00, 0x00, 0x00, 0x00, 0x00, 0xff, 0xbf, 0xff, 0xff, 0xff, 0xff, 0xc0,  // Line 68
        0xff, 0xff, 0xc0, 0x00, 0x00, 0x00, 0x00, 0x00, 0x00, 0xff, 0xdf, 0xff, 0xff, 0xff, 0xff, 0xe0,  // Line 69
        0xff, 0xff, 0x80, 0x00, 0x00, 0x00, 0x00, 0x00, 0x00, 0xff, 0xef, 0xff, 0xff, 0xff, 0xff, 0xf8,  // Line 70
        0xff, 0xff, 0xc0, 0x00, 0x00, 0x00, 0x00, 0x00, 0x00, 0xff, 0xf7, 0xff, 0xff, 0xff, 0xfb, 0xfe,  // Line 71
        0xff, 0xff, 0xc0, 0x00, 0x00, 0x00, 0x00, 0x00, 0x00, 0xff, 0xfb, 0xff, 0x7d, 0xff, 0xfd, 0xff,  // Line 72
        0xff, 0xff, 0xc0, 0x00, 0x00, 0x00, 0x00, 0x00, 0x00, 0xff, 0xfb, 0xff, 0x7d, 0xff, 0xbd, 0xff,  // Line 73
        0xff, 0xff, 0xe0, 0x00, 0x00, 0x00, 0x00, 0x00, 0x00, 0xff, 0xfd, 0xff, 0x39, 0xff, 0xbf, 0xff,  // Line 74
        0xff, 0xff, 0xe0, 0x00, 0x00, 0x00, 0x00, 0x00, 0x00, 0xff, 0xfe, 0xff, 0xb9, 0xff, 0xbe, 0xff,  // Line 75
        0xff, 0xff, 0xe0, 0x00, 0x00, 0x00, 0x00, 0x00, 0x00, 0xff, 0xff, 0x7f, 0xbb, 0xff, 0xbe, 0xff,  // Line 76
        0xff, 0xff, 0xf0, 0x00, 0x00, 0x00, 0x00, 0x00, 0x00, 0x7f, 0xff, 0x3f, 0x87, 0xff, 0xfe, 0x7d,  // Line 77
        0xff, 0xff, 0xf0, 0x00, 0x00, 0x00, 0x00, 0x00, 0x00, 0x7f, 0xff, 0xbf, 0x87, 0xff, 0xbf, 0x70,  // Line 78
        0xff, 0xff, 0xf8, 0x00, 0x00, 0x00, 0x00, 0x00, 0x00, 0x3f, 0xff, 0xdf, 0x4f, 0xff, 0xbf, 0x00,  // Line 79
        0xff, 0xff, 0xf8, 0x00, 0x00, 0x00, 0x00, 0x0c, 0x00, 0x3f, 0xff, 0xec, 0x9f, 0xff, 0xbf, 0x00,  // Line 80
        0xff, 0xff, 0xfe, 0x00, 0x00, 0x00, 0x00, 0x7f, 0x00, 0x1f, 0xff, 0xf7, 0x7f, 0xff, 0xbe, 0x00,  // Line 81
        0xff, 0xff, 0xfe, 0x00, 0x00, 0x00, 0x03, 0xff, 0x80, 0x0f, 0xff, 0xf0, 0xff, 0x7f, 0x80, 0x00,  // Line 82
        0xff, 0xff, 0xff, 0x00, 0x00, 0x00, 0x0f, 0xff, 0xc0, 0x0f, 0xff, 0xff, 0xff, 0x7e, 0x00, 0x00,  // Line 83
        0xff, 0xff, 0xff, 0xc0, 0x00, 0x00, 0x3f, 0xff, 0xc0, 0x07, 0xff, 0xff, 0xff, 0x78, 0x00, 0x00,  // Line 84
        0xff, 0xff, 0xff, 0xc0, 0x00, 0x00, 0x7f, 0xff, 0xe0, 0x03, 0xff, 0xff, 0xfe, 0x60, 0x00, 0x00,  // Line 85
        0xff, 0xff, 0xff, 0xc0, 0x00, 0x00, 0xff, 0xff, 0xe0, 0x01, 0xff, 0xff, 0xfe, 0x00, 0x00, 0x00,  // Line 86
        0xff, 0xff, 0xff, 0xc0, 0x00, 0x03, 0xff, 0xff, 0xf0, 0x00, 0x3f, 0xff, 0xfc, 0x00, 0x00, 0x00,  // Line 87
        0xff, 0xff, 0xff, 0xe0, 0x00, 0x07, 0xff, 0xff, 0xf0, 0x00, 0x07, 0xff, 0xfc, 0x00, 0x00, 0x00,  // Line 88
        0xff, 0xff, 0xff, 0xe0, 0x00, 0x0f, 0xff, 0xff, 0xf8, 0x00, 0x00, 0x03, 0x00, 0x00, 0x00, 0x00,  // Line 89
        0xff, 0xff, 0xff, 0xe0, 0x00, 0x1f, 0xff, 0xff, 0xf8, 0x00, 0x00, 0x00, 0x00, 0x00, 0x00, 0x00,  // Line 90
        0xff, 0xff, 0xff, 0xc0, 0x00, 0x3f, 0xff, 0xff, 0xf8, 0x00, 0x00, 0x00, 0x00, 0x00, 0x00, 0x00,  // Line 91
        0xff, 0xff, 0xff, 0xc0, 0x00, 0x7f, 0xff, 0xff, 0xf8, 0x00, 0x00, 0x00, 0x00, 0x00, 0x00, 0x00,  // Line 92
        0x7f, 0xff, 0xff, 0x80, 0x00, 0xff, 0xff, 0xff, 0xf8, 0x00, 0x00, 0x00, 0x00, 0x00, 0x00, 0x00,  // Line 93
        0x3f, 0xff, 0xff, 0x00, 0x01, 0xff, 0xff, 0xff, 0xf8, 0x00, 0x00, 0x00, 0x00, 0x00, 0x00, 0x00,  // Line 94
        0x3f, 0xff, 0xfe, 0x00, 0x03, 0xff, 0xff, 0xff, 0xf8, 0x00, 0x00, 0x00, 0x00, 0x00, 0x00, 0x00,  // Line 95
        0x0f, 0xff, 0xfe, 0x00, 0x07, 0xff, 0xff, 0xff, 0xf8, 0x00, 0x00, 0x00, 0x00, 0x00, 0x00, 0x00,  // Line 96
        0x07, 0xff, 0xfe, 0x00, 0x07, 0xff, 0xff, 0xff, 0xf0, 0x00, 0x00, 0x00, 0x00, 0x00, 0x00, 0x00,  // Line 97
        0x03, 0xff, 0xfe, 0x00, 0x0f, 0xff, 0xff, 0xff, 0xf0, 0x00, 0x00, 0x00, 0x00, 0x00, 0x00, 0x00,  // Line 98
        0x01, 0xff, 0xfe, 0x00, 0x1f, 0xff, 0xff, 0xff, 0xe0, 0x00, 0x00, 0x00, 0x00, 0x00, 0x00, 0x00,  // Line 99
        0x00, 0xff, 0xfe, 0x00, 0x1f, 0xff, 0xff, 0xff, 0xe0, 0x00, 0x00, 0x00, 0x00, 0x00, 0x00, 0x00,  // Line 100
        0x00, 0x7f, 0xff, 0x00, 0x1f, 0xff, 0xff, 0xff, 0xc0, 0x00, 0x00, 0x00, 0x00, 0x00, 0x00, 0x00,  // Line 101
        0x00, 0x7f, 0xfe, 0x00, 0x1f, 0xff, 0xff, 0xff, 0xc0, 0x00, 0x00, 0x00, 0x00, 0x00, 0x00, 0x00,  // Line 102
        0x00, 0x3f, 0xfe, 0x00, 0x3f, 0xff, 0xff, 0xff, 0x80, 0x00, 0x00, 0x00, 0x00, 0x00, 0x00, 0x00,  // Line 103
        0x00, 0x3f, 0xff, 0x00, 0x3f, 0xff, 0xff, 0xff, 0x80, 0x00, 0x00, 0x00, 0x00, 0x00, 0x00, 0x00,  // Line 104
        0x00, 0x1f, 0xff, 0x00, 0x7f, 0xff, 0xff, 0xff, 0x00, 0x00, 0x00, 0x00, 0x00, 0x00, 0x00, 0x00,  // Line 105
        0x00, 0x1f, 0xff, 0x00, 0x7f, 0xff, 0xff, 0xff, 0x00, 0x00, 0x00, 0x00, 0x00, 0x00, 0x00, 0x00,  // Line 106
        0x80, 0x1f, 0xff, 0x00, 0x7f, 0xff, 0xff, 0xfe, 0x00, 0x00, 0x00, 0x00, 0x00, 0x00, 0x00, 0x00,  // Line 107
        0x80, 0x1f, 0xff, 0x00, 0xff, 0xff, 0xff, 0xfc, 0x00, 0x00, 0x00, 0x00, 0x00, 0x00, 0x00, 0x00,  // Line 108
        0xc0, 0x1f, 0xff, 0x00, 0xff, 0xff, 0xff, 0xfc, 0x00, 0x00, 0x00, 0x00, 0x00, 0x00, 0x00, 0x00,  // Line 109
        0xc0, 0x1f, 0xff, 0x00, 0xff, 0xff, 0xff, 0xf8, 0x00, 0x00, 0x00, 0x00, 0x00, 0x00, 0x00, 0x00,  // Line 110
        0xc0, 0x0f, 0xff, 0x01, 0xff, 0xff, 0xff, 0xf8, 0x00, 0x00, 0x00, 0x00, 0x00, 0x00, 0x00, 0x00,  // Line 111
        0xe0, 0x0f, 0xff, 0x81, 0xff, 0xff, 0xff, 0xf0, 0x00, 0x00, 0x00, 0x00, 0x00, 0x00, 0x00, 0x00,  // Line 112
        0xe0, 0x0f, 0xff, 0x83, 0xff, 0xff, 0xff, 0xf0, 0x00, 0x00, 0x00, 0x00, 0x00, 0x00, 0x00, 0x00,  // Line 113
        0xf8, 0x0f, 0xff, 0xc3, 0xff, 0xff, 0xff, 0xe0, 0x00, 0x00, 0x00, 0x00, 0x00, 0x00, 0x00, 0x00,  // Line 114
        0xf8, 0x0f, 0xff, 0xe7, 0xff, 0xff, 0xff, 0xe0, 0x00, 0x00, 0x00, 0x00, 0x00, 0x00, 0x00, 0x00,  // Line 115
        0xfc, 0x0f, 0xff, 0xff, 0xff, 0xff, 0xff, 0xc0, 0x00, 0x00, 0x00, 0x00, 0x00, 0x00, 0x00, 0x00,  // Line 116
        0xfe, 0x0f, 0xff, 0xff, 0xff, 0xff, 0xff, 0x80, 0x00, 0x00, 0x00, 0x00, 0x00, 0x00, 0x00, 0x00,  // Line 117
        0xff, 0x0f, 0xff, 0xff, 0xff, 0xff, 0xff, 0x00, 0x00, 0x00, 0x00, 0x00, 0x00, 0x00, 0x00, 0x00,  // Line 118
        0xff, 0xff, 0xff, 0xff, 0xff, 0xff, 0xff, 0x00, 0x00, 0x00, 0x00, 0x00, 0x00, 0x00, 0x00, 0x00,  // Line 119
        0xff, 0xff, 0xff, 0xff, 0xff, 0xff, 0xfe, 0x00, 0x00, 0x00, 0x00, 0x00, 0x00, 0x00, 0x00, 0x00,  // Line 120
        0xff, 0xff, 0xff, 0xff, 0xff, 0xff, 0xfe, 0x00, 0x00, 0x00, 0x00, 0x00, 0x00, 0x00, 0x00, 0x00,  // Line 121
        0xff, 0xff, 0xff, 0xff, 0xff, 0xff, 0xfc, 0x00, 0x00, 0x00, 0x00, 0x00, 0x00, 0x00, 0x00, 0x00,  // Line 122
        0xff, 0xff, 0xff, 0xf8, 0xff, 0xff, 0xfc, 0x00, 0x00, 0x00, 0x00, 0x00, 0x00, 0x00, 0x00, 0x00,  // Line 123
        0xff, 0xff, 0xff, 0xf8, 0x7f, 0xff, 0xf8, 0x00, 0x00, 0x00, 0x00, 0x00, 0x00, 0x00, 0x00, 0x00,  // Line 124
        0xff, 0xff, 0xff, 0xf0, 0x7f, 0xff, 0xf8, 0x00, 0x00, 0x00, 0x00, 0x00, 0x00, 0x00, 0x00, 0x00,  // Line 125
        0xff, 0xff, 0xff, 0xf0, 0x7f, 0xff, 0xf8, 0x00, 0x00, 0x00, 0x00, 0x00, 0x00, 0x00, 0x00, 0x00,  // Line 126
        0xff, 0xff, 0xff, 0xf0, 0x3f, 0xff, 0xf8, 0x00, 0x00, 0x00, 0x00, 0x00, 0x00, 0x00, 0x00, 0x00,  // Line 127
    },
};

#endif /* IMAGE_DATA_H */
